timestamp,equity,available_capital,margin_used,unrealized_pnl,margin_usage_rate,position,leverage_ratio
2022-03-04 05:00:00,999606.760206509,934133.4324761742,65538.8731580356,-65.54542770075751,0.0655388731580356,-5999,0.6557121291102975
2022-03-07 05:00:00,1015794.9016131306,937602.5655962423,62742.08177139497,15450.254245493363,0.06274208177139497,-5743,0.602454848411444
2022-03-08 05:00:00,912076.8158360743,932660.4062646496,50757.39368098573,-71340.98410956112,0.05075739368098573,-4646,0.6347216713196946
2022-03-09 05:00:00,1044569.0028220126,926645.3064736371,56742.56760239119,61181.12874598429,0.056742567602391186,-5269,0.48464442838171023
2022-03-10 05:00:00,1100062.4469327794,922630.8660455985,60737.03568999174,116694.54519718899,0.06073703568999174,-5736,0.4460435978619599
2022-03-11 05:00:00,1052866.3400371065,935725.0715260196,54616.74164731126,62524.52686377564,0.054616741647311264,-5158,0.45935829764706093
2022-03-14 04:00:00,1047724.7025134872,935534.6185658408,54806.24708032499,57383.83686732143,0.05480624708032499,-5178,0.46832782768106196
2022-03-15 04:00:00,1073571.7299269044,933198.2413302708,57131.00054855379,83242.4880480798,0.057131000548553794,-5437,0.45462031444390655
2022-03-16 04:00:00,1039480.9300785769,940099.1760103751,53411.23336183537,45970.52070636635,0.05341123336183538,-5083,0.46960150858668226
2022-03-17 04:00:00,980021.421112569,944223.3437128271,47852.59821558101,-12054.520815839109,0.047852598215581015,-4554,0.5005814081234242
2022-03-18 04:00:00,973852.0608490176,944442.3418573444,47495.33244058546,-18085.61344891233,0.04749533244058546,-4520,0.5062770390657989
2022-03-21 04:00:00,985540.1950075981,943415.0080128073,48517.555171468026,-6392.368176677225,0.048517555171468024,-4616,0.4987801840873346
2022-03-22 04:00:00,983845.705101051,983845.705101051,0.0,0.0,0.0,0,0.0
2022-03-23 04:00:00,983845.705101051,983845.705101051,0.0,0.0,0.0,0,0.0
2022-03-24 04:00:00,983845.705101051,983845.705101051,0.0,0.0,0.0,0,0.0
2022-03-25 04:00:00,983845.705101051,983845.705101051,0.0,0.0,0.0,0,0.0
2022-03-28 04:00:00,983845.705101051,983845.705101051,0.0,0.0,0.0,0,0.0
2022-03-29 04:00:00,983845.705101051,983845.705101051,0.0,0.0,0.0,0,0.0
2022-03-30 04:00:00,983845.705101051,983845.705101051,0.0,0.0,0.0,0,0.0
2022-03-31 04:00:00,983845.705101051,983845.705101051,0.0,0.0,0.0,0,0.0
2022-04-01 04:00:00,983845.705101051,983845.705101051,0.0,0.0,0.0,0,0.0
2022-04-04 04:00:00,983845.705101051,983845.705101051,0.0,0.0,0.0,0,0.0
2022-04-05 04:00:00,983845.705101051,983845.705101051,0.0,0.0,0.0,0,0.0
2022-04-06 04:00:00,983845.705101051,983845.705101051,0.0,0.0,0.0,0,0.0
2022-04-07 04:00:00,983845.705101051,983845.705101051,0.0,0.0,0.0,0,0.0
2022-04-08 04:00:00,983845.705101051,983845.705101051,0.0,0.0,0.0,0,0.0
2022-04-11 04:00:00,983845.705101051,983845.705101051,0.0,0.0,0.0,0,0.0
2022-04-12 04:00:00,983845.705101051,983845.705101051,0.0,0.0,0.0,0,0.0
2022-04-13 04:00:00,983845.705101051,983845.705101051,0.0,0.0,0.0,0,0.0
2022-04-14 04:00:00,983845.705101051,983845.705101051,0.0,0.0,0.0,0,0.0
2022-04-18 04:00:00,983845.705101051,983845.705101051,0.0,0.0,0.0,0,0.0
2022-04-19 04:00:00,983845.705101051,983845.705101051,0.0,0.0,0.0,0,0.0
2022-04-20 04:00:00,983845.705101051,983845.705101051,0.0,0.0,0.0,0,0.0
2022-04-21 04:00:00,983845.705101051,983845.705101051,0.0,0.0,0.0,0,0.0
2022-04-22 04:00:00,983845.705101051,983845.705101051,0.0,0.0,0.0,0,0.0
2022-04-25 04:00:00,983845.705101051,983845.705101051,0.0,0.0,0.0,0,0.0
2022-04-26 04:00:00,983446.6874350826,917011.3600684893,66501.83585329515,-66.50848670190726,0.06650183585329515,-4080,0.6762795335192541
2022-04-27 04:00:00,911748.67919084,916003.451235561,54586.92359624644,-58841.69564096742,0.05458692359624644,-3349,0.6632430026003453
2022-04-28 04:00:00,867084.0695930253,912221.80476071,50397.95991627172,-95535.69508395648,0.05039795991627172,-3092,0.6914154178014852
2022-04-29 04:00:00,914915.0419644952,909460.7086081184,53145.31927208434,-47690.98591570758,0.053145319272084345,-3246,0.6330032320738974
2022-05-02 04:00:00,987830.053017269,903709.5163575864,58867.898625847505,25252.63803383511,0.05886789862584751,-3613,0.5703676928067608
2022-05-03 04:00:00,979153.7615185563,904832.0540815821,57988.05735106318,16333.65008591099,0.05798805735106318,-3559,0.575544869021106
2022-05-04 04:00:00,974550.9377631911,905026.9934575405,57825.12378165867,11698.820523991799,0.057825123781658674,-3549,0.58134715727939
2022-05-05 04:00:00,1000630.9200435653,903083.4933138617,59758.95477039387,37788.47195930982,0.05975895477039388,-3676,0.559448108719503
2022-05-06 04:00:00,999743.5284819127,902976.2015723686,59865.71272212827,36901.61418741579,0.05986571272212827,-3683,0.5618996242835196
2022-05-09 04:00:00,980621.6328743226,905537.0563846086,57882.65082907922,17201.925660634708,0.057882650829079216,-3561,0.5727230195646069
2022-05-10 04:00:00,960516.5648125076,907163.5458128745,56159.66262692185,-2806.643627288791,0.05615966262692185,-3455,0.5876038900033739
2022-05-11 04:00:00,977631.196176249,905762.7751203758,57553.46431100006,14314.95674487309,0.057553464311000065,-3543,0.5740607384054365
2022-05-12 04:00:00,955704.7480728297,906798.7201657246,56351.388003064974,-7445.360095959994,0.056351388003064974,-3469,0.5974222073061206
2022-05-13 04:00:00,951934.0375879466,906966.5762251904,56140.212435454756,-11172.751072698462,0.05614021243545476,-3456,0.601485872779654
2022-05-16 04:00:00,973477.5666544302,905043.9387613751,58053.28453875351,10380.343354301509,0.05805328453875351,-3576,0.585686328646163
2022-05-17 04:00:00,994798.906308359,903316.6150105636,59772.0146390635,31710.276658731877,0.059772014639063495,-3688,0.5689691314924469
2022-05-18 04:00:00,1051890.6693256048,996825.8117174254,55119.972068802075,-55.11446062272415,0.05511997206880208,3999,0.5239561698752889
2022-05-19 04:00:00,1078572.0815349892,994022.7990235607,57909.03942588133,26640.243085547092,0.05790903942588133,4192,0.5616042244319025
2022-05-20 04:00:00,1058286.5275524051,992282.1798147395,59640.99883764368,6363.34890002194,0.059640998837643684,4316,0.5695748000029321
2022-05-23 04:00:00,1087475.5305726049,995775.617755701,57443.84433922261,34256.06847768129,0.05744384433922261,4157,0.5597316856862079
2022-05-24 04:00:00,1100871.8871379455,995339.4203212756,57877.871637158234,47654.5951795117,0.05787787163715823,4186,0.569033798455604
2022-05-25 04:00:00,1115987.4108717523,994630.8210827382,58582.94550634964,62773.644282664354,0.05858294550634964,4232,0.5811921290756366
2022-05-26 04:00:00,1102538.2905856702,991824.9529861226,61374.85406019602,49338.48353935141,0.06137485406019602,4418,0.6014185899966148
2022-05-27 04:00:00,1147358.450657926,1002324.3004922463,57221.146191477455,87813.00397420244,0.05722114619147745,4119,0.5752556801324828
2022-05-31 04:00:00,1189873.7403924325,1003505.5085191843,56859.954202893234,129508.27767035503,0.056859954202893234,4093,0.5867074766008739
2022-06-01 04:00:00,1188609.98928344,1003265.9386039579,57098.33222799421,128245.71845148793,0.05709833222799421,4107,0.5882745787396285
2022-06-02 04:00:00,1221136.8497793404,1014490.7652709951,54150.96275335706,152495.12175498833,0.05415096275335706,3895,0.5683267599482938
2022-06-03 04:00:00,1228737.5132832548,1157758.796981907,71049.7731802162,-71.0568788681428,0.0710497731802162,-3940,0.5782917677693026
2022-06-06 04:00:00,1230690.5861607895,1147512.1269122472,81245.46479181803,1932.9944567242096,0.08124546479181803,-4507,0.6585909265706871
2022-06-07 04:00:00,1263823.5713433383,1145449.53476592,83297.795285676,35076.241291742575,0.08329779528567599,-4626,0.6313394762189117
2022-06-08 04:00:00,1277562.5572026805,1144018.672761856,84721.53857330162,48822.34586752264,0.08472153857330161,-4710,0.6249345954640652
2022-06-09 04:00:00,1229883.5556024804,1149530.0432479426,79253.31187982313,1100.2004747146473,0.07925331187982312,-4406,0.643502317531044
2022-06-10 04:00:00,1264097.4075821782,1146093.348284282,82672.90885858974,35331.150439306366,0.08267290885858974,-4605,0.626057717862334
2022-06-13 04:00:00,1336728.8918787672,1141513.541824473,87229.93021163344,107985.41984266072,0.08722993021163344,-4897,0.5717792791920835
2022-06-14 04:00:00,1301646.3302473694,1149469.6770219638,82883.57469363496,69293.07853177075,0.08288357469363496,-4653,0.5835246109134984
2022-06-15 04:00:00,1260120.5238503385,1154703.430525493,78946.91662200518,26470.17670284026,0.07894691662200519,-4432,0.60549683548193
2022-06-16 04:00:00,1262953.5187889056,1150411.8622612623,83217.13380034443,29324.52272729868,0.08321713380034443,-4681,0.6356899152124192
2022-06-17 04:00:00,1259714.348352527,1150621.0862566852,83057.135038498,26036.127057343678,0.083057135038498,-4672,0.6386648087162139
2022-06-21 04:00:00,1270743.8808757814,1149033.827967435,84636.4965203391,37073.55638800754,0.08463649652033911,-4765,0.6368642973575682
2022-06-22 04:00:00,1181821.9816533553,1153225.4787566485,73659.5070450884,-45063.00414838162,0.07365950704508839,-4147,0.661400859633475
2022-06-23 04:00:00,1193407.0919453613,1151993.9054707515,74884.95310070731,-33471.76662609753,0.07488495310070731,-4213,0.6555359884429015
2022-06-24 04:00:00,1188668.321117041,1188668.321117041,0.0,0.0,0.0,0,0.0
2022-06-27 04:00:00,1188668.321117041,1188668.321117041,0.0,0.0,0.0,0,0.0
2022-06-28 04:00:00,1188668.321117041,1188668.321117041,0.0,0.0,0.0,0,0.0
2022-06-29 04:00:00,1188668.321117041,1188668.321117041,0.0,0.0,0.0,0,0.0
2022-06-30 04:00:00,1188194.5081854272,1109303.3324541913,78970.1379729847,-78.96224174884196,0.0789701379729847,5160,0.664556528454238
2022-07-01 04:00:00,1172136.0158339331,1111733.510161102,75893.97562171145,-15491.469948880322,0.07589397562171145,4959,0.6342679315585207
2022-07-05 04:00:00,1085237.8417418243,1105478.8197532024,82117.54816688523,-102358.5261782633,0.08211754816688523,5429,0.6623589114224734
2022-07-06 04:00:00,1015315.6419584553,1100216.7203580537,87353.46796305309,-172254.54636265154,0.08735346796305309,5867,0.6907015949396498
2022-07-07 04:00:00,1096784.9279748187,1099653.6447670031,74519.19331090518,-77387.91010308958,0.07451919331090517,5005,0.6088741794063882
2022-07-08 04:00:00,1076857.5962509038,1097728.0398587345,76435.21809525219,-97305.66170308286,0.0764352180952522,5153,0.6194380032901026
2022-07-11 04:00:00,1114795.6546121377,1098640.191517175,72252.27000620481,-56096.806911241925,0.07225227000620481,4871,0.5978009426155064
2022-07-12 04:00:00,1132908.0386910904,1099523.217222644,70368.4600512083,-36983.63858276194,0.0703684600512083,4744,0.5884863900335606
2022-07-13 04:00:00,1114686.9130823615,1096459.290329755,73417.1435267197,-55189.52077411319,0.0734171435267197,4967,0.6091234287622032
2022-07-14 04:00:00,1099414.6949331628,1094672.9997395368,75194.54709907617,-70452.85190545012,0.07519454709907616,5100,0.6198685739112685
2022-07-15 04:00:00,1093648.3526527747,1093421.177170073,76440.14169555774,-76212.96621285619,0.07644014169555774,5194,0.6292593492903257
2022-07-18 04:00:00,1028356.3565939509,1088153.4076404038,81681.70341662141,-141478.7544630742,0.08168170341662141,5631,0.6567162009285846
2022-07-19 04:00:00,1014628.9716830406,1087019.6968355146,82809.77386924745,-155200.49902172145,0.08280977386924745,5727,0.6631953733339279
2022-07-20 04:00:00,1027440.0168225722,1085647.6699019056,80915.57439712044,-139123.2274764538,0.08091557439712044,5596,0.6521378431091986
2022-07-21 04:00:00,1064175.2718372927,1085111.8606355507,78934.61769726241,-99871.20649552032,0.07893461769726241,5459,0.6478960644206001
2022-07-22 04:00:00,1093903.5865275434,1085543.3435130846,74871.48753186018,-66511.2445174014,0.07487148753186018,5178,0.623641460914091
2022-07-25 04:00:00,1145306.9154596955,1090805.4831411727,68234.55961043804,-13733.127291915189,0.06823455961043803,4719,0.583784538264228
2022-07-26 04:00:00,1172281.9679656355,1092935.7428738656,66441.5769039972,12904.648187772596,0.0664415769039972,4595,0.5777794385109916
2022-07-27 04:00:00,1195067.9582220304,1096433.633212287,64156.96990708064,34477.35510266262,0.06415696990708064,4437,0.5656975819009177
2022-07-28 04:00:00,1213807.7191334704,1098542.5312930574,63000.20687066719,52264.98096974583,0.0630002068706672,4357,0.5620882442265933
2022-07-29 04:00:00,1182359.213628744,1095104.3321516511,66421.3005437083,20833.580933384612,0.0664213005437083,4586,0.5793895615428172
2022-08-01 04:00:00,1023049.3827130126,1086726.7344059965,74757.21869858865,-138434.5703915725,0.07475721869858865,5313,0.5954136983876083
2022-08-02 04:00:00,1027451.9830060746,1086239.2462605925,75242.28152983655,-134029.54478435448,0.07524228152983654,5355,0.601870725583441
2022-08-03 04:00:00,1030589.3227536993,1085422.6375975865,76054.82746317581,-130888.14230706304,0.07605482746317581,5425,0.6109709448980757
2022-08-04 04:00:00,993288.1532357006,1080154.476996274,81296.778310253,-168163.10207082643,0.08129677831025299,5905,0.6491617552582409
2022-08-05 04:00:00,985678.2923790531,1079633.8757786837,81814.7894720343,-175770.37287166488,0.0818147894720343,5953,0.651711138223632
2022-08-08 04:00:00,960507.6359901952,1076622.1540037126,84811.52755658272,-200926.04557010013,0.08481152755658272,6242,0.6737991513503533
2022-08-09 04:00:00,1044666.9081114533,1071712.4474204308,71930.82776106198,-98976.36707003953,0.07193082776106198,5294,0.5938083284958413
2022-08-10 04:00:00,1087894.9356261394,1072958.2271235348,66264.95031936141,-51328.24181675673,0.0662649503193614,4877,0.5619304230192146
2022-08-11 04:00:00,1068210.1866795642,1070958.5295800015,68254.69911889696,-71003.04201933416,0.06825469911889695,5041,0.5724940248609363
2022-08-12 04:00:00,1098574.6157121912,1072423.556590699,64585.38282030122,-38434.32369880882,0.06458538282030123,4770,0.5529160202836307
2022-08-15 04:00:00,1083598.7793697708,1069739.5203324195,67256.06566436026,-53396.80662700903,0.06725606566436025,4985,0.5713958540786696
2022-08-16 04:00:00,1113647.5927096747,1071957.926873021,63829.17686220429,-22139.51102555048,0.06382917686220428,4731,0.5532739994501314
2022-08-17 04:00:00,1131906.2683587607,1073595.036003597,62075.25739653391,-3764.0250413701915,0.06207525739653391,4601,0.5450880220131559
2022-08-18 04:00:00,1140557.797275627,1074116.0645564997,61589.55662142519,4852.176097702241,0.061589556621425186,4565,0.544249264521879
2022-08-19 04:00:00,1143302.0111082841,1074176.3600308683,61535.58986863533,7590.061208780293,0.06153558986863533,4561,0.5448656206694398
2022-08-22 04:00:00,1116784.730207624,1071034.9871395319,64661.334039119305,-18911.59097102732,0.0646613340391193,4800,0.5620615436812685
2022-08-23 04:00:00,1096327.7148306663,1069025.9050868994,66660.42065865405,-39358.61091488711,0.06666042065865406,4958,0.572133302101676
2022-08-24 04:00:00,1059439.6547298064,1059439.6547298064,0.0,0.0,0.0,0,0.0
2022-08-25 04:00:00,1059439.6547298064,1059439.6547298064,0.0,0.0,0.0,0,0.0
2022-08-26 04:00:00,1059439.6547298064,1059439.6547298064,0.0,0.0,0.0,0,0.0
2022-08-29 04:00:00,1059439.6547298064,1059439.6547298064,0.0,0.0,0.0,0,0.0
2022-08-30 04:00:00,1059439.6547298064,1059439.6547298064,0.0,0.0,0.0,0,0.0
2022-08-31 04:00:00,1059439.6547298064,1059439.6547298064,0.0,0.0,0.0,0,0.0
2022-09-01 04:00:00,1059051.2853074525,994386.6923779469,64729.31577299442,-64.72284348863722,0.06472931577299443,7183,0.6111398417297224
2022-09-02 04:00:00,1105703.6943251726,1009633.1671220005,55835.004946327914,40235.522256844146,0.05583500494632791,6196,0.5413616457937667
2022-09-06 04:00:00,1079577.9497844256,1006132.1010901035,59318.65273926021,14127.195955061827,0.05931865273926021,6573,0.5625473579456998
2022-09-07 04:00:00,1120603.2269797083,1010159.2185771228,57224.9470591281,53219.06134345722,0.057224947059128096,6341,0.5581534274361536
2022-09-08 04:00:00,1098375.267811639,1006697.7074857785,60669.23670225678,31008.323623603766,0.060669236702256775,6703,0.5805854422748449
2022-09-09 04:00:00,1092870.886105549,1006280.6013172179,61084.267715749855,25506.01707258112,0.06108426771574985,6747,0.582272528548831
2022-09-12 04:00:00,1086369.50073821,1004929.45584255,62428.691073628346,19011.35382203179,0.06242869107362835,6891,0.5921542017897051
2022-09-13 04:00:00,1098797.4889577136,1007072.8916149607,60997.297489296136,30727.299853456643,0.06099729748929614,6733,0.5830922268981221
2022-09-14 04:00:00,1054153.023162059,1002267.7912839229,65778.49184853781,-13893.259970401683,0.06577849184853782,7273,0.6108142218134004
2022-09-15 04:00:00,1016292.737455992,998599.3564105283,69428.67580216426,-51735.29475670052,0.06942867580216426,7711,0.6322503739162716
2022-09-16 04:00:00,997038.9416717798,996641.3258090302,71376.96495788376,-70979.34909513402,0.07137696495788376,7952,0.6446992926935314
2022-09-19 04:00:00,1060713.9141736657,1004740.336311997,62302.252738011965,-6328.674876343167,0.062302252738011966,6941,0.5813950814289103
2022-09-20 04:00:00,1095740.6781211277,1009989.4436179455,58693.910193611904,27057.32430957027,0.058693910193611906,6539,0.5603483000179498
2022-09-21 04:00:00,1136045.8216033573,1018754.5731766454,54600.86491936706,62690.383507344784,0.05460086491936706,6083,0.5358050011063186
2022-09-22 04:00:00,1160769.2432360447,1022992.5436067417,52967.23720026056,84809.46242904251,0.052967237200260565,5901,0.5293746694378016
2022-09-23 04:00:00,1135839.5321172085,1019989.9920380617,55954.85070143472,59894.68937771212,0.055954850701434716,6200,0.5453615399680757
2022-09-26 04:00:00,1146093.1485767998,1022078.759645098,55025.27818171734,68989.11074998438,0.05502527818171734,6097,0.5403067746597408
2022-09-27 04:00:00,1202587.569658832,1036289.8653954548,50684.26476439636,115613.4394989808,0.05068426476439636,5616,0.5175973067138321
2022-09-28 04:00:00,1225784.8425610957,1040734.9164291758,49492.967943010975,135556.95818890887,0.049492967943010974,5484,0.5143534295151752
2022-09-29 04:00:00,1200503.6228904496,1037795.4174273288,52417.84257171447,110290.36289140636,0.052417842571714474,5749,0.5285021856751603
2022-09-30 04:00:00,1202574.4828193516,1033366.0291297361,56825.19411160764,112383.25957800775,0.05682519411160764,6147,0.5659817420193239
2022-10-03 04:00:00,1146688.4552231915,1146688.4552231915,0.0,0.0,0.0,0,0.0
2022-10-04 04:00:00,1146688.4552231915,1146688.4552231915,0.0,0.0,0.0,0,0.0
2022-10-05 04:00:00,1146688.4552231915,1146688.4552231915,0.0,0.0,0.0,0,0.0
2022-10-06 04:00:00,1146688.4552231915,1146688.4552231915,0.0,0.0,0.0,0,0.0
2022-10-07 04:00:00,1146688.4552231915,1146688.4552231915,0.0,0.0,0.0,0,0.0
2022-10-10 04:00:00,1146688.4552231915,1146688.4552231915,0.0,0.0,0.0,0,0.0
2022-10-11 04:00:00,1146688.4552231915,1146688.4552231915,0.0,0.0,0.0,0,0.0
2022-10-12 04:00:00,1146688.4552231915,1146688.4552231915,0.0,0.0,0.0,0,0.0
2022-10-13 04:00:00,1146688.4552231915,1146688.4552231915,0.0,0.0,0.0,0,0.0
2022-10-14 04:00:00,1146688.4552231915,1146688.4552231915,0.0,0.0,0.0,0,0.0
2022-10-17 04:00:00,1146688.4552231915,1146688.4552231915,0.0,0.0,0.0,0,0.0
2022-10-18 04:00:00,1146688.4552231915,1146688.4552231915,0.0,0.0,0.0,0,0.0
2022-10-19 04:00:00,1146688.4552231915,1146688.4552231915,0.0,0.0,0.0,0,0.0
2022-10-20 04:00:00,1146688.4552231915,1146688.4552231915,0.0,0.0,0.0,0,0.0
2022-10-21 04:00:00,1146688.4552231915,1146688.4552231915,0.0,0.0,0.0,0,0.0
2022-10-24 04:00:00,1146688.4552231915,1146688.4552231915,0.0,0.0,0.0,0,0.0
2022-10-25 04:00:00,1146253.6027158217,1073851.8743031488,72474.20987068929,-72.48145801650492,0.07247420987068928,-4658,0.6323335241412583
2022-10-26 04:00:00,1159007.7376085955,1078000.1976154097,68926.7388851768,12080.801108008849,0.06892673888517681,-4430,0.5842813346017967
2022-10-27 04:00:00,1092984.551876609,1079339.658115363,62594.19199437162,-48949.298233125555,0.06259419199437162,-4023,0.6174755324931918
2022-10-28 04:00:00,1077738.1126918518,1079300.2361592802,61365.024416058084,-62927.14788348657,0.06136502441605808,-3944,0.6277753232222523
2022-10-31 04:00:00,1152713.1979770537,1073031.3338008805,67602.73820551048,12079.1259706627,0.06760273820551048,-4353,0.5759873811192877
2022-11-01 04:00:00,1359911.4257198044,1063226.5091400535,77358.7826441443,219326.13393560663,0.07735878264414431,-5283,0.40757190653976927
2022-11-02 04:00:00,1327653.870437588,1081073.0774137448,72131.24423718623,174449.54878665725,0.07213124423718623,-4926,0.4119017055288377
2022-11-03 04:00:00,1263062.5408978055,1099917.6953348643,64648.68926252074,98496.15630042038,0.06464868926252074,-4415,0.4338587509176437
2022-11-04 04:00:00,1297498.9254709047,1095815.042786747,68730.93060393103,132952.95208022682,0.06873093060393103,-4766,0.42724995225555934
2022-11-07 05:00:00,1345218.9637352983,1091339.3937244006,73184.31275551941,180695.2572553781,0.07318431275551941,-5185,0.4097086683713052
2022-11-08 05:00:00,1309805.382777788,1105559.3164134126,68413.57067039587,135832.49569397955,0.06841357067039587,-4847,0.4186142599652153
2022-11-09 05:00:00,1325791.3909526807,1103076.237424532,70884.2960324662,151830.8574956826,0.0708842960324662,-5072,0.42013555573680744
2022-11-10 05:00:00,1344784.1772894196,1101061.6164609392,72888.89400619025,170833.66682229,0.07288889400619025,-5261,0.4149775723599326
2022-11-11 05:00:00,1367743.1260008162,1367743.1260008162,0.0,0.0,0.0,0,0.0
2022-11-14 05:00:00,1367743.1260008162,1367743.1260008162,0.0,0.0,0.0,0,0.0
2022-11-15 05:00:00,1367743.1260008162,1367743.1260008162,0.0,0.0,0.0,0,0.0
2022-11-16 05:00:00,1367743.1260008162,1367743.1260008162,0.0,0.0,0.0,0,0.0
2022-11-17 05:00:00,1367743.1260008162,1367743.1260008162,0.0,0.0,0.0,0,0.0
2022-11-18 05:00:00,1367743.1260008162,1367743.1260008162,0.0,0.0,0.0,0,0.0
2022-11-21 05:00:00,1367743.1260008162,1367743.1260008162,0.0,0.0,0.0,0,0.0
2022-11-22 05:00:00,1367743.1260008162,1367743.1260008162,0.0,0.0,0.0,0,0.0
2022-11-23 05:00:00,1367743.1260008162,1367743.1260008162,0.0,0.0,0.0,0,0.0
2022-11-25 05:00:00,1367311.4517832818,1295436.4895736563,71946.90191757203,-71.93970794681093,0.07194690191757203,7000,0.5261398772968059
2022-11-28 05:00:00,1341588.5230819623,1296129.1565978918,70857.42025996308,-25398.053775892673,0.07085742025996308,6894,0.5092292734096389
2022-11-29 05:00:00,1345908.480409054,1295698.1553439128,71286.27722909654,-21075.9521639551,0.07128627722909654,6937,0.5139924669445278
2022-11-30 05:00:00,1366789.8387894174,1282407.3266745186,84510.98237277221,-128.47025787341727,0.08451098237277221,8224,0.6182233211641806
2022-12-01 05:00:00,1262656.880513672,1275398.8889381269,91484.55225972929,-104226.5606841841,0.09148455225972929,8998,0.6419946498714157
2022-12-02 05:00:00,1214034.052927718,1267056.8785268478,99785.06013164873,-152807.88573077868,0.09978506013164873,9978,0.6960617896572472
2022-12-05 05:00:00,1168814.6637953892,1262851.1213776062,103969.89311596876,-198006.35069818556,0.10396989311596877,10500,0.7201249321499336
2022-12-06 05:00:00,1169482.1167073022,1261730.3005485295,105085.13772201524,-197333.32156324247,0.10508513772201523,10639,0.7298256582665884
2022-12-07 05:00:00,1116357.674431966,1255045.5344847667,111736.64624317228,-250424.50629597288,0.11173664624317227,11523,0.776580818129704
2022-12-08 05:00:00,1156195.3976100616,1248776.8010800562,104687.046154759,-197268.4496247536,0.10468704615475899,10796,0.7348256304073034
2022-12-09 05:00:00,1137744.528884026,1247244.6676474188,106211.55703300513,-215711.69579639798,0.10621155703300512,10994,0.7439313950064531
2022-12-12 05:00:00,1170518.2234197918,1243774.435840844,101439.0893984495,-174695.3018195017,0.1014390893984495,10500,0.7173707981339534
2022-12-13 05:00:00,1225568.8755910066,1242280.2572393299,93333.62311223053,-110045.00476055378,0.09333362311223053,9661,0.6717625118904358
2022-12-14 05:00:00,1313384.16365618,1251667.359001576,80929.07160864871,-19212.266954044626,0.0809290716086487,8377,0.601559293156873
2022-12-15 05:00:00,1290487.5376488774,1248758.5433978706,83823.41549293265,-42094.421241925724,0.08382341549293265,8693,0.6169294243149976
2022-12-16 05:00:00,1253042.4202511404,1245135.5358029169,87428.39817447869,-79521.51372625517,0.08742839817447869,9106,0.6342662109230444
2022-12-19 05:00:00,1237702.925297563,1243698.8020465253,88857.98400173397,-94853.86075069645,0.08885798400173398,9273,0.6412895720318504
2022-12-20 05:00:00,1249968.9629441646,1243795.0355523834,87382.28794476567,-81208.36055298458,0.08738228794476567,9119,0.6341073597761627
2022-12-21 05:00:00,1245925.252143726,1242856.329082479,88316.32423322776,-85247.40117198056,0.08831632423322776,9227,0.6404203139694069
2022-12-22 05:00:00,1259495.924373869,1243182.1375487763,86536.02334373168,-70222.23651863882,0.08653602334373167,9041,0.6313144659947699
2022-12-23 05:00:00,1356337.3626992684,1356337.3626992684,0.0,0.0,0.0,0,0.0
2022-12-27 05:00:00,1356337.3626992684,1356337.3626992684,0.0,0.0,0.0,0,0.0
2022-12-28 05:00:00,1356337.3626992684,1356337.3626992684,0.0,0.0,0.0,0,0.0
2022-12-29 05:00:00,1356337.3626992684,1356337.3626992684,0.0,0.0,0.0,0,0.0
2022-12-30 05:00:00,1356337.3626992684,1356337.3626992684,0.0,0.0,0.0,0,0.0
2023-01-03 05:00:00,1356337.3626992684,1356337.3626992684,0.0,0.0,0.0,0,0.0
2023-01-04 05:00:00,1356337.3626992684,1356337.3626992684,0.0,0.0,0.0,0,0.0
2023-01-05 05:00:00,1356337.3626992684,1356337.3626992684,0.0,0.0,0.0,0,0.0
2023-01-06 05:00:00,1356337.3626992684,1356337.3626992684,0.0,0.0,0.0,0,0.0
2023-01-09 05:00:00,1356337.3626992684,1356337.3626992684,0.0,0.0,0.0,0,0.0
2023-01-10 05:00:00,1356337.3626992684,1356337.3626992684,0.0,0.0,0.0,0,0.0
2023-01-11 05:00:00,1356337.3626992684,1356337.3626992684,0.0,0.0,0.0,0,0.0
2023-01-12 05:00:00,1356337.3626992684,1356337.3626992684,0.0,0.0,0.0,0,0.0
2023-01-13 05:00:00,1356337.3626992684,1356337.3626992684,0.0,0.0,0.0,0,0.0
2023-01-17 05:00:00,1356337.3626992684,1356337.3626992684,0.0,0.0,0.0,0,0.0
2023-01-18 05:00:00,1356337.3626992684,1356337.3626992684,0.0,0.0,0.0,0,0.0
2023-01-19 05:00:00,1356337.3626992684,1356337.3626992684,0.0,0.0,0.0,0,0.0
2023-01-20 05:00:00,1356337.3626992684,1356337.3626992684,0.0,0.0,0.0,0,0.0
2023-01-23 05:00:00,1356337.3626992684,1356337.3626992684,0.0,0.0,0.0,0,0.0
2023-01-24 05:00:00,1356337.3626992684,1356337.3626992684,0.0,0.0,0.0,0,0.0
2023-01-25 05:00:00,1356337.3626992684,1356337.3626992684,0.0,0.0,0.0,0,0.0
2023-01-26 05:00:00,1356337.3626992684,1356337.3626992684,0.0,0.0,0.0,0,0.0
2023-01-27 05:00:00,1356337.3626992684,1356337.3626992684,0.0,0.0,0.0,0,0.0
2023-01-30 05:00:00,1356337.3626992684,1356337.3626992684,0.0,0.0,0.0,0,0.0
2023-01-31 05:00:00,1356337.3626992684,1356337.3626992684,0.0,0.0,0.0,0,0.0
2023-02-01 05:00:00,1356337.3626992684,1356337.3626992684,0.0,0.0,0.0,0,0.0
2023-02-02 05:00:00,1356337.3626992684,1356337.3626992684,0.0,0.0,0.0,0,0.0
2023-02-03 05:00:00,1356337.3626992684,1356337.3626992684,0.0,0.0,0.0,0,0.0
2023-02-06 05:00:00,1356337.3626992684,1356337.3626992684,0.0,0.0,0.0,0,0.0
2023-02-07 05:00:00,1356337.3626992684,1356337.3626992684,0.0,0.0,0.0,0,0.0
2023-02-08 05:00:00,1356337.3626992684,1356337.3626992684,0.0,0.0,0.0,0,0.0
2023-02-09 05:00:00,1356337.3626992684,1356337.3626992684,0.0,0.0,0.0,0,0.0
2023-02-10 05:00:00,1356337.3626992684,1356337.3626992684,0.0,0.0,0.0,0,0.0
2023-02-13 05:00:00,1356337.3626992684,1356337.3626992684,0.0,0.0,0.0,0,0.0
2023-02-14 05:00:00,1356337.3626992684,1356337.3626992684,0.0,0.0,0.0,0,0.0
2023-02-15 05:00:00,1356337.3626992684,1356337.3626992684,0.0,0.0,0.0,0,0.0
2023-02-16 05:00:00,1356337.3626992684,1356337.3626992684,0.0,0.0,0.0,0,0.0
2023-02-17 05:00:00,1356337.3626992684,1356337.3626992684,0.0,0.0,0.0,0,0.0
2023-02-21 05:00:00,1356337.3626992684,1356337.3626992684,0.0,0.0,0.0,0,0.0
2023-02-22 05:00:00,1356337.3626992684,1356337.3626992684,0.0,0.0,0.0,0,0.0
2023-02-23 05:00:00,1356337.3626992684,1356337.3626992684,0.0,0.0,0.0,0,0.0
2023-02-24 05:00:00,1356337.3626992684,1356337.3626992684,0.0,0.0,0.0,0,0.0
2023-02-27 05:00:00,1356337.3626992684,1356337.3626992684,0.0,0.0,0.0,0,0.0
2023-02-28 05:00:00,1356337.3626992684,1356337.3626992684,0.0,0.0,0.0,0,0.0
2023-03-01 05:00:00,1356337.3626992684,1356337.3626992684,0.0,0.0,0.0,0,0.0
2023-03-02 05:00:00,1356337.3626992684,1356337.3626992684,0.0,0.0,0.0,0,0.0
2023-03-03 05:00:00,1356337.3626992684,1356337.3626992684,0.0,0.0,0.0,0,0.0
2023-03-06 05:00:00,1356337.3626992684,1356337.3626992684,0.0,0.0,0.0,0,0.0
2023-03-07 05:00:00,1356337.3626992684,1356337.3626992684,0.0,0.0,0.0,0,0.0
2023-03-08 05:00:00,1356337.3626992684,1356337.3626992684,0.0,0.0,0.0,0,0.0
2023-03-09 05:00:00,1356337.3626992684,1356337.3626992684,0.0,0.0,0.0,0,0.0
2023-03-10 05:00:00,1356337.3626992684,1356337.3626992684,0.0,0.0,0.0,0,0.0
2023-03-13 04:00:00,1356337.3626992684,1356337.3626992684,0.0,0.0,0.0,0,0.0
2023-03-14 04:00:00,1356337.3626992684,1356337.3626992684,0.0,0.0,0.0,0,0.0
2023-03-15 04:00:00,1356337.3626992684,1356337.3626992684,0.0,0.0,0.0,0,0.0
2023-03-16 04:00:00,1356337.3626992684,1356337.3626992684,0.0,0.0,0.0,0,0.0
2023-03-17 04:00:00,1356337.3626992684,1356337.3626992684,0.0,0.0,0.0,0,0.0
2023-03-20 04:00:00,1356337.3626992684,1356337.3626992684,0.0,0.0,0.0,0,0.0
2023-03-21 04:00:00,1356337.3626992684,1356337.3626992684,0.0,0.0,0.0,0,0.0
2023-03-22 04:00:00,1356337.3626992684,1356337.3626992684,0.0,0.0,0.0,0,0.0
2023-03-23 04:00:00,1356337.3626992684,1356337.3626992684,0.0,0.0,0.0,0,0.0
2023-03-24 04:00:00,1356337.3626992684,1356337.3626992684,0.0,0.0,0.0,0,0.0
2023-03-27 04:00:00,1356337.3626992684,1356337.3626992684,0.0,0.0,0.0,0,0.0
2023-03-28 04:00:00,1356337.3626992684,1356337.3626992684,0.0,0.0,0.0,0,0.0
2023-03-29 04:00:00,1356337.3626992684,1356337.3626992684,0.0,0.0,0.0,0,0.0
2023-03-30 04:00:00,1356337.3626992684,1356337.3626992684,0.0,0.0,0.0,0,0.0
2023-03-31 04:00:00,1356337.3626992684,1356337.3626992684,0.0,0.0,0.0,0,0.0
2023-04-03 04:00:00,1356337.3626992684,1356337.3626992684,0.0,0.0,0.0,0,0.0
2023-04-04 04:00:00,1356337.3626992684,1356337.3626992684,0.0,0.0,0.0,0,0.0
2023-04-05 04:00:00,1356337.3626992684,1356337.3626992684,0.0,0.0,0.0,0,0.0
2023-04-06 04:00:00,1356337.3626992684,1356337.3626992684,0.0,0.0,0.0,0,0.0
2023-04-10 04:00:00,1356337.3626992684,1356337.3626992684,0.0,0.0,0.0,0,0.0
2023-04-11 04:00:00,1356337.3626992684,1356337.3626992684,0.0,0.0,0.0,0,0.0
2023-04-12 04:00:00,1356337.3626992684,1356337.3626992684,0.0,0.0,0.0,0,0.0
2023-04-13 04:00:00,1356337.3626992684,1356337.3626992684,0.0,0.0,0.0,0,0.0
2023-04-14 04:00:00,1356337.3626992684,1356337.3626992684,0.0,0.0,0.0,0,0.0
2023-04-17 04:00:00,1356337.3626992684,1356337.3626992684,0.0,0.0,0.0,0,0.0
2023-04-18 04:00:00,1356337.3626992684,1356337.3626992684,0.0,0.0,0.0,0,0.0
2023-04-19 04:00:00,1356337.3626992684,1356337.3626992684,0.0,0.0,0.0,0,0.0
2023-04-20 04:00:00,1356337.3626992684,1356337.3626992684,0.0,0.0,0.0,0,0.0
2023-04-21 04:00:00,1356337.3626992684,1356337.3626992684,0.0,0.0,0.0,0,0.0
2023-04-24 04:00:00,1356337.3626992684,1356337.3626992684,0.0,0.0,0.0,0,0.0
2023-04-25 04:00:00,1356337.3626992684,1356337.3626992684,0.0,0.0,0.0,0,0.0
2023-04-26 04:00:00,1355756.0363139473,1258963.5704236787,96889.34554785049,-96.87965758202154,0.09688934554785049,10656,0.7145803152423378
2023-04-27 04:00:00,1317763.228139502,1260499.786543642,94334.36186739385,-37070.92027153366,0.09433436186739384,10375,0.6877356106543779
2023-04-28 04:00:00,1304945.9483962464,1258370.4929036156,96453.06200672354,-49877.60651409276,0.09645306200672354,10621,0.7009125662846293
2023-05-01 04:00:00,1317605.990988803,1259260.117344629,94990.96399494664,-36645.09035077243,0.09499096399494664,10460,0.693124162947476
2023-05-02 04:00:00,1301416.0639670969,1254363.8078401075,99862.91375068939,-52810.65762370003,0.09986291375068938,11028,0.7267610305962127
2023-05-03 04:00:00,1271050.054436862,1251869.0592463491,102345.2506599016,-83164.25546938887,0.1023452506599016,11327,0.7397727948221688
2023-05-04 04:00:00,1279023.5183227125,1244135.855360967,110039.98089411255,-75152.31793236708,0.11003998089411256,12246,0.8015861134072413
2023-05-05 04:00:00,1270598.9822069393,1243451.508667538,110720.92287762414,-83573.44933822287,0.11072092287762414,12328,0.8056324566387082
2023-05-08 04:00:00,1321402.6555439672,1248477.146684457,103526.93689247026,-30601.42803296022,0.10352693689247026,11527,0.7603041636677824
2023-05-09 04:00:00,1326152.2935112475,1248691.1034175404,103239.53670330056,-25778.346609593675,0.10323953670330056,11495,0.7590508460820868
2023-05-10 04:00:00,1381788.1757406313,1259227.3820675854,95030.66880014121,27530.12487290469,0.09503066880014122,10581,0.7076604287413313
2023-05-11 04:00:00,1382856.5561360568,1258492.7794962965,95761.61663226938,28602.16000749082,0.09576161663226937,10660,0.7131747121233251
2023-05-12 04:00:00,1365065.2216062723,1256712.2115609855,97533.32602063846,10819.684024648284,0.09753332602063845,10855,0.7224218510750916
2023-05-15 04:00:00,1401358.5883885417,1263626.6751842056,92852.08577588925,44879.82742844683,0.09285208577588926,10334,0.6946121380015077
2023-05-16 04:00:00,1409151.9234206346,1263521.6994581316,92956.53923466938,52673.68472783354,0.09295653923466939,10345,0.697042711115349
2023-05-17 04:00:00,1451197.7881033325,1451197.7881033325,0.0,0.0,0.0,0,0.0
2023-05-18 04:00:00,1451197.7881033325,1451197.7881033325,0.0,0.0,0.0,0,0.0
2023-05-19 04:00:00,1451197.7881033325,1451197.7881033325,0.0,0.0,0.0,0,0.0
2023-05-22 04:00:00,1451197.7881033325,1451197.7881033325,0.0,0.0,0.0,0,0.0
2023-05-23 04:00:00,1451197.7881033325,1451197.7881033325,0.0,0.0,0.0,0,0.0
2023-05-24 04:00:00,1451197.7881033325,1451197.7881033325,0.0,0.0,0.0,0,0.0
2023-05-25 04:00:00,1451197.7881033325,1451197.7881033325,0.0,0.0,0.0,0,0.0
2023-05-26 04:00:00,1450502.0909154692,1334670.4514527635,115947.5986572826,-115.95919457680097,0.11594759865728259,-10679,0.7994417609115877
2023-05-30 04:00:00,1483744.4001056426,1344317.3068496995,108412.47051156164,31014.62274438137,0.10841247051156164,-9985,0.7097651605601702
2023-05-31 04:00:00,1481784.301849276,1343138.6809181515,109585.2326325048,29060.388298619815,0.1095852326325048,-10096,0.7199374002647114
2023-06-01 04:00:00,1624186.2241788039,1340038.0523938385,112670.43514425901,171477.73664070643,0.112670435144259,-10433,0.588126287849074
2023-06-02 04:00:00,1600482.5610481976,1347311.42314548,109517.00208932528,143654.13581339212,0.10951700208932529,-10141,0.5945181211201004
2023-06-05 04:00:00,1583986.900791872,1349942.2706099965,108296.666694779,125747.9634870967,0.10829666669477901,-10028,0.604309734494747
2023-06-06 04:00:00,1542105.1068962414,1357221.3203187727,104182.0845237867,80701.70205368202,0.1041820845237867,-9647,0.6232513846728689
2023-06-07 04:00:00,1488842.4254897288,1364638.300166827,98285.59668819144,25918.52863471055,0.09828559668819144,-9101,0.6427392327515358
2023-06-08 04:00:00,1481357.1408520471,1363914.184546538,99006.10974320547,18436.84656230378,0.09900610974320546,-9169,0.6559014190939074
2023-06-09 04:00:00,1476655.884027454,1364489.107267449,98498.60759924968,13668.169160755504,0.09849860759924968,-9122,0.6577821666768793
2023-06-12 04:00:00,1497808.5532128725,1362416.6230381671,100560.78096171917,34831.149212986325,0.10056078096171917,-9320,0.6481313371604415
2023-06-13 04:00:00,1469328.22982821,1365417.1068676144,97723.06793672645,6188.055023869223,0.09772306793672646,-9057,0.6608752249025577
2023-06-14 04:00:00,1454963.4246111077,1366546.696320891,96482.24284975245,-8065.514559535812,0.09648224284975246,-8942,0.6686683160555051
2023-06-15 04:00:00,1406770.5570570775,1368466.2318551214,91810.2666527112,-53505.94145075514,0.0918102666527112,-8509,0.690666010248639
2023-06-16 04:00:00,1382975.7459948487,1368787.009123646,89695.4691131729,-75506.7322419702,0.0896954691131729,-8313,0.7031659276671953
2023-06-20 04:00:00,1427357.4925739947,1365488.723758053,92977.3450988375,-31108.576282895898,0.0929773450988375,-8607,0.673189465337436
2023-06-21 04:00:00,1436891.9895689886,1363989.247119413,94469.3616546983,-21566.619205122835,0.0944693616546983,-8742,0.67246546209917
2023-06-22 04:00:00,1448262.0093036063,1362858.6719932659,95594.31202897397,-10190.974718633526,0.09559431202897398,-8845,0.6670989702152974
2023-06-23 04:00:00,1485094.7606928141,1359638.550833144,98798.4126858116,26657.797173858515,0.0987984126858116,-9150,0.6473164912626771
2023-06-26 04:00:00,1463058.5626347465,1362392.3442447362,96152.99070679261,4513.227683217624,0.0961529907067926,-8905,0.6541205552710525
2023-06-27 04:00:00,1448806.3583770646,1363520.154164684,94889.6667413019,-9603.462528921336,0.0948896667413019,-8788,0.6615791850994087
2023-06-28 04:00:00,1431065.5134282194,1364480.3230532506,93529.16400923498,-26943.973634266073,0.09352916400923499,-8662,0.6723910294096264
2023-06-29 04:00:00,1425215.4519996871,1364806.7369299587,93021.67489489257,-32612.959825164184,0.09302167489489256,-8615,0.6755678290066007
2023-06-30 04:00:00,1421715.429044144,1353445.575330598,104326.31330221656,-36056.45958867055,0.10432631330221656,-9623,0.7591671093676534
2023-07-03 04:00:00,1564528.8372101975,1351235.4082094184,106525.48456707184,106767.94443370725,0.10652548456707184,-9849,0.612636135838918
2023-07-05 04:00:00,1529367.0944661056,1358500.7775741473,102166.68973708605,68699.62715487224,0.10216668973708605,-9446,0.623112183898964
2023-07-06 04:00:00,1514930.0881380008,1358946.2532206057,101874.66129934507,54109.17361805004,0.10187466129934507,-9419,0.6367537663477498
2023-07-07 04:00:00,1505608.476701191,1358520.222169586,102298.57279289699,44789.68173870792,0.10229857279289699,-9460,0.6497014737413693
2023-07-10 04:00:00,1498912.0224208778,1359510.3844573917,101574.04801730247,37827.58994618365,0.10157404801730247,-9393,0.6524151355110379
2023-07-11 04:00:00,1496831.900377936,1359685.0688685302,101444.28238585271,35702.549123553086,0.10144428238585271,-9381,0.6538745429515841
2023-07-12 04:00:00,1481541.7548707065,1361378.5109696048,100027.67424252612,20135.569658575645,0.10002767424252612,-9250,0.6615683760139599
2023-07-13 04:00:00,1499954.6076510116,1359174.0124366074,102221.20512113044,38559.390093273825,0.10222120512113043,-9461,0.6557882859258453
2023-07-14 04:00:00,1490928.7061867518,1360477.2051343955,101205.5838039984,29245.917248357968,0.1012055838039984,-9367,0.6591931034082058
2023-07-17 04:00:00,1477342.863826083,1477342.863826083,0.0,0.0,0.0,0,0.0
2023-07-18 04:00:00,1476693.001822599,1368492.792591759,108308.5285913673,-108.3193605273982,0.1083085285913673,-10006,0.7335266056907398
2023-07-19 04:00:00,1424849.9236387366,1375051.3633194265,95568.25893795541,-45769.69861864527,0.09556825893795541,-8829,0.7028475570540947
2023-07-20 04:00:00,1407042.4743522517,1375463.7492264342,94312.63338162935,-62733.90825581186,0.09431263338162935,-8713,0.7148755353211101
2023-07-21 04:00:00,1372019.4527192556,1375314.23217037,90827.19002700009,-94121.9694781145,0.09082719002700008,-8391,0.7305974181061605
2023-07-24 04:00:00,1339541.113731124,1374429.7948583814,88619.02094518529,-123507.7020724428,0.08861902094518528,-8187,0.7537640324542998
2023-07-25 04:00:00,1387685.1875511599,1371077.9744032475,91954.16567666185,-75346.95252874937,0.09195416567666186,-8471,0.7169411464649575
2023-07-26 04:00:00,1304430.882557757,1364070.413064702,82369.04841866487,-142008.5789256099,0.08236904841866487,-7588,0.7403221405021436
2023-07-27 04:00:00,1283053.18086747,1361866.0547482066,80143.73806997927,-158956.61195071586,0.08014373806997926,-7383,0.7485223582090246
2023-07-28 04:00:00,1277684.588085382,1361257.6149639096,79568.4139310508,-163141.44080957834,0.07956841393105081,-7330,0.7504399670006918
2023-07-31 04:00:00,1311054.6294848798,1358694.793199085,82118.48533883644,-129758.64905304162,0.08211848533883644,-7532,0.725327138210127
2023-08-01 04:00:00,1326416.365472815,1346750.157697014,94003.69479363339,-114337.48701783239,0.0940036947936334,-8489,0.7949045732546609
2023-08-02 04:00:00,1354651.0900067897,1345413.987132597,95333.21774330217,-86096.11486910969,0.09533321774330217,-8599,0.7673033299644132
2023-08-03 04:00:00,1390299.6635087808,1343161.7790702789,97574.22079038499,-50436.336351883205,0.097574220790385,-8791,0.7380988222826053
2023-08-04 04:00:00,1414884.7575945158,1341444.41394581,99283.04180975698,-25842.69816105112,0.09928304180975697,-8941,0.7199689662290908
2023-08-07 04:00:00,1392805.1566651966,1342664.8056215595,96895.62944099534,-46755.27839735824,0.09689562944099533,-8726,0.7292560398320448
2023-08-08 04:00:00,1362916.8417528407,1343265.8717860812,93930.79640630067,-74279.82643954124,0.09393079640630067,-8459,0.743690120667214
2023-08-09 04:00:00,1298105.5145611374,1339787.618405626,86790.76778716705,-128472.8716316557,0.08679076778716704,-7816,0.7675651465360134
2023-08-10 04:00:00,1294244.8452414027,1339704.9691616714,86635.30837710814,-132095.4322973768,0.08663530837710814,-7802,0.7714525730888484
2023-08-11 04:00:00,1273859.8160874501,1338342.3655327694,84858.62940500646,-149341.17885032567,0.08485862940500646,-7642,0.7833887687622004
2023-08-14 04:00:00,1306594.5643661753,1336197.4480997347,86992.87560703093,-116595.75934059035,0.08699287560703094,-7811,0.755034914667244
2023-08-15 04:00:00,1328628.8388592042,1328628.8388592042,0.0,0.0,0.0,0,0.0
2023-08-16 04:00:00,1328628.8388592042,1328628.8388592042,0.0,0.0,0.0,0,0.0
2023-08-17 04:00:00,1328628.8388592042,1328628.8388592042,0.0,0.0,0.0,0,0.0
2023-08-18 04:00:00,1328628.8388592042,1328628.8388592042,0.0,0.0,0.0,0,0.0
2023-08-21 04:00:00,1328628.8388592042,1328628.8388592042,0.0,0.0,0.0,0,0.0
2023-08-22 04:00:00,1328628.8388592042,1328628.8388592042,0.0,0.0,0.0,0,0.0
2023-08-23 04:00:00,1328628.8388592042,1328628.8388592042,0.0,0.0,0.0,0,0.0
2023-08-24 04:00:00,1328016.714300995,1226099.6843493134,102019.05921382163,-102.02926214004103,0.10201905921382164,-7913,0.768282966933432
2023-08-25 04:00:00,1232107.3852275019,1227177.3596590217,81919.51247878461,-76989.48691030455,0.08191951247878461,-6354,0.7273591753795673
2023-08-28 04:00:00,1307997.5461591503,1222182.881301511,86889.14268526284,-1074.4778276237714,0.08688914268526284,-6739,0.6651127956889906
2023-08-29 04:00:00,1330719.3181003442,1220439.4313106458,88623.91879557651,21655.96799412181,0.0886239187955765,-6877,0.6497111811646883
2023-08-30 04:00:00,1362321.4238180602,1217627.7765792871,91421.58519493828,53272.06204383475,0.09142158519493827,-7108,0.6319681793542199
2023-08-31 04:00:00,1416646.7942442189,1213408.5630268962,95619.80763512831,107618.42358219436,0.09561980763512831,-7478,0.5990058045638723
2023-09-01 04:00:00,1580720.2756350525,1505594.3409267762,75201.12831723261,-75.19360895637774,0.07520112831723261,8225,0.4756920633926077
2023-09-05 04:00:00,1585025.0424419288,1487654.4103997329,93051.80545856926,4318.826583626619,0.09305180545856925,10166,0.5897931301634745
2023-09-06 04:00:00,1565028.8460647988,1486370.0206278523,94329.80523158479,-15670.979794638291,0.0943298052315848,10308,0.5927220286409993
2023-09-07 04:00:00,1612909.6943246175,1492101.9864268217,90037.92720930954,30769.780688486368,0.09003792720930953,9839,0.5773100974332521
2023-09-08 04:00:00,1655232.9767267164,1499851.510911261,85746.04918703428,69635.41662842102,0.08574604918703428,9370,0.5600999506015945
2023-09-11 04:00:00,1737350.875103389,1522863.9888628914,77418.5246662017,137068.3615742956,0.07741852466620171,8460,0.5245075253909689
2023-09-12 04:00:00,1692470.7927540767,1517202.5876878153,83051.75966627752,92216.44539998389,0.08305175966627752,9010,0.5451993889721657
2023-09-13 04:00:00,1749553.8719380293,1533796.877188362,77106.32293101125,138650.67181865603,0.07710632293101125,8365,0.5199690708129231
2023-09-14 04:00:00,1727592.8323783332,1529967.384387596,80916.76352878829,116708.68446194893,0.0809167635287883,8724,0.535934337302848
2023-09-15 04:00:00,1650289.811293039,1523563.4914825798,87288.79627009788,39437.523540361435,0.08728879627009788,9379,0.55282743673156
2023-09-18 04:00:00,1584306.765940918,1584306.765940918,0.0,0.0,0.0,0,0.0
2023-09-19 04:00:00,1584306.765940918,1584306.765940918,0.0,0.0,0.0,0,0.0
2023-09-20 04:00:00,1584306.765940918,1584306.765940918,0.0,0.0,0.0,0,0.0
2023-09-21 04:00:00,1584306.765940918,1584306.765940918,0.0,0.0,0.0,0,0.0
2023-09-22 04:00:00,1584306.765940918,1584306.765940918,0.0,0.0,0.0,0,0.0
2023-09-25 04:00:00,1584306.765940918,1584306.765940918,0.0,0.0,0.0,0,0.0
2023-09-26 04:00:00,1584306.765940918,1584306.765940918,0.0,0.0,0.0,0,0.0
2023-09-27 04:00:00,1584306.765940918,1584306.765940918,0.0,0.0,0.0,0,0.0
2023-09-28 04:00:00,1584306.765940918,1584306.765940918,0.0,0.0,0.0,0,0.0
2023-09-29 04:00:00,1584306.765940918,1584306.765940918,0.0,0.0,0.0,0,0.0
2023-10-02 04:00:00,1584306.765940918,1584306.765940918,0.0,0.0,0.0,0,0.0
2023-10-03 04:00:00,1583682.0147417942,1479659.1961359414,104126.93512932981,-104.11652347694337,0.10412693512932981,16076,0.6574332631665166
2023-10-04 04:00:00,1486486.4930542435,1478567.342865726,105213.35629372331,-97294.20610520564,0.1052133562937233,16261,0.6423464735761876
2023-10-05 04:00:00,1465517.09994429,1474878.7582938892,108883.58969853606,-118245.24804813537,0.10888358969853607,16900,0.6622854478969377
2023-10-06 04:00:00,1468503.3366277367,1474050.756492931,109707.47208754918,-115254.8919527434,0.10970747208754918,17043,0.6685853579178066
2023-10-09 04:00:00,1397691.4042342599,1462299.9462972314,121399.82054098154,-186008.3626039531,0.12139982054098154,19230,0.7354912820466672
2023-10-10 04:00:00,1497245.318049436,1467357.8029769408,103533.9083136816,-73646.39324118629,0.1035339083136816,16400,0.6423080294874408
2023-10-11 04:00:00,1537829.072875355,1469241.3199700958,100743.54322376409,-32155.790318504954,0.1007435432237641,15958,0.6341924854467783
2023-10-12 04:00:00,1536238.861665937,1469167.7275769205,100816.76948563001,-33745.63539661381,0.10081676948563001,15970,0.6342907237765083
2023-10-13 04:00:00,1553652.4773232737,1470102.8275203526,99693.07599981647,-16143.426196895218,0.09969307599981647,15792,0.6312784539120545
2023-10-16 04:00:00,1571202.8280485813,1471292.9884530439,98512.56655123709,1397.2730443002645,0.0985125665512371,15605,0.627877522205025
2023-10-17 04:00:00,1604278.0850321136,1476247.7734876384,94825.84185620841,33204.469688266814,0.09482584185620842,15021,0.6117785297994048
2023-10-18 04:00:00,1592931.3084702438,1474722.2942552287,96343.73163970062,21865.282575314362,0.09634373163970063,15256,0.6185468222848519
2023-10-19 04:00:00,1576960.4494829415,1472008.1218395268,99044.40071005067,5907.926933364018,0.09904440071005068,15681,0.6318179598990942
2023-10-20 04:00:00,1610988.2631591908,1474805.4371925138,97042.1639250825,39140.66204159457,0.0970421639250825,15364,0.6266726607384717
2023-10-23 04:00:00,1663577.9119987339,1486122.3045474307,91205.99108814054,86249.61636316257,0.09120599108814054,14440,0.6000978493668097
2023-10-24 04:00:00,1634249.0724389958,1634249.0724389958,0.0,0.0,0.0,0,0.0
2023-10-25 04:00:00,1634249.0724389958,1634249.0724389958,0.0,0.0,0.0,0,0.0
2023-10-26 04:00:00,1634249.0724389958,1634249.0724389958,0.0,0.0,0.0,0,0.0
2023-10-27 04:00:00,1634249.0724389958,1634249.0724389958,0.0,0.0,0.0,0,0.0
2023-10-30 04:00:00,1634249.0724389958,1634249.0724389958,0.0,0.0,0.0,0,0.0
2023-10-31 04:00:00,1634249.0724389958,1634249.0724389958,0.0,0.0,0.0,0,0.0
2023-11-01 04:00:00,1633580.6742076883,1522290.502905436,111401.56172493506,-111.39042268267096,0.11140156172493507,16714,0.681878920590762
2023-11-02 04:00:00,1662100.6857437296,1534756.7977173973,101423.81026494777,25920.07776138453,0.10142381026494776,15217,0.6258093684291027
2023-11-03 04:00:00,1628580.5045769014,1531206.1779143503,104956.76529285526,-7582.438630304121,0.10495676529285526,15751,0.639811916801099
2023-11-06 05:00:00,1679009.8660546192,1535242.481885473,102078.13392935367,41689.25023979245,0.10207813392935368,15319,0.6327959180072895
2023-11-07 05:00:00,1676431.0040020584,1531285.514038396,106015.41536923122,39130.07459443111,0.10601541536923123,15888,0.6557288821684149
2023-11-08 05:00:00,1661817.3907212703,1529700.4241283063,107592.61925986782,24524.347333096262,0.10759261925986782,16119,0.6621970296352182
2023-11-09 05:00:00,1665344.9350257616,1530236.3772070515,107165.42603245721,27943.131786252758,0.10716542603245721,16055,0.6602820646845842
2023-11-10 05:00:00,1651349.9163950717,1528897.5041962024,108497.63798355091,13954.774215318166,0.10849763798355092,16252,0.6654744358783841
2023-11-13 05:00:00,1727156.22918417,1545044.936596342,99631.96832799126,82479.32425983687,0.09963196832799126,14924,0.6246099740782134
2023-11-14 05:00:00,1709336.8933502967,1542000.9106532382,102660.84986341791,64675.132833640535,0.10266084986341792,15350,0.6384251318234322
2023-11-15 05:00:00,1775617.1627819152,1775617.1627819152,0.0,0.0,0.0,0,0.0
2023-11-16 05:00:00,1775617.1627819152,1775617.1627819152,0.0,0.0,0.0,0,0.0
2023-11-17 05:00:00,1775617.1627819152,1775617.1627819152,0.0,0.0,0.0,0,0.0
2023-11-20 05:00:00,1775617.1627819152,1775617.1627819152,0.0,0.0,0.0,0,0.0
2023-11-21 05:00:00,1775617.1627819152,1775617.1627819152,0.0,0.0,0.0,0,0.0
2023-11-22 05:00:00,1775617.1627819152,1775617.1627819152,0.0,0.0,0.0,0,0.0
2023-11-24 05:00:00,1775617.1627819152,1775617.1627819152,0.0,0.0,0.0,0,0.0
2023-11-27 05:00:00,1775617.1627819152,1775617.1627819152,0.0,0.0,0.0,0,0.0
2023-11-28 05:00:00,1775617.1627819152,1775617.1627819152,0.0,0.0,0.0,0,0.0
2023-11-29 05:00:00,1775617.1627819152,1775617.1627819152,0.0,0.0,0.0,0,0.0
2023-11-30 05:00:00,1775617.1627819152,1775617.1627819152,0.0,0.0,0.0,0,0.0
2023-12-01 05:00:00,1775617.1627819152,1775617.1627819152,0.0,0.0,0.0,0,0.0
2023-12-04 05:00:00,1775617.1627819152,1775617.1627819152,0.0,0.0,0.0,0,0.0
2023-12-05 05:00:00,1775617.1627819152,1775617.1627819152,0.0,0.0,0.0,0,0.0
2023-12-06 05:00:00,1775617.1627819152,1775617.1627819152,0.0,0.0,0.0,0,0.0
2023-12-07 05:00:00,1775617.1627819152,1775617.1627819152,0.0,0.0,0.0,0,0.0
2023-12-08 05:00:00,1775617.1627819152,1775617.1627819152,0.0,0.0,0.0,0,0.0
2023-12-11 05:00:00,1775617.1627819152,1775617.1627819152,0.0,0.0,0.0,0,0.0
2023-12-12 05:00:00,1775617.1627819152,1775617.1627819152,0.0,0.0,0.0,0,0.0
2023-12-13 05:00:00,1775617.1627819152,1775617.1627819152,0.0,0.0,0.0,0,0.0
2023-12-14 05:00:00,1775617.1627819152,1775617.1627819152,0.0,0.0,0.0,0,0.0
2023-12-15 05:00:00,1775617.1627819152,1775617.1627819152,0.0,0.0,0.0,0,0.0
2023-12-18 05:00:00,1775617.1627819152,1775617.1627819152,0.0,0.0,0.0,0,0.0
2023-12-19 05:00:00,1775617.1627819152,1775617.1627819152,0.0,0.0,0.0,0,0.0
2023-12-20 05:00:00,1775617.1627819152,1775617.1627819152,0.0,0.0,0.0,0,0.0
2023-12-21 05:00:00,1775617.1627819152,1775617.1627819152,0.0,0.0,0.0,0,0.0
2023-12-22 05:00:00,1775617.1627819152,1775617.1627819152,0.0,0.0,0.0,0,0.0
2023-12-26 05:00:00,1775617.1627819152,1775617.1627819152,0.0,0.0,0.0,0,0.0
2023-12-27 05:00:00,1775617.1627819152,1775617.1627819152,0.0,0.0,0.0,0,0.0
2023-12-28 05:00:00,1775617.1627819152,1775617.1627819152,0.0,0.0,0.0,0,0.0
2023-12-29 05:00:00,1775617.1627819152,1775617.1627819152,0.0,0.0,0.0,0,0.0
2024-01-02 05:00:00,1775617.1627819152,1775617.1627819152,0.0,0.0,0.0,0,0.0
2024-01-03 05:00:00,1775617.1627819152,1775617.1627819152,0.0,0.0,0.0,0,0.0
2024-01-04 05:00:00,1775617.1627819152,1775617.1627819152,0.0,0.0,0.0,0,0.0
2024-01-05 05:00:00,1775617.1627819152,1775617.1627819152,0.0,0.0,0.0,0,0.0
2024-01-08 05:00:00,1775617.1627819152,1775617.1627819152,0.0,0.0,0.0,0,0.0
2024-01-09 05:00:00,1775617.1627819152,1775617.1627819152,0.0,0.0,0.0,0,0.0
2024-01-10 05:00:00,1775617.1627819152,1775617.1627819152,0.0,0.0,0.0,0,0.0
2024-01-11 05:00:00,1775617.1627819152,1775617.1627819152,0.0,0.0,0.0,0,0.0
2024-01-12 05:00:00,1775617.1627819152,1775617.1627819152,0.0,0.0,0.0,0,0.0
2024-01-16 05:00:00,1775617.1627819152,1775617.1627819152,0.0,0.0,0.0,0,0.0
2024-01-17 05:00:00,1775617.1627819152,1775617.1627819152,0.0,0.0,0.0,0,0.0
2024-01-18 05:00:00,1775617.1627819152,1775617.1627819152,0.0,0.0,0.0,0,0.0
2024-01-19 05:00:00,1775617.1627819152,1775617.1627819152,0.0,0.0,0.0,0,0.0
2024-01-22 05:00:00,1775617.1627819152,1775617.1627819152,0.0,0.0,0.0,0,0.0
2024-01-23 05:00:00,1775617.1627819152,1775617.1627819152,0.0,0.0,0.0,0,0.0
2024-01-24 05:00:00,1775617.1627819152,1775617.1627819152,0.0,0.0,0.0,0,0.0
2024-01-25 05:00:00,1775617.1627819152,1775617.1627819152,0.0,0.0,0.0,0,0.0
2024-01-26 05:00:00,1775617.1627819152,1775617.1627819152,0.0,0.0,0.0,0,0.0
2024-01-29 05:00:00,1775617.1627819152,1775617.1627819152,0.0,0.0,0.0,0,0.0
2024-01-30 05:00:00,1775617.1627819152,1775617.1627819152,0.0,0.0,0.0,0,0.0
2024-01-31 05:00:00,1775617.1627819152,1775617.1627819152,0.0,0.0,0.0,0,0.0
2024-02-01 05:00:00,1775617.1627819152,1775617.1627819152,0.0,0.0,0.0,0,0.0
2024-02-02 05:00:00,1775617.1627819152,1775617.1627819152,0.0,0.0,0.0,0,0.0
2024-02-05 05:00:00,1775617.1627819152,1775617.1627819152,0.0,0.0,0.0,0,0.0
2024-02-06 05:00:00,1775617.1627819152,1775617.1627819152,0.0,0.0,0.0,0,0.0
2024-02-07 05:00:00,1775617.1627819152,1775617.1627819152,0.0,0.0,0.0,0,0.0
2024-02-08 05:00:00,1775617.1627819152,1775617.1627819152,0.0,0.0,0.0,0,0.0
2024-02-09 05:00:00,1775617.1627819152,1775617.1627819152,0.0,0.0,0.0,0,0.0
2024-02-12 05:00:00,1775617.1627819152,1775617.1627819152,0.0,0.0,0.0,0,0.0
2024-02-13 05:00:00,1775617.1627819152,1775617.1627819152,0.0,0.0,0.0,0,0.0
2024-02-14 05:00:00,1774837.3928418357,1645003.5211422683,129963.8225270117,-129.9508274441987,0.1299638225270117,15709,0.732184412884115
2024-02-15 05:00:00,1720118.782859933,1648228.8664392242,124329.76796332878,-52439.85154262002,0.12432976796332877,15028,0.692311391490478
2024-02-16 05:00:00,1679349.8291391097,1644559.7089293813,127980.67095819725,-93190.55074846887,0.12798067095819726,15505,0.7065925980662423
2024-02-20 05:00:00,1601068.4560705791,1638883.6218201045,133628.51882812442,-171443.68457764992,0.13362851882812443,16295,0.7275400994173638
2024-02-21 05:00:00,1608032.5896799527,1638581.603804583,132349.22769973,-162898.24182436042,0.13234922769972998,16139,0.7217478318669728
2024-02-22 05:00:00,1671841.463996547,1640524.9726939905,124452.06515714123,-93135.57385458476,0.12445206515714123,15176,0.6886927394206592
2024-02-23 05:00:00,1654699.9444907485,1638218.745229301,126746.81885334956,-110265.61959190229,0.12674681885334957,15483,0.6993428462933409
2024-02-26 05:00:00,1689106.9400532614,1639680.8352298287,123054.84602490153,-73628.7412014689,0.12305484602490153,15032,0.6849298239287716
2024-02-27 05:00:00,1669367.7735044018,1637316.0705694272,125407.84568699264,-93356.14275201816,0.12540784568699265,15343,0.69530653013702
2024-02-28 05:00:00,1533398.9424848673,1629750.1519518143,132936.12291844827,-229287.3323853952,0.13293612291844825,16470,0.7174088010106632
2024-02-29 05:00:00,1610881.686151076,1628051.1654990527,121361.72095942854,-138531.200307405,0.12136172095942854,15036,0.6673898018268574
2024-03-01 05:00:00,1937979.0741382511,1743654.6557748222,76016.53950491473,118307.87885851401,0.07601653950491473,9418,0.4532934775357606
2024-03-04 05:00:00,1927435.9267358428,1736253.416331342,83380.95686161146,107801.55354288952,0.08338095686161145,10217,0.4885304404145067
2024-03-05 05:00:00,1882627.849358482,1731780.3631568442,87831.75604021616,63015.730161421714,0.08783175604021616,10724,0.5000102866237472
2024-03-06 05:00:00,1895680.6788519188,1734415.3216275703,86414.85061360693,74850.50661074158,0.08641485061360693,10551,0.495336067525622
2024-03-07 05:00:00,1916714.664431169,1737205.6370382905,85088.03743955668,94420.98995332168,0.08508803743955667,10389,0.49318836125742754
2024-03-08 05:00:00,1897814.9016211955,1735126.2810646715,87157.04835858053,75531.57219794334,0.08715704835858053,10621,0.49904869804462654
2024-03-11 04:00:00,1952742.1621235767,1748266.6491641046,81880.52241049963,122594.99054897256,0.08188052241049963,9978,0.482091406082107
2024-03-12 04:00:00,1953966.138043704,1747677.9439544175,82466.29873854663,123821.89535073991,0.08246629873854662,10040,0.48541520974658336
2024-03-13 04:00:00,1981153.9405512488,1754242.9557342024,80141.80047729077,146769.1843397556,0.08014180047729078,9757,0.4786034894637383
2024-03-14 04:00:00,1979479.28652979,1979479.28652979,0.0,0.0,0.0,0,0.0
2024-03-15 04:00:00,1979479.28652979,1979479.28652979,0.0,0.0,0.0,0,0.0
2024-03-18 04:00:00,1979479.28652979,1979479.28652979,0.0,0.0,0.0,0,0.0
2024-03-19 04:00:00,1979479.28652979,1979479.28652979,0.0,0.0,0.0,0,0.0
2024-03-20 04:00:00,1979479.28652979,1979479.28652979,0.0,0.0,0.0,0,0.0
2024-03-21 04:00:00,1979479.28652979,1979479.28652979,0.0,0.0,0.0,0,0.0
2024-03-22 04:00:00,1979479.28652979,1979479.28652979,0.0,0.0,0.0,0,0.0
2024-03-25 04:00:00,1979479.28652979,1979479.28652979,0.0,0.0,0.0,0,0.0
2024-03-26 04:00:00,1979479.28652979,1979479.28652979,0.0,0.0,0.0,0,0.0
2024-03-27 04:00:00,1979479.28652979,1979479.28652979,0.0,0.0,0.0,0,0.0
2024-03-28 04:00:00,1978794.1235158416,1864712.5691061057,114195.73873003396,-114.18432029790765,0.11419573873003395,12374,0.5770399201263346
2024-04-01 04:00:00,1911395.7011065576,1828713.6886025444,150015.52032561746,-67333.5078216041,0.15001552032561746,16498,0.749620653957248
2024-04-02 04:00:00,1966592.3590019548,1837643.3998831424,140240.59704097454,-11291.637922162141,0.14024059704097452,15423,0.7073729978253213
2024-04-03 04:00:00,1969492.098843842,1835072.4180629794,142798.78790680843,-8379.107125945668,0.14279878790680842,15706,0.7207994247732685
2024-04-04 04:00:00,1964636.6529797888,1834655.9485505358,143213.18543162785,-13232.481002374836,0.14321318543162784,15752,0.7222197403076246
2024-04-05 04:00:00,1963073.2048396778,1834050.0184987506,143816.100906041,-14792.914565113892,0.14381610090604102,15819,0.7250713274401509
2024-04-08 04:00:00,1903240.2237547128,1829388.923785321,148454.00609353327,-74602.7061241413,0.14845400609353326,16357,0.7408089305876832
2024-04-09 04:00:00,1936221.6736021566,1829874.8214328815,147773.31584122448,-41426.46367194948,0.14777331584122447,16282,0.74180901614854
2024-04-10 04:00:00,1944833.07234698,1830575.5749845484,146865.72883814608,-32608.231475714467,0.14686572883814608,16182,0.7383919357010704
2024-04-11 04:00:00,1959918.1067858539,1831051.9381659876,146321.17663629903,-17455.008016432934,0.14632117663629904,16122,0.7376618203285598
2024-04-12 04:00:00,1985079.4585204115,1834120.5125517298,143389.6706163558,7569.275352326051,0.14338967061635582,15799,0.7261502683576646
2024-04-15 04:00:00,1951182.4927024134,1829598.3174398139,147889.3672451278,-26305.191982528144,0.1478893672451278,16304,0.7444657206086838
2024-04-16 04:00:00,2004187.9891439644,1838144.201884816,140614.63266891384,25429.154590234688,0.14061463266891383,15502,0.7142920170332089
2024-04-17 04:00:00,1956571.7404509566,1832903.7623018243,145829.0004131842,-22161.022264051957,0.1458290004131842,16086,0.7340027212785905
2024-04-18 04:00:00,1906785.8739676788,1829170.2601388828,149543.92793849905,-71928.31410970299,0.14954392793849905,16517,0.746549984825101
2024-04-19 04:00:00,1886876.043206855,1827453.4539921063,151252.19276116218,-91829.60354641339,0.15125219276116217,16718,0.7529335746139739
2024-04-22 04:00:00,1879857.377008921,1826246.5717657614,152453.07059832138,-98842.26535516197,0.1524530705983214,16860,0.75840245013507
2024-04-23 04:00:00,1923848.212484682,1829976.7035699203,146575.5797389555,-52704.07082419383,0.14657557973895552,16210,0.7344923146199674
2024-04-24 04:00:00,1942895.913057488,1829062.0881358865,147485.6448474468,-33651.81992584535,0.14748564484744678,16313,0.7417816975489097
2024-04-25 04:00:00,1938791.2505156538,1828477.6916148933,148067.13392306186,-37753.575022301346,0.14806713392306187,16379,0.7442357519534653
2024-04-26 04:00:00,1932318.6282443965,1827419.9141601692,149119.6488033843,-44220.9347191569,0.1491196488033843,16499,0.7488286518405777
2024-04-29 04:00:00,1958951.3167469117,1826315.7313989394,150218.3381180408,-17582.752770068433,0.15021833811804078,16622,0.757854784709866
2024-04-30 04:00:00,1928416.5270467207,1821849.0810280016,154662.76634782957,-48095.320329110305,0.15466276634782958,17130,0.7770791849850598
2024-05-01 04:00:00,1842764.838430995,1817546.462349537,158943.97896321717,-133725.6028817594,0.1589439789632172,17649,0.7899619942769618
2024-05-02 04:00:00,1867185.4662002209,1818632.4676942758,155404.68587394615,-106851.68736800116,0.15540468587394615,17256,0.7750677142515179
2024-05-03 04:00:00,1850019.909142725,1850019.909142725,0.0,0.0,0.0,0,0.0
2024-05-06 04:00:00,1850019.909142725,1850019.909142725,0.0,0.0,0.0,0,0.0
2024-05-07 04:00:00,1850019.909142725,1850019.909142725,0.0,0.0,0.0,0,0.0
2024-05-08 04:00:00,1850019.909142725,1850019.909142725,0.0,0.0,0.0,0,0.0
2024-05-09 04:00:00,1850019.909142725,1850019.909142725,0.0,0.0,0.0,0,0.0
2024-05-10 04:00:00,1849138.7434050378,1702422.18836404,146863.40375988546,-146.84871888791648,0.14686340375988546,18963,0.794146569108096
2024-05-13 04:00:00,1819276.8285162668,1709386.1328799592,138049.89569266248,-28159.200056354923,0.1380498956926625,17825,0.7433391860287623
2024-05-14 04:00:00,1789275.2129060999,1703584.9915416637,143822.17563126513,-58131.95426682907,0.14382217563126512,18603,0.7713122006559918
2024-05-15 04:00:00,1815763.8907839733,1706284.6268959807,140335.43686817848,-30856.172980185795,0.14033543686817848,18152,0.7558792212290387
2024-05-16 04:00:00,1861279.4111651324,1711975.3242338067,135155.58105605422,14148.5058752716,0.1351555810560542,17482,0.7337449220377418
2024-05-17 04:00:00,1902452.1256035378,1718463.0051302954,130532.36646553136,53456.754007711075,0.13053236646553137,16884,0.7142258143457685
2024-05-20 04:00:00,1867521.9242028366,1714995.3774234129,133982.74229327508,18543.804486148638,0.1339827422932751,17324,0.7273656120523077
2024-05-21 04:00:00,1834007.0057196897,1710936.8175496077,138021.11032691193,-14950.922156830125,0.13802111032691194,17852,0.7444138309474683
2024-05-22 04:00:00,1838363.8004443347,1711326.8819467926,137595.88284158928,-10558.96434404693,0.13759588284158927,17797,0.7427256040082095
2024-05-23 04:00:00,1863161.2235688167,1714695.6799561162,134526.51353844206,13939.030074258391,0.13452651353844206,17400,0.7295150565956786
2024-05-24 04:00:00,1841724.685680577,1712369.6680857409,136840.95321045737,-7485.935615621389,0.13684095321045736,17701,0.7389397596014994
2024-05-28 04:00:00,1804742.1731343977,1708543.133683506,140648.45012810404,-44449.41067721218,0.14064845012810404,18210,0.7546978792202241
2024-05-29 04:00:00,1747857.0292440082,1704148.7444915515,145020.9766872626,-101312.69193480584,0.1450209766872626,18820,0.7717433705211302
2024-05-30 04:00:00,1674370.0066231,1696846.6182815023,152286.7739111922,-174763.38556959428,0.1522867739111922,19892,0.8051412460864664
2024-05-31 04:00:00,1760103.9599999741,1702716.8766427932,137978.3091796409,-80591.22582245983,0.1379783091796409,18023,0.7381335963666422
2024-06-03 04:00:00,1721972.4557117806,1698834.788958283,141841.082995074,-118703.41624157647,0.14184108299507397,18575,0.7547782831241207
2024-06-04 04:00:00,1789625.5704238114,1704645.717867613,132685.36517482667,-47705.51261862839,0.13268536517482668,17376,0.7147574108626065
2024-06-05 04:00:00,1763935.8192857362,1700962.385298535,136350.37270624755,-73376.93871904629,0.13635037270624756,17884,0.7313910031408262
2024-06-06 04:00:00,1792898.6569781366,1703240.9918571063,132942.37580400574,-43284.71068297531,0.13294237580400575,17437,0.7173517824620502
2024-06-07 04:00:00,1767785.1184184907,1700718.694678441,135452.1242404888,-68385.70050043895,0.1354521242404888,17784,0.7275406544066066
2024-06-10 04:00:00,1739192.43980494,1697797.5660519404,138358.719888748,-96963.84613574832,0.13835871988874798,18195,0.7397820524657028
2024-06-11 04:00:00,1732441.2227643963,1697111.7665952113,139041.10740788144,-103711.65123869634,0.13904110740788145,18292,0.7427088468761882
2024-06-12 04:00:00,1691469.1720220794,1691469.1720220794,0.0,0.0,0.0,0,0.0
2024-06-13 04:00:00,1691469.1720220794,1691469.1720220794,0.0,0.0,0.0,0,0.0
2024-06-14 04:00:00,1691469.1720220794,1691469.1720220794,0.0,0.0,0.0,0,0.0
2024-06-17 04:00:00,1691469.1720220794,1691469.1720220794,0.0,0.0,0.0,0,0.0
2024-06-18 04:00:00,1691469.1720220794,1691469.1720220794,0.0,0.0,0.0,0,0.0
2024-06-20 04:00:00,1691469.1720220794,1691469.1720220794,0.0,0.0,0.0,0,0.0
2024-06-21 04:00:00,1691469.1720220794,1691469.1720220794,0.0,0.0,0.0,0,0.0
2024-06-24 04:00:00,1691469.1720220794,1691469.1720220794,0.0,0.0,0.0,0,0.0
2024-06-25 04:00:00,1691469.1720220794,1691469.1720220794,0.0,0.0,0.0,0,0.0
2024-06-26 04:00:00,1691469.1720220794,1691469.1720220794,0.0,0.0,0.0,0,0.0
2024-06-27 04:00:00,1691469.1720220794,1691469.1720220794,0.0,0.0,0.0,0,0.0
2024-06-28 04:00:00,1691469.1720220794,1691469.1720220794,0.0,0.0,0.0,0,0.0
2024-07-01 04:00:00,1691469.1720220794,1691469.1720220794,0.0,0.0,0.0,0,0.0
2024-07-02 04:00:00,1691469.1720220794,1691469.1720220794,0.0,0.0,0.0,0,0.0
2024-07-03 04:00:00,1691469.1720220794,1691469.1720220794,0.0,0.0,0.0,0,0.0
2024-07-05 04:00:00,1691469.1720220794,1691469.1720220794,0.0,0.0,0.0,0,0.0
2024-07-08 04:00:00,1691469.1720220794,1691469.1720220794,0.0,0.0,0.0,0,0.0
2024-07-09 04:00:00,1691469.1720220794,1691469.1720220794,0.0,0.0,0.0,0,0.0
2024-07-10 04:00:00,1691469.1720220794,1691469.1720220794,0.0,0.0,0.0,0,0.0
2024-07-11 04:00:00,1691469.1720220794,1691469.1720220794,0.0,0.0,0.0,0,0.0
2024-07-12 04:00:00,1691469.1720220794,1691469.1720220794,0.0,0.0,0.0,0,0.0
2024-07-15 04:00:00,1690684.0719014,1559962.7102530927,130852.20076516092,-130.8391168533852,0.1308522007651609,18925,0.7738827083544325
2024-07-16 04:00:00,1697887.7671176882,1570989.3909096487,120335.62494672975,6562.751261309707,0.12033562494672975,17404,0.7126024606341028
2024-07-17 04:00:00,1641949.7836988994,1566017.6432601232,125282.63753332241,-49350.497094546314,0.12528263753332242,18150,0.7329553499057382
2024-07-18 04:00:00,1661101.9735909007,1567837.3530634495,122866.71890320325,-29602.09837575212,0.12286671890320325,17800,0.7218491758601622
2024-07-19 04:00:00,1655448.2906435952,1567136.5200790337,123564.06515635323,-35252.29459179178,0.12356406515635324,17904,0.7251137735658666
2024-07-22 04:00:00,1716399.1933307094,1573649.2093098385,118146.40479287371,24603.579227997143,0.11814640479287371,17119,0.7026731496047458
2024-07-23 04:00:00,1760603.299295789,1640409.0658006947,120314.56008784137,-120.32659274710636,0.12031456008784137,-16456,0.6834395504952459
2024-07-24 04:00:00,1710629.6520486732,1640704.582611761,119802.7699075941,-49877.70047068204,0.1198027699075941,-16386,0.7295006245519682
2024-07-25 04:00:00,1709439.5817642133,1639004.0116564746,121494.8803108642,-51059.31020312551,0.12149488031086421,-16608,0.7405983380852771
2024-07-26 04:00:00,1699461.852826649,1639269.9963841478,120953.5375156448,-60761.681073143394,0.1209535375156448,-16534,0.7474701795258043
2024-07-29 04:00:00,1726298.2030582782,1636262.1644711,123946.40509081658,-33910.366503638455,0.12394640509081659,-16932,0.737632939173497
2024-07-30 04:00:00,1738699.8865372462,1634091.8952985231,126105.87690432595,-21497.885665603077,0.12610587690432595,-17222,0.7376526936245288
2024-07-31 04:00:00,1708766.8403203215,1635817.0215010033,123162.28367964014,-50212.464860321896,0.12316228367964013,-16820,0.7501522568265856
2024-08-01 04:00:00,1753119.6448751318,1632209.1757109028,126752.17998819791,-5841.710823969049,0.1267521799881979,-17308,0.7263414761384668
2024-08-02 04:00:00,1789018.374350456,1628494.7527829958,130448.12320004562,30075.49836741459,0.13044812320004562,-17825,0.7123491585690077
2024-08-05 04:00:00,1748913.0275215525,1633274.4807682424,125237.51653982501,-9598.969786515041,0.125237516539825,-17113,0.7215762678451505
2024-08-06 04:00:00,1774894.9987216298,1630618.116008774,127880.6655542214,16396.21715863447,0.1278806655542214,-17479,0.7112592233866408
2024-08-07 04:00:00,1791752.7419618324,1626071.0379136875,132405.1213702278,33276.582677917024,0.1324051213702278,-18114,0.7203977428331216
2024-08-08 04:00:00,1778483.1706314702,1628063.4362201327,130665.44935487425,19754.285056463126,0.13066544935487426,-17876,0.7235942570293487
2024-08-09 04:00:00,1840269.5911430903,1623910.6723745165,134797.55268384554,81561.36608472811,0.13479755268384555,-18479,0.6881677374058488
2024-08-12 04:00:00,1884551.6555195695,1884551.6555195695,0.0,0.0,0.0,0,0.0
2024-08-13 04:00:00,1884551.6555195695,1884551.6555195695,0.0,0.0,0.0,0,0.0
2024-08-14 04:00:00,1884551.6555195695,1884551.6555195695,0.0,0.0,0.0,0,0.0
2024-08-15 04:00:00,1884551.6555195695,1884551.6555195695,0.0,0.0,0.0,0,0.0
2024-08-16 04:00:00,1884551.6555195695,1884551.6555195695,0.0,0.0,0.0,0,0.0
2024-08-19 04:00:00,1884551.6555195695,1884551.6555195695,0.0,0.0,0.0,0,0.0
2024-08-20 04:00:00,1884551.6555195695,1884551.6555195695,0.0,0.0,0.0,0,0.0
2024-08-21 04:00:00,1884551.6555195695,1884551.6555195695,0.0,0.0,0.0,0,0.0
2024-08-22 04:00:00,1884551.6555195695,1884551.6555195695,0.0,0.0,0.0,0,0.0
2024-08-23 04:00:00,1884551.6555195695,1884551.6555195695,0.0,0.0,0.0,0,0.0
2024-08-26 04:00:00,1883676.068710448,1737888.4208489284,145933.56683645875,-145.91897493894248,0.14593356683645875,25216,0.774650043937013
2024-08-27 04:00:00,1891226.9838867637,1750778.9525290853,133600.74517844425,6847.286179234048,0.13360074517844425,23085,0.7100441932167775
2024-08-28 04:00:00,1843525.9392831153,1744169.8610877255,140176.955567857,-40820.87737246722,0.14017695556785698,24257,0.7382313691964266
2024-08-29 04:00:00,1865323.6242880372,1746878.654186791,137021.71717316474,-18576.747071918464,0.13702171717316475,23711,0.7246144352970534
2024-08-30 04:00:00,1929076.8723675264,1758209.1106873304,128463.27749818447,42404.484182011656,0.12846327749818448,22230,0.6879131040201649
2024-09-03 04:00:00,1663661.1130645282,1748671.0321844711,137953.90287416385,-222963.82199410675,0.13795390287416384,24217,0.6951987984001595
2024-09-04 04:00:00,1664803.4394660266,1748011.1145505644,136877.2506198294,-220084.9257043673,0.1368772506198294,24028,0.6899839063657629
2024-09-05 04:00:00,1607218.88400442,1742597.9007828399,142263.53297577417,-277642.5497541943,0.14226353297577418,25214,0.7124062511950917
2024-09-06 04:00:00,1598969.661176016,1741823.0320805067,143034.5466099365,-285887.91751442704,0.14303454660993647,25385,0.7157468814906771
2024-09-09 04:00:00,1597810.7788689844,1741614.7987132072,143241.74399033393,-287045.76383455686,0.14324174399033393,25431,0.7168381207689297
2024-09-10 04:00:00,1629007.1749943525,1737975.200678722,138639.93891620776,-247607.96460057734,0.13863993891620777,24614,0.6990708463671736
2024-09-11 04:00:00,1604877.4967745277,1735794.927186939,140809.3652761909,-271726.79568860214,0.1408093652761909,25093,0.7080707775871802
2024-09-12 04:00:00,1571268.7576928213,1732623.3954116148,143965.11828646358,-305319.7560052571,0.14396511828646358,25811,0.7219206907193769
2024-09-13 04:00:00,1565582.670544192,1732210.2613967296,144376.19690823983,-311003.78776077746,0.14437619690823983,25905,0.7235377617765004
2024-09-16 04:00:00,1549953.0679820296,1730649.8641442838,145928.83099027546,-326625.6271525295,0.14592883099027545,26265,0.7307722447524826
2024-09-17 04:00:00,1581620.7147362547,1725719.5552469604,141122.87482021688,-285221.71533092257,0.14112287482021688,25400,0.7119324009732733
2024-09-18 04:00:00,1633214.2989119864,1720492.377884221,133205.54818168108,-220483.6271539158,0.13320554818168107,23975,0.6806037979237638
2024-09-19 04:00:00,1682332.7223188821,1718518.5575313426,126432.7613940494,-162618.59660650993,0.1264327613940494,22756,0.6548698736688771
2024-09-20 04:00:00,1629204.3419889754,1713534.9940877536,131391.53098966047,-215722.1830884386,0.13139153098966047,23832,0.6740671495310794
2024-09-23 04:00:00,1630460.16281164,1630460.16281164,0.0,0.0,0.0,0,0.0
2024-09-24 04:00:00,1630460.16281164,1630460.16281164,0.0,0.0,0.0,0,0.0
2024-09-25 04:00:00,1630460.16281164,1630460.16281164,0.0,0.0,0.0,0,0.0
2024-09-26 04:00:00,1630460.16281164,1630460.16281164,0.0,0.0,0.0,0,0.0
2024-09-27 04:00:00,1630460.16281164,1630460.16281164,0.0,0.0,0.0,0,0.0
2024-09-30 04:00:00,1630460.16281164,1630460.16281164,0.0,0.0,0.0,0,0.0
2024-10-01 04:00:00,1630460.16281164,1630460.16281164,0.0,0.0,0.0,0,0.0
2024-10-02 04:00:00,1630460.16281164,1630460.16281164,0.0,0.0,0.0,0,0.0
2024-10-03 04:00:00,1630460.16281164,1630460.16281164,0.0,0.0,0.0,0,0.0
2024-10-04 04:00:00,1630460.16281164,1630460.16281164,0.0,0.0,0.0,0,0.0
2024-10-07 04:00:00,1630460.16281164,1630460.16281164,0.0,0.0,0.0,0,0.0
2024-10-08 04:00:00,1630460.16281164,1630460.16281164,0.0,0.0,0.0,0,0.0
2024-10-09 04:00:00,1630460.16281164,1630460.16281164,0.0,0.0,0.0,0,0.0
2024-10-10 04:00:00,1630460.16281164,1630460.16281164,0.0,0.0,0.0,0,0.0
2024-10-11 04:00:00,1630460.16281164,1630460.16281164,0.0,0.0,0.0,0,0.0
2024-10-14 04:00:00,1630460.16281164,1630460.16281164,0.0,0.0,0.0,0,0.0
2024-10-15 04:00:00,1630460.16281164,1630460.16281164,0.0,0.0,0.0,0,0.0
2024-10-16 04:00:00,1630460.16281164,1630460.16281164,0.0,0.0,0.0,0,0.0
2024-10-17 04:00:00,1630460.16281164,1630460.16281164,0.0,0.0,0.0,0,0.0
2024-10-18 04:00:00,1630460.16281164,1630460.16281164,0.0,0.0,0.0,0,0.0
2024-10-21 04:00:00,1630460.16281164,1630460.16281164,0.0,0.0,0.0,0,0.0
2024-10-22 04:00:00,1630460.16281164,1630460.16281164,0.0,0.0,0.0,0,0.0
2024-10-23 04:00:00,1630460.16281164,1630460.16281164,0.0,0.0,0.0,0,0.0
2024-10-24 04:00:00,1630460.16281164,1630460.16281164,0.0,0.0,0.0,0,0.0
2024-10-25 04:00:00,1630460.16281164,1630460.16281164,0.0,0.0,0.0,0,0.0
2024-10-28 04:00:00,1630460.16281164,1630460.16281164,0.0,0.0,0.0,0,0.0
2024-10-29 04:00:00,1630460.16281164,1630460.16281164,0.0,0.0,0.0,0,0.0
2024-10-30 04:00:00,1630460.16281164,1630460.16281164,0.0,0.0,0.0,0,0.0
2024-10-31 04:00:00,1630460.16281164,1630460.16281164,0.0,0.0,0.0,0,0.0
2024-11-01 04:00:00,1630460.16281164,1630460.16281164,0.0,0.0,0.0,0,0.0
2024-11-04 05:00:00,1630460.16281164,1630460.16281164,0.0,0.0,0.0,0,0.0
2024-11-05 05:00:00,1630460.16281164,1630460.16281164,0.0,0.0,0.0,0,0.0
2024-11-06 05:00:00,1630460.16281164,1630460.16281164,0.0,0.0,0.0,0,0.0
2024-11-07 05:00:00,1630460.16281164,1630460.16281164,0.0,0.0,0.0,0,0.0
2024-11-08 05:00:00,1630460.16281164,1630460.16281164,0.0,0.0,0.0,0,0.0
2024-11-11 05:00:00,1629674.8743796607,1498926.542901372,130879.22379131126,-130.8923130225402,0.13087922379131126,-24900,0.8031805305486959
2024-11-12 05:00:00,1606498.9760938701,1509448.6620515473,117991.03677378937,-20940.72273146661,0.11799103677378937,-22448,0.7474957085806402
2024-11-13 05:00:00,1617841.7642700893,1507584.960203145,119845.46647369214,-9588.662406747751,0.11984546647369214,-22798,0.7467005450243731
2024-11-14 05:00:00,1611216.6622584083,1508221.4167546127,119104.25185956851,-16109.006355772934,0.11910425185956851,-22657,0.749217379157077
2024-11-15 05:00:00,1598080.2937991503,1508721.024172622,118436.63302273375,-29077.36339620536,0.11843663302273374,-22530,0.7593133451003249
2024-11-18 05:00:00,1535924.2414848031,1510153.6998270631,112028.54355736701,-86258.001899627,0.11202854355736701,-21311,0.7855487952367441
2024-11-19 05:00:00,1525918.3031445546,1509029.3480353563,113147.30155906528,-96258.34644986689,0.11314730155906529,-21507,0.8045852517205262
2024-11-20 05:00:00,1490265.0109891882,1508386.5957013553,109417.28636376248,-127538.87107592954,0.10941728636376248,-20798,0.8197949530483997
2024-11-21 05:00:00,1501227.9719295304,1507474.0014301953,110325.3403649166,-116571.36986558161,0.1103253403649166,-20954,0.8125513221998556
2024-11-22 05:00:00,1568910.0105323612,1504026.2272994702,113755.96139051368,-48872.17815762268,0.11375596139051368,-21578,0.756214049306869
2024-11-25 05:00:00,1566293.4214949056,1504154.5980360992,113518.72817786314,-51379.90471905686,0.11351872817786314,-21533,0.7575637937400017
2024-11-26 05:00:00,1566434.1861562764,1503988.4941506837,113684.0056757889,-51238.31367019632,0.1136840056757889,-21563,0.7584604453401248
2024-11-27 05:00:00,1629827.8084761295,1499329.0375402556,118320.2809100459,12178.490025828198,0.1183202809100459,-22452,0.7184957288031091
2024-11-29 05:00:00,1647332.794837347,1498084.7902031224,119558.3379619197,29689.666672304946,0.1195583379619197,-22693,0.7077463136779286
2024-12-02 05:00:00,1719196.5823850178,1491191.1520991947,126417.67935886272,101587.75092696029,0.12641767935886272,-24116,0.6762397358007908
2024-12-03 05:00:00,1720237.0915736347,1491730.8761096767,126118.88155974781,102387.33390421025,0.12611888155974782,-24059,0.6736289360167336
2024-12-04 05:00:00,1717101.4723944596,1491226.1452135846,126621.10135685428,99254.22582402089,0.12662110135685428,-24163,0.6796085184862295
2024-12-05 05:00:00,1724967.0133742897,1490074.0596725862,127767.45512899203,107125.49857271156,0.12776745512899204,-24402,0.6785921374968454
2024-12-06 05:00:00,1720617.4002509543,1603743.7165112942,116990.66270446799,-116.97896480791918,0.116990662704468,24325,0.6798662200610414
2024-12-09 05:00:00,1781841.0584861385,1603443.6123405355,117289.27381965089,61108.17232595198,0.11728927381965089,24384,0.6925426398979012
2024-12-10 05:00:00,1777214.7615443324,1602855.7873993416,117874.17425864983,56484.79988634093,0.11787417425864984,24500,0.6950350453984944
2024-12-11 05:00:00,1750209.1610682243,1600154.3676968303,120562.15406214366,29492.639309250288,0.12056215406214366,25045,0.7056951862695349
2024-12-12 05:00:00,1790135.151155377,1607823.982747842,115676.12545870681,66635.04294882811,0.11567612545870681,24030,0.6834100189286267
2024-12-13 05:00:00,1759116.4361947672,1604492.3798783466,118991.15318954815,35632.90312687252,0.11899115318954814,24698,0.6966818169656754
2024-12-16 05:00:00,1741709.78241792,1602919.0582118598,120556.64738505748,18234.07682100265,0.12055664738505749,25018,0.7026432090038803
2024-12-17 05:00:00,1684190.8697712277,1595820.1958960148,127620.191977938,-39249.518102725,0.127620191977938,26533,0.7344490603043564
2024-12-18 05:00:00,1672134.2338130216,1594887.5424548863,128548.20535219532,-51301.51399406007,0.12854820535219533,26734,0.7380869995787069
2024-12-19 05:00:00,1661516.5396822018,1592463.2356617034,130960.45091755147,-61907.146897053084,0.13096045091755146,27261,0.750938875707556
2024-12-20 05:00:00,1733707.7190115738,1733707.7190115738,0.0,0.0,0.0,0,0.0
2024-12-23 05:00:00,1733707.7190115738,1733707.7190115738,0.0,0.0,0.0,0,0.0
2024-12-24 05:00:00,1733707.7190115738,1733707.7190115738,0.0,0.0,0.0,0,0.0
2024-12-26 05:00:00,1733707.7190115738,1733707.7190115738,0.0,0.0,0.0,0,0.0
2024-12-27 05:00:00,1733707.7190115738,1733707.7190115738,0.0,0.0,0.0,0,0.0
2024-12-30 05:00:00,1733707.7190115738,1733707.7190115738,0.0,0.0,0.0,0,0.0
2024-12-31 05:00:00,1732894.825912109,1597550.394366962,135479.92501951428,-135.49347436699009,0.13547992501951428,-26867,0.7818909280638772
2025-01-02 05:00:00,1695018.9727094076,1607929.3394789277,120942.06728209442,-33852.434051614415,0.12094206728209442,-23984,0.7334862481717508
2025-01-03 05:00:00,1757330.2079801937,1603228.7732531838,125619.24760621756,28482.187120792194,0.12561924760621757,-24934,0.6986224235867802
2025-01-06 05:00:00,1757777.107229354,1603561.8898635218,125347.19180407046,28868.025561761704,0.12534719180407047,-24880,0.6966775750135862
2025-01-07 05:00:00,1816255.7789623376,1599436.0499322494,129452.50516852066,87367.22386156775,0.12945250516852067,-25756,0.6646408737173085
2025-01-08 05:00:00,1796751.6023497777,1599871.0990104147,129166.01686309258,67714.4864762704,0.12916601686309256,-25699,0.6811991599473121
2025-01-09 05:00:00,1774239.0567953105,1603425.018923181,126522.28267615975,44291.75519596954,0.12652228267615975,-25173,0.6881434984138577
2025-01-10 05:00:00,1745239.105032811,1606490.6433469509,123773.00016617448,14975.46151968549,0.12377300016617447,-24626,0.7006229327637437
2025-01-13 05:00:00,1826202.1166867584,1600377.9089592942,129855.32293996232,95968.88478750172,0.12985532293996233,-25938,0.6585165648553437
2025-01-14 05:00:00,1722742.813268631,1614563.1980525535,114716.04864855797,-6536.433432480519,0.11471604864855797,-22914,0.6696861023202317
2025-01-15 05:00:00,1707947.171443226,1614854.4314348048,114355.58973685787,-21262.84972843663,0.11435558973685787,-22842,0.6819992834513354
2025-01-16 05:00:00,1679692.3072071066,1615640.5539626412,112953.80508024635,-48902.05183578102,0.11295380508024636,-22562,0.7015809369262906
2025-01-17 05:00:00,1642766.5724479638,1616467.263371573,109419.30519607589,-83119.99611968534,0.10941930519607589,-21856,0.716664843213893
2025-01-21 05:00:00,1621235.5699786504,1616533.5915644888,107632.02975889621,-102930.05134473454,0.10763202975889621,-21499,0.7273775451085285
2025-01-22 05:00:00,1706758.4131632757,1609995.2357855937,114137.85640456287,-17374.679026881025,0.11413785640456288,-22778,0.6789204811505204
2025-01-23 05:00:00,1647905.5307479787,1612288.0732426506,107107.58980803983,-71490.13230271166,0.10710758980803983,-21375,0.6933443750653008
2025-01-24 05:00:00,1640144.9477160857,1612335.100574187,106922.18719644229,-79112.34005454372,0.1069221871964423,-21338,0.7001419073466835
2025-01-27 05:00:00,1632407.9670283152,1612445.9236322565,106310.85966630986,-86348.81627025103,0.10631085966630986,-21216,0.7041483723127476
2025-01-28 05:00:00,1635931.7263772222,1612055.1275425712,106699.71149684238,-82823.11266219124,0.10669971149684239,-21288,0.7028534315285253
2025-01-29 05:00:00,1589197.6465832219,1611268.5293799625,103136.03736708596,-125206.92016382662,0.10313603736708596,-20577,0.7277680635390495
2025-01-30 05:00:00,1574546.2950561498,1610792.123176864,101822.84099297036,-138068.66911368462,0.10182284099297036,-20315,0.7343684226205326
2025-01-31 05:00:00,1556118.4946578378,1610004.4543031547,100374.31522152225,-154260.27486683917,0.10037431522152225,-20026,0.7441614703876942
2025-02-03 05:00:00,1475324.4735590466,1601034.0484788585,93723.12595262381,-219432.70087243576,0.09372312595262382,-18699,0.7840064888291037
2025-02-04 05:00:00,1505034.5489385093,1599380.6815875608,95368.2671379946,-189714.399787046,0.0953682671379946,-18972,0.7597148331069359
2025-02-05 05:00:00,1523273.7669773775,1596108.8738539764,98623.79722116323,-171458.90409776228,0.09862379722116323,-19521,0.7600057858323166
2025-02-06 05:00:00,1447953.1372539846,1584969.3042487274,91242.54791323231,-228258.71490797514,0.0912425479132323,-18060,0.7877908232607473
2025-02-07 05:00:00,1398200.656159034,1575244.1217048692,86508.64606413493,-263552.11160997034,0.08650864606413493,-17123,0.8072078691135633
2025-02-10 05:00:00,1452686.1324498672,1572375.8952900234,89362.60269582228,-209052.36553597852,0.08936260269582227,-17578,0.7590616912096498
2025-02-11 05:00:00,1394732.5646932381,1567293.5040476539,86815.63125705751,-259376.5706114733,0.0868156312570575,-17077,0.808422282324814
2025-02-12 05:00:00,1422474.326180421,1563009.3098357294,91078.51106991775,-231613.49472522625,0.09107851106991774,-17739,0.8031066602740968
2025-02-13 05:00:00,1389212.4363394992,1557392.9923490977,88146.78832224746,-256327.34433184617,0.08814678832224747,-17168,0.8190217693071846
2025-02-14 05:00:00,1381428.0423158244,1555633.5339836953,87268.81180762117,-261474.30347549228,0.08726881180762117,-16997,0.8210072380247876
2025-02-18 05:00:00,1457704.3644782933,1551136.6970952454,91743.27637324303,-185175.60899019492,0.09174327637324303,-17716,0.7564005429298725
2025-02-19 05:00:00,1467426.999514882,1550553.9794246524,92323.09495094752,-175450.07486071784,0.09232309495094752,-17810,0.7487125592846577
2025-02-20 05:00:00,1449432.0001415,1548808.713462305,94059.67799805928,-193436.39131886428,0.09405967799805928,-18087,0.7823983265091071
2025-02-21 05:00:00,1476533.8732217858,1545838.2998145025,97015.3134685096,-166319.7400612262,0.0970153134685096,-18570,0.7696896734692225
2025-02-24 05:00:00,1513673.368877705,1401302.0630910574,112483.77831771215,-112.47253106458322,0.11248377831771214,19022,0.7430436009321953
2025-02-25 05:00:00,1508442.9134014782,1410861.8238024693,102389.68676118104,-4808.597162172297,0.10238968676118104,17315,0.675589550917532
2025-02-26 05:00:00,1464306.9604816842,1406837.8914519998,106393.59954771778,-48924.53051803335,0.10639359954771778,18026,0.6931685038396979
2025-02-27 05:00:00,1482036.1699853989,1407880.6080997367,104906.23756580139,-30750.67568013927,0.10490623756580139,17774,0.6871031359429691
2025-02-28 05:00:00,1443602.9847797486,1404594.6657753123,108175.83191846256,-69167.51291402633,0.10817583191846256,18367,0.701433023446603
2025-03-03 05:00:00,1782505.0039703525,1569760.4159667052,60840.43903292416,151904.14897072315,0.06084043903292416,10330,0.42653935759308015
2025-03-04 05:00:00,1802114.0256960597,1716815.6241204264,85383.79390877561,-85.39233314212015,0.08538379390877561,-11296,0.4738453389990535
2025-03-05 05:00:00,1812265.9433768725,1707606.0612776098,94547.53803098125,10112.344068281433,0.09454753803098125,-12523,0.5161290149825525
2025-03-06 05:00:00,1860722.1522843644,1703770.1390050354,98364.37611314474,58587.63716618442,0.09836437611314473,-13062,0.49714898209256764
2025-03-07 05:00:00,1883404.5608142712,1701402.8735301592,100719.86414784733,81281.82313626463,0.10071986414784732,-13403,0.4916186557082021
2025-03-10 04:00:00,1881353.3090328595,1701617.027702664,100599.62854191093,79136.65278828445,0.10059962854191093,-13387,0.4926558069559473
2025-03-11 04:00:00,1866624.3379787444,1703336.811905009,99547.56698996744,63739.95908376805,0.09954756698996745,-13247,0.4991554496845505
2025-03-12 04:00:00,1867980.1779722967,1702779.2527683596,100102.35220056388,65098.57300337319,0.10010235220056388,-13326,0.5010358032911344
2025-03-13 04:00:00,1866516.947345581,1702815.9874242586,100079.81677683571,63621.143144486494,0.10007981677683571,-13323,0.5020993921092723
2025-03-14 04:00:00,1871773.2205873888,1702218.5163999475,100674.31530848851,68880.38887895284,0.10067431530848851,-13408,0.5010557656720925
2025-03-17 04:00:00,1830283.8492762053,1707971.801279776,96131.65713712548,26180.39085930367,0.09613165713712549,-12803,0.5109241284524013
2025-03-18 04:00:00,1822928.9273721536,1707402.1916776877,96698.4328605964,18828.30283386952,0.0966984328605964,-12880,0.5201278072529744
2025-03-19 04:00:00,1811438.5790970374,1708599.1338621366,95579.79415747304,7259.651077427644,0.09557979415747303,-12731,0.5236381191407156
2025-03-20 04:00:00,1818477.1120777342,1707885.7067777303,96289.67185339985,14301.733446604037,0.09628967185339984,-12827,0.5216425209793046
2025-03-21 04:00:00,1817145.3350396266,1707855.938920875,96319.29161146472,12970.104507286773,0.09631929161146473,-12831,0.522920645522632
2025-03-24 04:00:00,1832970.5070513356,1706033.772040691,98132.39298478224,28804.342025862403,0.09813239298478224,-13080,0.519658982049995
2025-03-25 04:00:00,1810511.3419574823,1708496.385675782,95806.6252611368,6208.33102056328,0.0958066252611368,-12770,0.5257398280430978
2025-03-26 04:00:00,1808056.582738147,1708008.2568467143,96292.32558856743,3756.000302865159,0.09629232558856743,-12835,0.5304962603162744
2025-03-27 04:00:00,1805944.7426935732,1708281.3387641185,96022.2419328457,1641.1619966091441,0.0960222419328457,-12799,0.5307921303849644
2025-03-28 04:00:00,1809810.1719172397,1707411.8252393685,96887.42951966157,5510.917158209694,0.09688742951966157,-12915,0.5323007865614205
2025-03-31 04:00:00,1810362.7525569252,1661045.2421281415,143023.33311292232,6294.177315861369,0.1430233331129223,-19106,0.7865490779691612
2025-04-01 04:00:00,1783283.50883588,1666071.4269752577,137102.08028698692,-19889.99842636455,0.13710208028698692,-18315,0.7799717736436731
2025-04-02 04:00:00,1741969.7654327904,1668514.2269340027,132640.5547695944,-59185.01627080684,0.1326405547695944,-17719,0.7954159661447986
2025-04-03 04:00:00,1836069.805237292,1661629.4689664699,139491.06020992566,34949.27606089656,0.13949106020992566,-18659,0.7406915151913848
2025-04-04 04:00:00,1814361.2598287447,1663827.7097845923,137472.59264699733,13060.957397154978,0.13747259264699732,-18389,0.750492748727089
2025-04-07 04:00:00,1805596.390389006,1664540.5488698585,136777.34270865534,4278.498810491875,0.13677734270865535,-18296,0.7551493431941921
2025-04-08 04:00:00,1797320.2827975815,1797320.2827975815,0.0,0.0,0.0,0,0.0
2025-04-09 04:00:00,1797320.2827975815,1797320.2827975815,0.0,0.0,0.0,0,0.0
2025-04-10 04:00:00,1797320.2827975815,1797320.2827975815,0.0,0.0,0.0,0,0.0
2025-04-11 04:00:00,1797320.2827975815,1797320.2827975815,0.0,0.0,0.0,0,0.0
2025-04-14 04:00:00,1797320.2827975815,1797320.2827975815,0.0,0.0,0.0,0,0.0
2025-04-15 04:00:00,1797320.2827975815,1797320.2827975815,0.0,0.0,0.0,0,0.0
2025-04-16 04:00:00,1797320.2827975815,1797320.2827975815,0.0,0.0,0.0,0,0.0
2025-04-17 04:00:00,1797320.2827975815,1797320.2827975815,0.0,0.0,0.0,0,0.0
2025-04-21 04:00:00,1797320.2827975815,1797320.2827975815,0.0,0.0,0.0,0,0.0
2025-04-22 04:00:00,1797320.2827975815,1797320.2827975815,0.0,0.0,0.0,0,0.0
2025-04-23 04:00:00,1797320.2827975815,1797320.2827975815,0.0,0.0,0.0,0,0.0
2025-04-24 04:00:00,1797320.2827975815,1797320.2827975815,0.0,0.0,0.0,0,0.0
2025-04-25 04:00:00,1797320.2827975815,1797320.2827975815,0.0,0.0,0.0,0,0.0
2025-04-28 04:00:00,1797320.2827975815,1797320.2827975815,0.0,0.0,0.0,0,0.0
2025-04-29 04:00:00,1797320.2827975815,1797320.2827975815,0.0,0.0,0.0,0,0.0
2025-04-30 04:00:00,1797320.2827975815,1797320.2827975815,0.0,0.0,0.0,0,0.0
2025-05-01 04:00:00,1797320.2827975815,1797320.2827975815,0.0,0.0,0.0,0,0.0
2025-05-02 04:00:00,1797320.2827975815,1797320.2827975815,0.0,0.0,0.0,0,0.0
2025-05-05 04:00:00,1797320.2827975815,1797320.2827975815,0.0,0.0,0.0,0,0.0
2025-05-06 04:00:00,1797320.2827975815,1797320.2827975815,0.0,0.0,0.0,0,0.0
2025-05-07 04:00:00,1797320.2827975815,1797320.2827975815,0.0,0.0,0.0,0,0.0
2025-05-08 04:00:00,1797320.2827975815,1797320.2827975815,0.0,0.0,0.0,0,0.0
2025-05-09 04:00:00,1797320.2827975815,1797320.2827975815,0.0,0.0,0.0,0,0.0
2025-05-12 04:00:00,1797320.2827975815,1797320.2827975815,0.0,0.0,0.0,0,0.0
2025-05-13 04:00:00,1797320.2827975815,1797320.2827975815,0.0,0.0,0.0,0,0.0
2025-05-14 04:00:00,1797320.2827975815,1797320.2827975815,0.0,0.0,0.0,0,0.0
2025-05-15 04:00:00,1797320.2827975815,1797320.2827975815,0.0,0.0,0.0,0,0.0
2025-05-16 04:00:00,1797320.2827975815,1797320.2827975815,0.0,0.0,0.0,0,0.0
2025-05-19 04:00:00,1797320.2827975815,1797320.2827975815,0.0,0.0,0.0,0,0.0
2025-05-20 04:00:00,1797320.2827975815,1797320.2827975815,0.0,0.0,0.0,0,0.0
2025-05-21 04:00:00,1797320.2827975815,1797320.2827975815,0.0,0.0,0.0,0,0.0
2025-05-22 04:00:00,1797320.2827975815,1797320.2827975815,0.0,0.0,0.0,0,0.0
2025-05-23 04:00:00,1797320.2827975815,1797320.2827975815,0.0,0.0,0.0,0,0.0
2025-05-27 04:00:00,1796457.4910704277,1652800.2600731251,143801.017636275,-143.78663897234992,0.143801017636275,18277,0.8003898766716814
2025-05-28 04:00:00,1778161.3291585185,1661456.0597820054,133808.82567927608,-17103.556302763056,0.13380882567927607,17007,0.7428936164724317
2025-05-29 04:00:00,1752990.3568021606,1658484.6535838575,136765.4487620104,-42259.745543707075,0.1367654487620104,17395,0.7560764592534371
2025-05-30 04:00:00,1707457.359173477,1653892.155142322,141335.09895259302,-87769.89492143797,0.14133509895259302,18016,0.7763479933965447
2025-06-02 04:00:00,1655928.9229864958,1650387.9256150818,144821.8945020858,-139280.89713067177,0.1448218945020858,18509,0.7904554535646944
2025-06-03 04:00:00,1690449.3954625868,1651226.0420911582,141731.2549036027,-102507.90153217413,0.1417312549036027,18114,0.777784091634438
2025-06-04 04:00:00,1630015.832933535,1646694.86000919,146239.89379113325,-162918.92086678816,0.14623989379113325,18765,0.7972192605674716
2025-06-05 04:00:00,1665497.726259381,1647352.1099349428,140909.3269191303,-122763.71059469199,0.1409093269191303,18081,0.7723394264161733
2025-06-06 04:00:00,1644346.5705875077,1644356.0220284886,143890.50891560217,-143899.9603565832,0.14389050891560218,18507,0.7875499921751573
2025-06-09 04:00:00,1649926.5577794511,1644389.4495643957,142887.5437861856,-137350.43557113016,0.1428875437861856,18378,0.7827772673887502
2025-06-10 04:00:00,1652196.9477886632,1644233.781389103,143042.43749294442,-135079.2710933843,0.14304243749294443,18400,0.7840137373270045
2025-06-11 04:00:00,1648231.1323884544,1643789.368215095,143484.6396561364,-139042.8754827771,0.1434846396561364,18463,0.7861782826543481
2025-06-12 04:00:00,1604346.7936004414,1637375.99640214,149866.10414663889,-182895.30694833738,0.1498661041466389,19404,0.8201255113710405
2025-06-13 04:00:00,1593375.6325344304,1636686.6112799353,150552.05949211618,-193863.038237621,0.15055205949211617,19506,0.8231941859166078
2025-06-16 04:00:00,1679831.060554489,1640782.7286793748,136003.17032249458,-96954.83844738033,0.1360031703224946,17621,0.7519070782990765
2025-06-17 04:00:00,1677247.4480170538,1640121.2609659457,136661.34715177724,-99535.16010066908,0.13666134715177725,17713,0.7554510295514961
2025-06-18 04:00:00,1736918.1174525528,1645771.4430018188,128621.99053617561,-37475.316085441715,0.12862199053617562,16671,0.7189426932271179
2025-06-20 04:00:00,1782546.0777893362,1649948.9499802764,124671.75004943085,7925.377759628861,0.12467175004943085,16159,0.7038487778166777
2025-06-23 04:00:00,1819889.0644362585,1695054.0461287498,124959.99079555293,-124.97248804428204,0.12495999079555294,-15612,0.6867038792997509
2025-06-24 04:00:00,1850850.8801457582,1687750.773463641,132226.9287707856,30873.177911331375,0.1322269287707856,-16543,0.6977310401661446
2025-06-25 04:00:00,1874867.5579079133,1685518.1861861537,134448.40864888247,54900.96307287715,0.13444840864888247,-16833,0.6878262509672625
2025-06-26 04:00:00,1822480.992574093,1692193.3221040878,127858.97496888912,2428.695501115996,0.12785897496888912,-16008,0.7002328470846273
2025-06-27 04:00:00,1883834.7965301236,1687068.8248461983,132957.9772155453,63807.9944683799,0.1329579772155453,-16680,0.6719123035727578
2025-06-30 04:00:00,1850268.8837072414,1691090.8631623292,129665.91219216281,29512.108352749423,0.1296659121921628,-16267,0.684844794573853
2025-07-01 04:00:00,1851750.366071165,1689190.9379862526,131556.38500417935,31003.04308073314,0.13155638500417935,-16510,0.6937008521761471
2025-07-02 04:00:00,1860659.5940954548,1688142.749787538,132599.35833623356,39917.48597168323,0.13259935833623357,-16645,0.691193650612845
2025-07-03 04:00:00,1873473.8746107642,1684914.2611518612,135811.78483939462,52747.82861950824,0.13581178483939463,-17065,0.6967644638469499
2025-07-04 04:00:00,1821894.692231288,1690940.202549692,129803.11812074576,1151.3715608501043,0.12980311812074577,-16310,0.711830280408967
2025-07-07 04:00:00,1835475.3181607928,1688900.2870797014,131832.88475755235,14742.146323539182,0.13183288475755237,-16568,0.7102175051627612
2025-07-08 04:00:00,1795624.814293196,1692551.6196532012,127289.39265249668,-24216.19801250184,0.12728939265249667,-15997,0.7223725770620094
2025-07-09 04:00:00,1815682.98425837,1690666.422886991,129165.21033031777,-4148.648958938731,0.12916521033031778,-16232,0.7136712540110054
2025-07-10 04:00:00,1792677.080588004,1792677.080588004,0.0,0.0,0.0,0,0.0
2025-07-11 04:00:00,1792677.080588004,1792677.080588004,0.0,0.0,0.0,0,0.0
2025-07-14 04:00:00,1792677.080588004,1792677.080588004,0.0,0.0,0.0,0,0.0
2025-07-15 04:00:00,1792677.080588004,1792677.080588004,0.0,0.0,0.0,0,0.0
2025-07-16 04:00:00,1792677.080588004,1792677.080588004,0.0,0.0,0.0,0,0.0
2025-07-17 04:00:00,1792677.080588004,1792677.080588004,0.0,0.0,0.0,0,0.0
2025-07-18 04:00:00,1792677.080588004,1792677.080588004,0.0,0.0,0.0,0,0.0
2025-07-21 04:00:00,1792677.080588004,1792677.080588004,0.0,0.0,0.0,0,0.0
2025-07-22 04:00:00,1792677.080588004,1792677.080588004,0.0,0.0,0.0,0,0.0
2025-07-23 04:00:00,1792677.080588004,1792677.080588004,0.0,0.0,0.0,0,0.0
2025-07-24 04:00:00,1792677.080588004,1792677.080588004,0.0,0.0,0.0,0,0.0
2025-07-25 04:00:00,1792677.080588004,1792677.080588004,0.0,0.0,0.0,0,0.0
2025-07-28 04:00:00,1792677.080588004,1792677.080588004,0.0,0.0,0.0,0,0.0
2025-07-29 04:00:00,1792677.080588004,1792677.080588004,0.0,0.0,0.0,0,0.0
2025-07-30 04:00:00,1792677.080588004,1792677.080588004,0.0,0.0,0.0,0,0.0
2025-07-31 04:00:00,1792677.080588004,1792677.080588004,0.0,0.0,0.0,0,0.0
2025-08-01 04:00:00,1791865.0619867356,1656661.698179175,135338.6889640091,-135.3251564484533,0.1353386889640091,18648,0.7552195716027975
2025-08-04 04:00:00,1838125.1258701426,1677187.3879359367,119967.20981204798,40970.52812215797,0.11996720981204798,16530,0.6749500394622672
2025-08-05 04:00:00,1832493.8596876261,1674243.6453214393,122896.30694090117,35353.90742528576,0.12289630694090116,16922,0.6899433633299145
2025-08-06 04:00:00,1880968.933913709,1683932.5630822377,117115.34367858245,79921.02715288881,0.11711534367858245,16126,0.6651223427362077
2025-08-07 04:00:00,1888940.839959376,1683799.157576096,117248.0854757383,87893.59690754156,0.11724808547573831,16143,0.6672387112409675
2025-08-08 04:00:00,1909064.2730896957,1687707.1907169963,115207.15677483498,106149.92559786454,0.11520715677483498,15862,0.6590775968531772
2025-08-11 04:00:00,1900387.2991831761,1686567.024587585,116341.65043594078,97478.62415965048,0.11634165043594079,16006,0.6634937673289102
2025-08-12 04:00:00,1903833.3911530538,1686297.0825981384,116610.24943041494,100926.05912450049,0.11661024943041494,16040,0.6655144086223196
2025-08-13 04:00:00,1922580.9838152293,1689175.0312505986,115185.33615807322,118220.6164065573,0.11518533615807322,15844,0.660608831918703
2025-08-14 04:00:00,1906416.7668494142,1687011.3946657765,117338.20838177683,102067.16380186082,0.11733820838177683,16116,0.6690296003467615
2025-08-15 04:00:00,1905622.530305884,1905622.530305884,0.0,0.0,0.0,0,0.0
2025-08-18 04:00:00,1905622.530305884,1905622.530305884,0.0,0.0,0.0,0,0.0
2025-08-19 04:00:00,1904761.848369112,1761460.7088338388,143444.59847964707,-143.45894437399366,0.14344459847964708,-17290,0.7531594802621459
2025-08-20 04:00:00,1871523.1693627688,1770541.0638605095,131522.68477141962,-30540.57926916038,0.13152268477141962,-15853,0.7190760173391677
2025-08-21 04:00:00,1814142.0803653733,1771328.9384448975,129100.13863168238,-86286.99671120674,0.12910013863168238,-15561,0.7591954334418176
2025-08-22 04:00:00,1833345.1779017656,1769399.4989313148,131019.97894370506,-67074.2999732543,0.13101997894370507,-15781,0.7512355589178102
2025-08-25 04:00:00,1874704.8944327831,1766354.102401384,134050.2242471189,-25699.43221571972,0.1340502242471189,-16139,0.7287555917435588
2025-08-26 04:00:00,1880318.824083451,1765947.459658699,134454.8438915815,-20083.479466829776,0.1344548438915815,-16187,0.7257449645795178
2025-08-27 04:00:00,1877791.7877947395,1766180.663674972,134172.4280830738,-22561.30396330639,0.1341724280830738,-16153,0.7265371984591797
2025-08-28 04:00:00,1821615.2047431876,1768226.2002238487,129147.08796109897,-75758.08344175997,0.12914708796109897,-15548,0.7505586028776601
2025-08-29 04:00:00,1837194.1384342664,1757219.3821885553,140099.14570765954,-60124.38946194826,0.14009914570765955,-16808,0.7952974680094329
2025-09-02 04:00:00,2043764.2704092918,1917657.2595981173,126233.23142053414,-126.22060935962742,0.12623323142053414,16931,0.6175888833516047
2025-09-03 04:00:00,2072595.07232005,1909272.3247186923,134576.4502060317,28746.297395325866,0.1345764502060317,18025,0.6631834736136006
2025-09-04 04:00:00,2072441.5583765283,1908919.797738007,134927.22332114138,28594.53731737981,0.13492722332114138,18071,0.6648519303039655
2025-09-05 04:00:00,2057784.8243387959,1907509.5165769677,136330.48815799644,13944.81960383181,0.13633048815799645,18257,0.6692875197125295
2025-09-08 04:00:00,2046922.2461894357,1906336.0231560988,137498.1433031396,3088.079730197327,0.1374981433031396,18413,0.6732397946854193
2025-09-09 04:00:00,2085076.5281096748,1911930.671385485,133174.490179123,39971.36654506662,0.133174490179123,17834,0.6578733441404622
2025-09-10 04:00:00,2062976.0621844279,1909443.3986325406,135649.38844075912,17883.275111127998,0.13564938844075913,18161,0.6662109099140148
2025-09-11 04:00:00,2050503.2017590592,1908222.3480347795,136864.36415992427,5416.489564355354,0.13686436415992426,18323,0.67010874695774
2025-09-12 04:00:00,2048534.1368793305,1908034.1841770809,137051.59187902737,3448.3608232221322,0.13705159187902738,18348,0.6707060697101913
2025-09-15 04:00:00,2089755.5386877884,1914156.8973788812,132412.99156526697,43185.64974364022,0.13241299156526698,17727,0.6542945048275272
2025-09-16 04:00:00,2113313.3892188896,1917021.0889893002,130500.78274027073,65791.5174893187,0.13050078274027074,17471,0.6486493446193002
2025-09-17 04:00:00,2090598.930444228,1913771.4939892273,133734.21060103973,43093.225853960954,0.13373421060103974,17890,0.6603061504346176
2025-09-18 04:00:00,2079234.0252945211,1912386.971339223,135111.84507865593,31735.208876642057,0.13511184507865592,18070,0.6650784100492587
2025-09-19 04:00:00,2034477.325883048,1906782.369610832,140688.5632163584,-12993.606944142555,0.1406885632163584,18823,0.6851351978643622
2025-09-22 04:00:00,2043368.3678432144,1908152.6638698853,139268.44809065538,-4052.744117326214,0.1392684480906554,18633,0.6795797364010946
2025-09-23 04:00:00,2060967.5989362954,1909775.8095839124,137781.06435373484,13410.724998648126,0.13778106435373483,18434,0.6750331102992746
2025-09-24 04:00:00,2042175.3829413152,1907815.2283759376,139731.89142634664,-5371.736860969209,0.13973189142634665,18696,0.6816002136886476
2025-09-25 04:00:00,2055368.6658333323,1909463.2373745611,138162.37403227665,7743.054426494432,0.13816237403227666,18486,0.6759696291205026
2025-09-26 04:00:00,2071163.0332134296,1909532.8498960407,138102.58289345494,23527.60042393399,0.13810258289345492,18478,0.6781472085175758
2025-09-29 04:00:00,2073234.0773668536,1932961.3016760605,140413.20293645427,-140.42724566110323,0.14041320293645426,-18425,0.6773342537344954
2025-09-30 04:00:00,2066394.2584545703,1907589.6331398217,165658.6442660452,-6854.018951296682,0.16565864426604518,-21722,0.804996652892277
2025-10-01 04:00:00,2214603.157242937,1906797.5351391444,166446.80148064936,141358.82062314337,0.16644680148064936,-21835,0.6877571673290395
2025-10-02 04:00:00,2246998.009956581,1903929.8256238108,169300.24378446405,173767.9405483063,0.16930024378446404,-22253,0.6761174200264154
2025-10-03 04:00:00,2262665.0108249304,1902578.6626449053,170644.6845594943,189441.66362053092,0.17064468455949428,-22452,0.6704506299946433
2025-10-06 04:00:00,2232142.773059322,1910834.6574429239,166358.04630492657,154950.06931147163,0.16635804630492657,-21888,0.6758664418540307
2025-10-07 04:00:00,2229611.23930251,1909176.5120470983,168007.9422211709,152426.7850342408,0.1680079422211709,-22127,0.68516547201088
2025-10-08 04:00:00,2230884.948354868,1909037.8708765912,168145.89363461084,153701.18384366616,0.16814589363461083,-22147,0.6848213995208775
2025-10-09 04:00:00,2222055.896730115,1911024.8832824503,167075.38426528405,143955.62918238083,0.16707538426528407,-22006,0.6871106238673975
2025-10-10 04:00:00,2234868.0606456627,1909600.6924816095,168492.48953975254,156774.87862430065,0.16849248953975254,-22212,0.6837763909569387
2025-10-13 04:00:00,2187318.009206701,2187318.009206701,0.0,0.0,0.0,0,0.0
2025-10-14 04:00:00,2187318.009206701,2187318.009206701,0.0,0.0,0.0,0,0.0
2025-10-15 04:00:00,2187318.009206701,2187318.009206701,0.0,0.0,0.0,0,0.0
2025-10-16 04:00:00,2187318.009206701,2187318.009206701,0.0,0.0,0.0,0,0.0
2025-10-17 04:00:00,2187318.009206701,2187318.009206701,0.0,0.0,0.0,0,0.0
