指标名称,仓单数量:焦炭,仓单数量:焦煤,港口库存:环渤海港,港口铁路调入量:环渤海港
2002-01-23,,,244.50 ,
2002-02-07,,,0.00 ,
2002-03-20,,,316.00 ,
2002-03-27,,,340.30 ,
2002-04-24,,,330.50 ,
2002-05-08,,,336.00 ,
2002-05-29,,,329.30 ,
2002-06-05,,,298.30 ,
2002-06-19,,,332.70 ,
2002-07-03,,,321.10 ,
2002-07-10,,,339.20 ,
2002-07-17,,,357.10 ,
2002-07-25,,,313.80 ,
2002-08-07,,,281.60 ,
2002-08-14,,,255.60 ,
2002-08-21,,,286.30 ,
2002-09-05,,,266.60 ,
2002-09-11,,,273.80 ,
2002-09-18,,,285.50 ,
2002-09-25,,,277.40 ,
2002-10-23,,,276.40 ,
2002-11-06,,,258.70 ,
2002-11-20,,,256.50 ,
2002-11-27,,,245.80 ,
2002-12-04,,,251.90 ,
2002-12-18,,,278.50 ,
2003-01-02,,,245.30 ,
2003-01-08,,,253.60 ,
2003-01-15,,,248.00 ,
2003-02-12,,,296.10 ,
2003-02-19,,,284.90 ,
2003-02-26,,,290.70 ,
2003-03-12,,,309.80 ,
2003-03-19,,,306.80 ,
2003-03-26,,,353.20 ,
2003-04-02,,,328.00 ,
2003-04-09,,,310.80 ,
2003-04-16,,,324.40 ,
2003-05-07,,,345.30 ,
2003-05-14,,,353.10 ,
2003-05-21,,,388.20 ,
2003-06-04,,,388.20 ,
2003-07-02,,,321.50 ,
2003-07-09,,,341.80 ,
2003-08-13,,,307.60 ,
2003-08-21,,,271.30 ,
2003-09-24,,,272.90 ,
2003-10-09,,,253.10 ,
2003-10-30,,,277.00 ,
2003-11-04,,,266.50 ,
2003-11-11,,,260.70 ,
2003-11-26,,,226.40 ,
2003-12-02,,,219.20 ,
2003-12-17,,,206.60 ,
2003-12-23,,,227.90 ,
2004-01-05,,,277.50 ,
2004-01-29,,,273.80 ,
2004-02-08,,,255.70 ,
2004-02-11,,,266.60 ,
2004-02-19,,,274.30 ,
2004-02-26,,,276.90 ,
2004-03-03,,,273.70 ,
2004-03-10,,,282.70 ,
2004-03-18,,,267.60 ,
2004-03-24,,,265.60 ,
2004-03-31,,,255.80 ,
2004-04-06,,,223.20 ,
2004-04-14,,,204.90 ,
2004-04-26,,,214.30 ,
2004-05-18,,,275.30 ,
2004-05-26,,,288.80 ,
2004-06-02,,,284.30 ,
2004-06-15,,,289.50 ,
2004-06-23,,,295.30 ,
2004-06-29,,,291.80 ,
2004-07-07,,,279.30 ,
2004-07-14,,,260.20 ,
2004-07-27,,,272.00 ,
2004-08-04,,,279.70 ,
2004-08-10,,,278.50 ,
2004-08-17,,,248.80 ,
2004-08-31,,,253.40 ,
2004-09-08,,,281.60 ,
2004-09-15,,,306.00 ,
2004-09-22,,,305.20 ,
2004-09-29,,,271.20 ,
2004-10-08,,,283.70 ,
2004-10-12,,,282.10 ,
2004-10-20,,,263.50 ,
2004-11-10,,,247.50 ,
2004-11-24,,,255.40 ,
2004-12-01,,,266.50 ,
2004-12-08,,,224.60 ,
2004-12-22,,,207.50 ,
2005-01-13,,,294.10 ,
2005-01-19,,,287.90 ,
2005-02-17,,,407.90 ,
2005-02-23,,,409.30 ,
2005-03-01,,,368.30 ,
2005-03-07,,,407.20 ,
2005-03-16,,,422.80 ,
2005-03-23,,,417.20 ,
2005-03-29,,,400.80 ,
2005-04-06,,,382.00 ,
2005-04-13,,,343.60 ,
2005-04-19,,,302.70 ,
2005-04-27,,,298.10 ,
2005-05-07,,,306.90 ,
2005-05-18,,,363.60 ,
2005-05-25,,,421.80 ,
2005-05-31,,,407.20 ,
2005-06-09,,,404.00 ,
2005-06-15,,,410.70 ,
2005-06-21,,,382.40 ,
2005-06-28,,,375.40 ,
2005-07-06,,,402.80 ,
2005-07-12,,,395.10 ,
2005-07-20,,,385.60 ,
2005-07-26,,,404.30 ,
2005-08-02,,,419.00 ,
2005-08-09,,,440.70 ,
2005-08-17,,,446.10 ,
2005-08-23,,,400.00 ,
2005-08-31,,,330.80 ,
2005-09-07,,,274.10 ,
2005-09-15,,,292.50 ,
2005-09-21,,,357.60 ,
2005-09-27,,,389.10 ,
2005-10-06,,,401.20 ,
2005-10-13,,,415.20 ,
2005-10-26,,,423.90 ,
2005-11-02,,,424.70 ,
2005-11-09,,,477.70 ,
2005-11-17,,,439.20 ,
2005-11-24,,,431.60 ,
2005-11-30,,,403.60 ,
2005-12-06,,,418.30 ,
2005-12-15,,,405.90 ,
2005-12-20,,,405.30 ,
2005-12-27,,,382.60 ,
2006-01-03,,,382.60 ,
2006-01-13,,,317.90 ,
2006-01-25,,,308.10 ,
2006-02-25,,,373.10 ,
2006-02-28,,,402.50 ,
2006-03-04,,,400.90 ,
2006-03-11,,,376.10 ,
2006-03-18,,,362.50 ,
2006-03-25,,,355.00 ,
2006-04-01,,,357.00 ,
2006-04-08,,,378.10 ,
2006-04-15,,,365.00 ,
2006-04-22,,,388.40 ,
2006-05-13,,,486.50 ,
2006-05-20,,,485.80 ,
2006-05-27,,,506.80 ,
2006-06-03,,,538.80 ,
2006-06-10,,,576.60 ,
2006-06-17,,,597.10 ,
2006-06-24,,,593.70 ,
2006-07-01,,,576.00 ,
2006-07-08,,,572.40 ,
2006-07-15,,,538.80 ,
2006-07-22,,,490.60 ,
2006-07-29,,,439.00 ,
2006-08-05,,,432.30 ,
2006-08-12,,,407.30 ,
2006-08-19,,,382.10 ,
2006-08-26,,,375.80 ,
2006-09-02,,,430.80 ,
2006-09-09,,,458.00 ,
2006-09-16,,,457.60 ,
2006-09-23,,,447.30 ,
2006-10-07,,,446.30 ,
2006-10-14,,,410.60 ,
2006-10-21,,,435.10 ,
2006-10-28,,,422.00 ,
2006-11-04,,,414.80 ,
2006-11-11,,,435.50 ,
2006-11-18,,,404.00 ,
2006-11-25,,,430.80 ,
2006-12-03,,,423.90 ,
2006-12-10,,,414.60 ,
2006-12-16,,,425.10 ,
2006-12-24,,,440.60 ,
2007-01-07,,,452.20 ,
2007-01-14,,,453.90 ,
2007-01-21,,,487.20 ,
2007-01-28,,,469.40 ,
2007-02-04,,,465.00 ,
2007-02-17,,,502.60 ,
2007-02-25,,,615.30 ,
2007-03-03,,,568.00 ,
2007-03-11,,,588.50 ,
2007-03-18,,,582.60 ,
2007-03-25,,,611.10 ,
2007-04-01,,,641.80 ,
2007-04-08,,,648.70 ,
2007-04-15,,,659.40 ,
2007-04-22,,,672.10 ,
2007-04-28,,,706.10 ,
2007-05-06,,,677.70 ,
2007-05-13,,,612.80 ,
2007-05-20,,,601.20 ,
2007-05-27,,,547.90 ,
2007-06-03,,,518.10 ,
2007-06-10,,,515.40 ,
2007-06-17,,,465.50 ,
2007-06-24,,,458.30 ,
2007-07-01,,,472.20 ,
2007-07-08,,,495.50 ,
2007-07-15,,,514.80 ,
2007-07-22,,,517.70 ,
2007-07-29,,,503.00 ,
2007-08-05,,,433.90 ,
2007-08-12,,,447.10 ,
2007-08-19,,,444.60 ,
2007-08-26,,,436.60 ,
2007-09-02,,,427.00 ,
2007-09-09,,,421.50 ,
2007-09-16,,,430.00 ,
2007-09-23,,,456.30 ,
2007-10-07,,,524.70 ,
2007-10-14,,,528.50 ,
2007-10-19,,,544.40 ,
2007-10-26,,,624.30 ,
2007-11-04,,,638.30 ,
2007-11-11,,,603.60 ,
2007-11-18,,,632.40 ,
2007-11-25,,,624.70 ,
2007-12-02,,,624.80 ,
2007-12-09,,,597.80 ,
2007-12-16,,,577.40 ,
2007-12-23,,,524.60 ,
2008-01-02,,,510.20 ,
2008-01-06,,,534.50 ,
2008-01-13,,,569.30 ,
2008-01-20,,,543.90 ,
2008-01-27,,,494.00 ,
2008-02-03,,,481.90 ,
2008-02-17,,,502.60 ,
2008-02-24,,,535.00 ,
2008-03-02,,,596.10 ,
2008-03-09,,,674.80 ,
2008-03-16,,,773.40 ,
2008-03-23,,,734.30 ,
2008-03-29,,,642.10 ,
2008-04-01,,,684.55 ,
2008-04-02,,,692.44 ,
2008-04-06,,,711.59 ,
2008-04-07,,,729.32 ,
2008-04-08,,,788.38 ,
2008-04-09,,,788.82 ,
2008-04-10,,,777.48 ,
2008-04-13,,,750.98 ,
2008-04-14,,,747.74 ,
2008-04-15,,,747.35 ,
2008-04-16,,,738.98 ,
2008-04-17,,,719.28 ,
2008-04-18,,,669.87 ,
2008-04-19,,,653.88 ,
2008-04-20,,,647.01 ,
2008-04-21,,,630.57 ,
2008-04-22,,,632.93 ,
2008-04-23,,,622.16 ,
2008-04-24,,,624.58 ,
2008-04-25,,,626.00 ,
2008-04-26,,,626.59 ,
2008-04-27,,,621.82 ,
2008-04-28,,,613.75 ,
2008-04-29,,,638.77 ,
2008-04-30,,,631.50 ,
2008-05-01,,,654.55 ,
2008-05-02,,,665.26 ,
2008-05-03,,,681.73 ,
2008-05-04,,,659.94 ,
2008-05-05,,,640.55 ,
2008-05-06,,,660.19 ,
2008-05-07,,,532.24 ,
2008-05-08,,,640.99 ,
2008-05-10,,,624.84 ,
2008-05-11,,,632.37 ,
2008-05-12,,,641.78 ,
2008-05-13,,,644.41 ,
2008-05-14,,,639.52 ,
2008-05-15,,,634.98 ,
2008-05-17,,,652.06 ,
2008-05-19,,,654.31 ,
2008-05-20,,,634.98 ,
2008-05-21,,,677.36 ,
2008-05-22,,,673.26 ,
2008-05-23,,,659.09 ,
2008-05-24,,,660.58 ,
2008-05-25,,,678.95 ,
2008-05-26,,,674.88 ,
2008-05-27,,,665.85 ,
2008-05-28,,,674.15 ,
2008-05-29,,,665.19 ,
2008-05-30,,,658.71 ,
2008-05-31,,,656.41 ,
2008-06-01,,,534.21 ,
2008-06-02,,,660.05 ,
2008-06-03,,,661.84 ,
2008-06-04,,,654.23 ,
2008-06-05,,,653.53 ,
2008-06-06,,,647.51 ,
2008-06-07,,,658.02 ,
2008-06-08,,,663.62 ,
2008-06-09,,,661.46 ,
2008-06-10,,,769.09 ,
2008-06-11,,,636.91 ,
2008-06-12,,,636.91 ,
2008-06-13,,,627.93 ,
2008-06-14,,,618.50 ,
2008-06-15,,,611.57 ,
2008-06-16,,,592.53 ,
2008-06-17,,,583.96 ,
2008-06-18,,,456.65 ,
2008-06-19,,,585.30 ,
2008-06-20,,,586.54 ,
2008-06-21,,,579.96 ,
2008-06-22,,,574.63 ,
2008-06-23,,,573.00 ,
2008-06-24,,,585.08 ,
2008-06-25,,,590.43 ,
2008-06-26,,,594.87 ,
2008-06-27,,,591.45 ,
2008-06-28,,,589.09 ,
2008-06-29,,,593.65 ,
2008-06-30,,,581.63 ,
2008-07-01,,,582.78 ,
2008-07-02,,,575.97 ,
2008-07-03,,,556.28 ,
2008-07-04,,,534.79 ,
2008-07-05,,,575.70 ,
2008-07-06,,,578.80 ,
2008-07-07,,,570.97 ,
2008-07-08,,,562.04 ,
2008-07-09,,,563.19 ,
2008-07-10,,,560.64 ,
2008-07-11,,,561.62 ,
2008-07-12,,,568.65 ,
2008-07-14,,,563.46 ,
2008-07-15,,,566.39 ,
2008-07-16,,,566.39 ,
2008-07-17,,,594.94 ,
2008-07-18,,,597.56 ,
2008-07-19,,,596.62 ,
2008-07-20,,,596.95 ,
2008-07-21,,,596.19 ,
2008-07-22,,,588.89 ,
2008-07-23,,,599.16 ,
2008-07-24,,,657.38 ,
2008-07-25,,,654.38 ,
2008-07-26,,,645.35 ,
2008-07-27,,,652.20 ,
2008-07-28,,,653.65 ,
2008-07-29,,,649.22 ,
2008-07-30,,,652.97 ,
2008-07-31,,,660.27 ,
2008-08-01,,,682.50 ,
2008-08-02,,,677.88 ,
2008-08-03,,,678.43 ,
2008-08-04,,,674.14 ,
2008-08-05,,,685.17 ,
2008-08-06,,,683.99 ,
2008-08-07,,,687.31 ,
2008-08-08,,,680.75 ,
2008-08-09,,,678.59 ,
2008-08-10,,,688.38 ,
2008-08-11,,,688.38 ,
2008-08-12,,,692.86 ,
2008-08-13,,,703.79 ,
2008-08-14,,,708.28 ,
2008-08-15,,,719.72 ,
2008-08-16,,,705.75 ,
2008-08-17,,,696.54 ,
2008-08-18,,,704.90 ,
2008-08-19,,,709.13 ,
2008-08-20,,,708.23 ,
2008-08-21,,,712.34 ,
2008-08-22,,,716.74 ,
2008-08-23,,,829.00 ,
2008-08-24,,,726.20 ,
2008-08-25,,,723.12 ,
2008-08-26,,,729.62 ,
2008-08-27,,,737.28 ,
2008-08-28,,,748.94 ,
2008-08-29,,,757.94 ,
2008-08-30,,,766.67 ,
2008-08-31,,,769.51 ,
2008-09-01,,,783.11 ,73.00 
2008-09-02,,,796.72 ,72.60 
2008-09-03,,,801.53 ,68.10 
2008-09-04,,,801.54 ,69.20 
2008-09-05,,,822.71 ,
2008-09-06,,,822.47 ,
2008-09-07,,,818.78 ,66.20 
2008-09-08,,,815.08 ,
2008-09-09,,,810.21 ,
2008-09-10,,,830.65 ,
2008-09-11,,,831.81 ,
2008-09-12,,,843.00 ,
2008-09-14,,,833.25 ,
2008-09-15,,,847.07 ,
2008-09-16,,,844.30 ,
2008-09-17,,,840.37 ,
2008-09-18,,,843.73 ,
2008-09-19,,,854.57 ,
2008-09-20,,,865.76 ,
2008-09-21,,,873.12 ,
2008-09-22,,,866.29 ,43.50 
2008-09-23,,,866.29 ,51.90 
2008-09-24,,,866.53 ,
2008-09-25,,,842.22 ,
2008-09-26,,,834.96 ,56.40 
2008-09-27,,,830.88 ,52.90 
2008-09-28,,,820.64 ,
2008-09-29,,,811.13 ,59.80 
2008-09-30,,,818.92 ,55.40 
2008-10-01,,,801.10 ,62.70 
2008-10-02,,,802.45 ,53.10 
2008-10-03,,,811.71 ,58.30 
2008-10-04,,,821.68 ,55.30 
2008-10-05,,,817.36 ,61.60 
2008-10-06,,,830.70 ,60.80 
2008-10-07,,,828.64 ,49.10 
2008-10-08,,,816.21 ,61.30 
2008-10-09,,,829.55 ,58.40 
2008-10-10,,,830.04 ,55.70 
2008-10-11,,,837.27 ,53.50 
2008-10-12,,,826.72 ,50.40 
2008-10-13,,,802.37 ,52.00 
2008-10-14,,,799.92 ,56.00 
2008-10-15,,,802.65 ,53.10 
2008-10-16,,,804.98 ,54.20 
2008-10-17,,,820.25 ,61.10 
2008-10-18,,,827.74 ,53.10 
2008-10-19,,,822.77 ,54.30 
2008-10-20,,,797.93 ,50.60 
2008-10-21,,,796.18 ,56.20 
2008-10-22,,,788.86 ,48.50 
2008-10-23,,,783.67 ,58.90 
2008-10-24,,,794.34 ,29.30 
2008-10-25,,,791.42 ,52.80 
2008-10-26,,,797.21 ,68.00 
2008-10-27,,,807.51 ,60.10 
2008-10-28,,,814.16 ,55.40 
2008-10-29,,,825.55 ,54.70 
2008-10-30,,,832.77 ,52.20 
2008-10-31,,,,55.80 
2008-11-01,,,834.12 ,52.90 
2008-11-02,,,861.54 ,44.10 
2008-11-03,,,867.92 ,52.30 
2008-11-04,,,878.72 ,55.80 
2008-11-05,,,876.37 ,49.90 
2008-11-06,,,876.39 ,52.20 
2008-11-07,,,879.48 ,44.90 
2008-11-08,,,905.99 ,50.20 
2008-11-09,,,910.69 ,43.30 
2008-11-10,,,898.90 ,40.40 
2008-11-11,,,896.59 ,47.40 
2008-11-12,,,905.42 ,44.40 
2008-11-13,,,909.93 ,36.60 
2008-11-14,,,913.70 ,43.50 
2008-11-15,,,917.42 ,44.40 
2008-11-16,,,922.64 ,37.60 
2008-11-17,,,919.94 ,36.90 
2008-11-18,,,929.45 ,39.00 
2008-11-19,,,932.57 ,42.20 
2008-11-20,,,924.67 ,38.50 
2008-11-21,,,925.43 ,33.00 
2008-11-22,,,913.75 ,29.30 
2008-11-23,,,896.59 ,33.30 
2008-11-24,,,888.49 ,32.50 
2008-11-25,,,816.93 ,32.40 
2008-11-26,,,861.92 ,34.60 
2008-11-27,,,857.22 ,41.00 
2008-11-28,,,857.50 ,37.00 
2008-11-29,,,848.93 ,33.70 
2008-11-30,,,845.24 ,34.70 
2008-12-01,,,837.81 ,32.40 
2008-12-02,,,834.78 ,32.30 
2008-12-03,,,819.92 ,28.00 
2008-12-04,,,831.32 ,25.80 
2008-12-05,,,853.87 ,21.10 
2008-12-06,,,873.56 ,29.40 
2008-12-07,,,862.98 ,28.40 
2008-12-08,,,826.45 ,37.20 
2008-12-09,,,818.12 ,31.70 
2008-12-10,,,801.59 ,35.40 
2008-12-11,,,802.91 ,26.90 
2008-12-12,,,783.62 ,34.20 
2008-12-13,,,787.75 ,38.30 
2008-12-14,,,767.13 ,39.80 
2008-12-15,,,752.03 ,43.10 
2008-12-16,,,732.44 ,38.60 
2008-12-17,,,713.12 ,33.90 
2008-12-18,,,687.88 ,42.20 
2008-12-19,,,672.64 ,45.30 
2008-12-20,,,656.71 ,39.40 
2008-12-21,,,644.33 ,29.60 
2008-12-22,,,670.50 ,42.10 
2008-12-23,,,690.18 ,42.90 
2008-12-24,,,680.35 ,42.50 
2008-12-25,,,669.51 ,40.50 
2008-12-26,,,644.58 ,38.30 
2008-12-27,,,625.24 ,45.70 
2008-12-28,,,610.97 ,49.70 
2008-12-29,,,597.72 ,46.50 
2008-12-30,,,574.36 ,50.20 
2008-12-31,,,576.15 ,45.90 
2009-01-01,,,558.94 ,33.40 
2009-01-02,,,536.31 ,
2009-01-03,,,523.56 ,43.30 
2009-01-04,,,518.64 ,37.00 
2009-01-05,,,504.09 ,42.30 
2009-01-06,,,504.75 ,45.40 
2009-01-07,,,497.69 ,46.80 
2009-01-08,,,492.70 ,40.90 
2009-01-09,,,485.71 ,
2009-01-10,,,494.35 ,
2009-01-11,,,495.04 ,56.50 
2009-01-12,,,513.46 ,46.00 
2009-01-13,,,529.21 ,49.40 
2009-01-14,,,550.55 ,58.00 
2009-01-15,,,559.17 ,50.80 
2009-01-16,,,547.53 ,52.70 
2009-01-17,,,547.02 ,52.10 
2009-01-18,,,548.72 ,55.60 
2009-01-19,,,549.89 ,52.60 
2009-01-20,,,554.57 ,51.10 
2009-01-21,,,559.82 ,51.00 
2009-01-22,,,560.69 ,40.70 
2009-01-23,,,567.10 ,47.80 
2009-01-24,,,612.05 ,43.40 
2009-01-25,,,593.10 ,43.30 
2009-01-26,,,612.05 ,39.00 
2009-01-27,,,599.67 ,40.20 
2009-01-28,,,595.36 ,46.20 
2009-01-29,,,615.98 ,
2009-01-31,,,613.59 ,52.10 
2009-02-01,,,621.37 ,52.60 
2009-02-02,,,646.23 ,53.50 
2009-02-03,,,683.20 ,45.60 
2009-02-04,,,686.11 ,54.00 
2009-02-05,,,704.17 ,43.50 
2009-02-06,,,705.58 ,54.50 
2009-02-07,,,701.34 ,45.30 
2009-02-08,,,707.34 ,53.70 
2009-02-09,,,715.94 ,45.00 
2009-02-10,,,715.94 ,46.50 
2009-02-11,,,744.15 ,45.70 
2009-02-12,,,725.72 ,39.80 
2009-02-13,,,723.28 ,61.10 
2009-02-14,,,738.36 ,47.10 
2009-02-15,,,732.10 ,50.20 
2009-02-16,,,736.74 ,50.50 
2009-02-17,,,741.92 ,43.80 
2009-02-18,,,749.56 ,52.10 
2009-02-19,,,755.00 ,50.60 
2009-02-20,,,759.58 ,47.70 
2009-02-21,,,760.08 ,46.80 
2009-02-22,,,779.83 ,55.50 
2009-02-23,,,780.96 ,52.10 
2009-02-24,,,776.01 ,50.10 
2009-02-25,,,787.54 ,51.20 
2009-02-26,,,776.40 ,53.10 
2009-02-27,,,761.50 ,
2009-02-28,,,766.88 ,52.60 
2009-03-01,,,757.84 ,54.50 
2009-03-02,,,745.73 ,51.40 
2009-03-03,,,738.69 ,45.20 
2009-03-04,,,724.78 ,51.00 
2009-03-05,,,723.01 ,40.70 
2009-03-06,,,698.72 ,51.10 
2009-03-07,,,697.95 ,49.50 
2009-03-08,,,677.81 ,50.10 
2009-03-09,,,664.89 ,56.20 
2009-03-10,,,672.51 ,52.00 
2009-03-11,,,668.71 ,53.50 
2009-03-12,,,646.17 ,49.20 
2009-03-13,,,645.54 ,52.40 
2009-03-14,,,640.57 ,53.60 
2009-03-15,,,631.64 ,47.60 
2009-03-16,,,617.39 ,50.20 
2009-03-17,,,603.61 ,63.50 
2009-03-18,,,605.88 ,55.20 
2009-03-19,,,603.17 ,58.50 
2009-03-20,,,607.64 ,52.90 
2009-03-21,,,598.14 ,50.40 
2009-03-22,,,606.12 ,55.00 
2009-03-23,,,600.26 ,55.40 
2009-03-24,,,579.18 ,54.80 
2009-03-25,,,561.92 ,52.40 
2009-03-26,,,539.71 ,52.80 
2009-03-27,,,526.56 ,57.90 
2009-03-28,,,530.32 ,52.40 
2009-03-29,,,517.67 ,54.00 
2009-03-30,,,496.57 ,47.60 
2009-03-31,,,,57.70 
2009-04-01,,,475.05 ,45.90 
2009-04-02,,,461.71 ,47.90 
2009-04-03,,,447.54 ,55.30 
2009-04-04,,,444.74 ,46.40 
2009-04-05,,,436.19 ,49.50 
2009-04-06,,,413.54 ,38.50 
2009-04-07,,,392.53 ,48.40 
2009-04-08,,,377.19 ,48.30 
2009-04-09,,,370.38 ,41.20 
2009-04-10,,,360.32 ,53.00 
2009-04-11,,,354.03 ,44.60 
2009-04-12,,,347.40 ,52.10 
2009-04-13,,,342.68 ,51.10 
2009-04-14,,,340.40 ,50.10 
2009-04-15,,,355.31 ,53.90 
2009-04-16,,,369.47 ,56.30 
2009-04-17,,,366.74 ,62.10 
2009-04-18,,,372.38 ,55.30 
2009-04-19,,,374.02 ,53.30 
2009-04-20,,,377.78 ,51.50 
2009-04-21,,,381.16 ,57.20 
2009-04-22,,,380.84 ,59.70 
2009-04-23,,,368.53 ,40.70 
2009-04-24,,,355.69 ,69.20 
2009-04-25,,,386.89 ,62.00 
2009-04-26,,,370.36 ,49.40 
2009-04-27,,,364.48 ,55.70 
2009-04-28,,,360.61 ,54.30 
2009-04-29,,,355.03 ,59.60 
2009-04-30,,,353.45 ,103.40 
2009-05-01,,,357.96 ,100.30 
2009-05-02,,,370.25 ,116.60 
2009-05-03,,,380.18 ,121.00 
2009-05-04,,,386.16 ,126.00 
2009-05-05,,,395.37 ,125.20 
2009-05-06,,,388.70 ,132.10 
2009-05-07,,,399.13 ,121.70 
2009-05-08,,,394.15 ,117.10 
2009-05-09,,,399.97 ,123.70 
2009-05-10,,,395.16 ,119.80 
2009-05-11,,,391.62 ,128.60 
2009-05-12,,,392.91 ,135.60 
2009-05-13,,,392.00 ,135.30 
2009-05-14,,,391.00 ,137.10 
2009-05-15,,,405.00 ,136.30 
2009-05-16,,,405.00 ,69.50 
2009-05-17,,,418.00 ,77.90 
2009-05-18,,,419.00 ,58.20 
2009-05-19,,,420.00 ,68.40 
2009-05-20,,,439.00 ,56.10 
2009-05-21,,,438.00 ,64.50 
2009-05-22,,,446.00 ,61.70 
2009-05-23,,,452.00 ,58.40 
2009-05-24,,,450.00 ,61.70 
2009-05-25,,,447.00 ,64.60 
2009-05-26,,,456.00 ,58.30 
2009-05-27,,,455.00 ,64.90 
2009-05-28,,,465.00 ,64.90 
2009-05-29,,,473.00 ,70.00 
2009-05-30,,,474.00 ,64.20 
2009-05-31,,,480.00 ,140.30 
2009-06-01,,,488.00 ,146.70 
2009-06-02,,,500.00 ,154.30 
2009-06-03,,,522.00 ,146.50 
2009-06-04,,,524.00 ,150.00 
2009-06-05,,,513.00 ,152.30 
2009-06-06,,,513.00 ,177.20 
2009-06-07,,,528.00 ,178.50 
2009-06-08,,,515.00 ,179.20 
2009-06-09,,,522.00 ,187.60 
2009-06-10,,,518.00 ,197.60 
2009-06-11,,,511.00 ,206.60 
2009-06-12,,,507.00 ,202.60 
2009-06-13,,,514.00 ,207.00 
2009-06-14,,,512.00 ,216.40 
2009-06-15,,,507.00 ,220.90 
2009-06-16,,,518.00 ,239.70 
2009-06-17,,,542.00 ,244.50 
2009-06-18,,,550.00 ,248.70 
2009-06-19,,,571.00 ,241.70 
2009-06-20,,,599.00 ,269.90 
2009-06-21,,,615.00 ,280.40 
2009-06-22,,,634.00 ,271.00 
2009-06-23,,,647.00 ,269.80 
2009-06-24,,,657.00 ,277.47 
2009-06-25,,,658.00 ,273.10 
2009-06-26,,,657.00 ,272.70 
2009-06-27,,,655.00 ,282.00 
2009-06-28,,,655.00 ,277.43 
2009-06-29,,,648.00 ,281.32 
2009-06-30,,,648.00 ,291.66 
2009-07-01,,,651.00 ,279.20 
2009-07-02,,,654.00 ,288.52 
2009-07-03,,,653.00 ,282.30 
2009-07-04,,,662.00 ,287.80 
2009-07-05,,,659.00 ,285.90 
2009-07-06,,,666.00 ,279.00 
2009-07-07,,,672.00 ,284.30 
2009-07-08,,,680.00 ,284.24 
2009-07-09,,,672.00 ,277.78 
2009-07-10,,,659.00 ,275.50 
2009-07-11,,,648.00 ,274.70 
2009-07-12,,,662.00 ,279.70 
2009-07-13,,,647.00 ,269.50 
2009-07-14,,,663.00 ,276.20 
2009-07-15,,,657.00 ,261.30 
2009-07-16,,,645.00 ,275.30 
2009-07-17,,,637.00 ,218.80 
2009-07-18,,,637.00 ,285.23 
2009-07-19,,,632.00 ,287.42 
2009-07-20,,,632.00 ,290.30 
2009-07-21,,,629.00 ,293.20 
2009-07-22,,,618.00 ,295.30 
2009-07-23,,,613.00 ,289.80 
2009-07-24,,,589.00 ,289.93 
2009-07-25,,,584.00 ,299.93 
2009-07-26,,,576.00 ,298.90 
2009-07-27,,,562.00 ,300.60 
2009-07-28,,,558.00 ,313.50 
2009-07-29,,,551.00 ,302.68 
2009-07-30,,,532.00 ,310.98 
2009-07-31,,,527.00 ,313.90 
2009-08-01,,,519.00 ,298.40 
2009-08-02,,,522.00 ,307.80 
2009-08-03,,,514.00 ,305.80 
2009-08-04,,,510.00 ,299.90 
2009-08-05,,,505.00 ,300.60 
2009-08-06,,,509.00 ,301.90 
2009-08-07,,,504.00 ,305.40 
2009-08-08,,,503.00 ,300.63 
2009-08-09,,,501.00 ,293.30 
2009-08-10,,,486.00 ,299.50 
2009-08-11,,,479.00 ,295.10 
2009-08-12,,,485.00 ,295.30 
2009-08-13,,,490.00 ,308.50 
2009-08-14,,,487.00 ,292.10 
2009-08-15,,,485.00 ,290.40 
2009-08-16,,,515.00 ,287.90 
2009-08-17,,,545.00 ,303.40 
2009-08-18,,,547.00 ,285.30 
2009-08-19,,,543.00 ,282.35 
2009-08-20,,,539.00 ,280.10 
2009-08-21,,,547.00 ,282.90 
2009-08-22,,,546.00 ,277.80 
2009-08-23,,,533.00 ,58.30 
2009-08-24,,,520.00 ,275.50 
2009-08-25,,,503.00 ,275.30 
2009-08-26,,,504.00 ,282.90 
2009-08-27,,,514.00 ,282.70 
2009-08-28,,,512.00 ,280.20 
2009-08-29,,,508.00 ,276.53 
2009-08-30,,,506.00 ,261.00 
2009-08-31,,,494.00 ,246.50 
2009-09-01,,,483.00 ,247.10 
2009-09-02,,,486.00 ,249.00 
2009-09-03,,,478.00 ,240.60 
2009-09-04,,,471.00 ,237.60 
2009-09-05,,,468.00 ,253.90 
2009-09-06,,,479.00 ,253.25 
2009-09-07,,,480.00 ,263.70 
2009-09-08,,,476.00 ,264.90 
2009-09-09,,,481.00 ,268.80 
2009-09-10,,,471.00 ,263.20 
2009-09-11,,,459.00 ,254.32 
2009-09-12,,,443.00 ,267.30 
2009-09-13,,,447.00 ,252.30 
2009-09-14,,,438.00 ,257.70 
2009-09-15,,,439.00 ,256.00 
2009-09-16,,,440.00 ,263.20 
2009-09-17,,,465.00 ,254.00 
2009-09-18,,,447.00 ,257.00 
2009-09-19,,,440.00 ,256.20 
2009-09-20,,,449.00 ,245.50 
2009-09-21,,,441.00 ,257.00 
2009-09-22,,,433.00 ,257.30 
2009-09-23,,,421.00 ,245.50 
2009-09-24,,,424.00 ,243.30 
2009-09-25,,,419.00 ,226.60 
2009-09-26,,,419.00 ,250.40 
2009-09-27,,,423.00 ,244.30 
2009-09-28,,,422.00 ,245.90 
2009-09-29,,,425.00 ,232.80 
2009-09-30,,,418.00 ,231.00 
2009-10-01,,,429.00 ,220.80 
2009-10-02,,,,232.60 
2009-10-03,,,448.00 ,218.30 
2009-10-04,,,452.00 ,213.00 
2009-10-05,,,435.00 ,210.80 
2009-10-06,,,,206.80 
2009-10-07,,,424.00 ,197.40 
2009-10-08,,,421.00 ,207.20 
2009-10-09,,,422.00 ,206.20 
2009-10-10,,,412.00 ,199.10 
2009-10-11,,,406.00 ,199.60 
2009-10-12,,,392.00 ,196.30 
2009-10-13,,,400.00 ,196.00 
2009-10-14,,,394.00 ,203.00 
2009-10-15,,,385.00 ,188.50 
2009-10-16,,,385.00 ,130.20 
2009-10-17,,,380.00 ,189.90 
2009-10-18,,,390.00 ,186.10 
2009-10-19,,,409.00 ,178.12 
2009-10-20,,,426.00 ,191.60 
2009-10-21,,,454.00 ,189.80 
2009-10-22,,,473.00 ,186.90 
2009-10-23,,,457.00 ,182.20 
2009-10-24,,,456.00 ,186.00 
2009-10-25,,,474.00 ,191.10 
2009-10-26,,,536.00 ,194.70 
2009-10-27,,,564.00 ,204.20 
2009-10-28,,,563.00 ,197.00 
2009-10-29,,,587.00 ,204.00 
2009-10-30,,,653.00 ,205.60 
2009-10-31,,,,203.70 
2009-11-01,,,773.00 ,214.50 
2009-11-02,,,792.00 ,217.10 
2009-11-03,,,783.00 ,224.60 
2009-11-04,,,796.00 ,232.00 
2009-11-05,,,783.00 ,64.40 
2009-11-06,,,794.00 ,71.50 
2009-11-07,,,791.00 ,245.50 
2009-11-08,,,,247.20 
2009-11-09,,,814.00 ,261.70 
2009-11-10,,,859.00 ,281.20 
2009-11-11,,,849.00 ,273.20 
2009-11-12,,,843.00 ,304.80 
2009-11-13,,,824.00 ,296.40 
2009-11-14,,,817.00 ,301.50 
2009-11-15,,,,304.00 
2009-11-16,,,781.00 ,274.00 
2009-11-17,,,772.00 ,323.50 
2009-11-18,,,757.00 ,322.00 
2009-11-19,,,746.00 ,327.00 
2009-11-20,,,734.00 ,316.00 
2009-11-21,,,734.00 ,330.60 
2009-11-22,,,,347.30 
2009-11-23,,,721.00 ,337.40 
2009-11-24,,,726.00 ,335.90 
2009-11-25,,,758.00 ,347.10 
2009-11-26,,,751.00 ,344.40 
2009-11-27,,,741.00 ,356.80 
2009-11-28,,,,349.30 
2009-11-29,,,,340.30 
2009-11-30,,,721.00 ,353.40 
2009-12-01,,,715.00 ,351.10 
2009-12-02,,,725.00 ,362.50 
2009-12-03,,,726.00 ,347.80 
2009-12-04,,,711.00 ,352.40 
2009-12-05,,,707.00 ,344.60 
2009-12-06,,,701.00 ,341.70 
2009-12-07,,,687.00 ,359.50 
2009-12-08,,,673.00 ,362.40 
2009-12-09,,,651.00 ,353.70 
2009-12-10,,,647.00 ,378.90 
2009-12-11,,,630.00 ,362.00 
2009-12-12,,,624.00 ,353.00 
2009-12-13,,,564.00 ,281.00 
2009-12-14,,,553.00 ,343.80 
2009-12-15,,,558.00 ,364.60 
2009-12-16,,,545.00 ,342.60 
2009-12-17,,,540.00 ,342.20 
2009-12-18,,,543.00 ,327.20 
2009-12-19,,,541.00 ,328.50 
2009-12-20,,,539.00 ,326.60 
2009-12-21,,,534.00 ,322.70 
2009-12-22,,,522.00 ,71.80 
2009-12-23,,,518.00 ,313.70 
2009-12-24,,,502.00 ,306.70 
2009-12-25,,,510.00 ,309.10 
2009-12-26,,,517.00 ,294.50 
2009-12-27,,,514.00 ,240.00 
2009-12-28,,,507.00 ,307.20 
2009-12-29,,,519.00 ,299.00 
2009-12-30,,,542.00 ,303.00 
2009-12-31,,,537.00 ,289.20 
2010-01-01,,,535.00 ,293.80 
2010-01-02,,,539.00 ,301.20 
2010-01-03,,,549.00 ,307.70 
2010-01-04,,,559.00 ,293.10 
2010-01-05,,,577.00 ,303.90 
2010-01-06,,,576.00 ,294.10 
2010-01-07,,,569.00 ,306.60 
2010-01-08,,,581.00 ,308.90 
2010-01-09,,,585.00 ,306.00 
2010-01-10,,,622.00 ,295.40 
2010-01-11,,,615.00 ,296.30 
2010-01-12,,,619.00 ,286.90 
2010-01-13,,,608.00 ,288.70 
2010-01-14,,,607.00 ,284.40 
2010-01-15,,,593.00 ,265.10 
2010-01-16,,,584.00 ,265.10 
2010-01-17,,,579.00 ,260.60 
2010-01-18,,,576.00 ,263.80 
2010-01-19,,,608.00 ,276.00 
2010-01-20,,,654.00 ,278.00 
2010-01-21,,,675.00 ,280.40 
2010-01-22,,,671.00 ,70.30 
2010-01-23,,,593.00 ,283.60 
2010-01-24,,,631.00 ,272.00 
2010-01-25,,,626.00 ,270.20 
2010-01-26,,,614.00 ,274.30 
2010-01-27,,,603.00 ,267.30 
2010-01-28,,,608.00 ,267.80 
2010-01-29,,,591.00 ,252.00 
2010-01-30,,,594.00 ,248.80 
2010-01-31,,,574.00 ,245.80 
2010-02-01,,,572.00 ,246.70 
2010-02-02,,,578.00 ,250.40 
2010-02-03,,,584.00 ,251.70 
2010-02-04,,,563.00 ,242.10 
2010-02-05,,,560.00 ,236.90 
2010-02-06,,,559.00 ,236.90 
2010-02-07,,,552.00 ,229.60 
2010-02-08,,,546.00 ,241.10 
2010-02-09,,,546.00 ,249.80 
2010-02-10,,,550.00 ,244.10 
2010-02-11,,,562.00 ,244.20 
2010-02-12,,,576.00 ,252.80 
2010-02-13,,,597.00 ,258.40 
2010-02-14,,,626.00 ,250.50 
2010-02-15,,,637.00 ,270.40 
2010-02-16,,,646.00 ,214.90 
2010-02-17,,,656.00 ,285.90 
2010-02-18,,,686.00 ,237.90 
2010-02-19,,,603.00 ,291.60 
2010-02-20,,,692.00 ,297.70 
2010-02-21,,,695.00 ,294.30 
2010-02-22,,,697.00 ,59.10 
2010-02-23,,,696.00 ,69.00 
2010-02-24,,,704.00 ,71.40 
2010-02-25,,,758.00 ,343.00 
2010-02-26,,,776.00 ,346.50 
2010-02-27,,,783.00 ,318.50 
2010-02-28,,,758.00 ,270.00 
2010-03-01,,,788.00 ,334.70 
2010-03-02,,,776.00 ,336.30 
2010-03-03,,,794.00 ,348.80 
2010-03-04,,,811.00 ,351.10 
2010-03-05,,,815.00 ,340.80 
2010-03-06,,,810.00 ,327.90 
2010-03-07,,,807.00 ,338.00 
2010-03-08,,,819.00 ,368.20 
2010-03-09,,,815.00 ,357.20 
2010-03-10,,,814.20 ,348.40 
2010-03-11,,,819.40 ,367.50 
2010-03-12,,,811.20 ,365.30 
2010-03-13,,,809.90 ,353.10 
2010-03-14,,,806.40 ,358.60 
2010-03-15,,,801.50 ,360.30 
2010-03-16,,,832.00 ,374.70 
2010-03-17,,,821.30 ,388.40 
2010-03-18,,,829.40 ,378.10 
2010-03-19,,,820.20 ,378.20 
2010-03-20,,,,370.70 
2010-03-21,,,865.50 ,376.80 
2010-03-22,,,854.80 ,372.50 
2010-03-23,,,847.70 ,373.10 
2010-03-24,,,828.90 ,367.20 
2010-03-25,,,830.00 ,357.50 
2010-03-26,,,816.90 ,350.20 
2010-03-27,,,811.50 ,347.00 
2010-03-28,,,808.30 ,348.20 
2010-03-29,,,815.80 ,344.70 
2010-03-30,,,804.70 ,334.30 
2010-03-31,,,786.30 ,76.00 
2010-04-01,,,792.30 ,329.50 
2010-04-02,,,789.70 ,313.30 
2010-04-03,,,784.50 ,316.40 
2010-04-04,,,783.20 ,318.50 
2010-04-05,,,773.60 ,318.70 
2010-04-06,,,763.80 ,321.90 
2010-04-07,,,749.30 ,316.00 
2010-04-08,,,753.50 ,312.50 
2010-04-09,,,753.90 ,323.00 
2010-04-10,,,708.30 ,323.90 
2010-04-11,,,649.60 ,335.20 
2010-04-12,,,642.40 ,339.70 
2010-04-13,,,633.90 ,329.70 
2010-04-14,,,627.80 ,323.30 
2010-04-15,,,611.20 ,316.50 
2010-04-16,,,601.90 ,310.70 
2010-04-17,,,591.30 ,286.30 
2010-04-18,,,574.30 ,303.80 
2010-04-19,,,557.30 ,298.60 
2010-04-20,,,558.20 ,291.50 
2010-04-21,,,540.00 ,297.00 
2010-04-22,,,525.40 ,285.70 
2010-04-23,,,520.50 ,289.20 
2010-04-24,,,510.00 ,294.30 
2010-04-25,,,508.80 ,295.40 
2010-04-26,,,488.90 ,296.10 
2010-04-27,,,486.10 ,299.90 
2010-04-28,,,471.90 ,281.20 
2010-04-29,,,462.30 ,276.20 
2010-04-30,,,465.00 ,282.40 
2010-05-01,,,467.10 ,283.60 
2010-05-02,,,456.90 ,277.00 
2010-05-03,,,468.00 ,263.50 
2010-05-04,,,468.00 ,275.00 
2010-05-05,,,468.00 ,285.40 
2010-05-06,,,491.10 ,298.10 
2010-05-07,,,487.50 ,283.80 
2010-05-08,,,483.20 ,292.80 
2010-05-09,,,482.00 ,294.20 
2010-05-10,,,478.90 ,301.10 
2010-05-11,,,478.80 ,287.80 
2010-05-12,,,490.70 ,294.50 
2010-05-13,,,494.30 ,302.20 
2010-05-14,,,498.40 ,301.40 
2010-05-15,,,496.10 ,303.10 
2010-05-16,,,497.30 ,295.80 
2010-05-17,,,512.20 ,300.10 
2010-05-18,,,508.20 ,296.10 
2010-05-19,,,509.50 ,306.40 
2010-05-20,,,517.40 ,306.40 
2010-05-21,,,532.30 ,297.40 
2010-05-22,,,,305.50 
2010-05-23,,,537.90 ,306.30 
2010-05-24,,,542.60 ,301.50 
2010-05-25,,,538.60 ,301.30 
2010-05-26,,,543.40 ,293.30 
2010-05-27,,,543.40 ,297.10 
2010-05-28,,,538.10 ,300.70 
2010-05-29,,,,302.60 
2010-05-30,,,612.20 ,314.80 
2010-05-31,,,580.10 ,296.00 
2010-06-01,,,613.40 ,304.70 
2010-06-02,,,588.30 ,327.70 
2010-06-03,,,591.80 ,324.50 
2010-06-04,,,631.30 ,339.60 
2010-06-05,,,663.30 ,344.70 
2010-06-06,,,669.50 ,352.80 
2010-06-07,,,668.60 ,352.20 
2010-06-08,,,657.20 ,348.50 
2010-06-09,,,,360.60 
2010-06-10,,,652.20 ,359.60 
2010-06-11,,,,285.00 
2010-06-12,,,631.50 ,338.40 
2010-06-13,,,,345.20 
2010-06-14,,,613.70 ,350.10 
2010-06-15,,,601.90 ,341.10 
2010-06-16,,,626.30 ,353.30 
2010-06-17,,,628.50 ,356.80 
2010-06-18,,,620.30 ,349.20 
2010-06-19,,,627.00 ,344.10 
2010-06-20,,,601.90 ,346.30 
2010-06-21,,,608.50 ,351.30 
2010-06-22,,,600.30 ,348.10 
2010-06-23,,,596.50 ,348.50 
2010-06-24,,,594.40 ,354.70 
2010-06-25,,,588.50 ,353.20 
2010-06-26,,,586.10 ,359.70 
2010-06-27,,,588.60 ,358.40 
2010-06-28,,,581.80 ,357.20 
2010-06-29,,,575.30 ,354.10 
2010-06-30,,,568.70 ,349.90 
2010-07-01,,,572.10 ,340.70 
2010-07-02,,,587.40 ,346.50 
2010-07-03,,,583.70 ,345.70 
2010-07-04,,,594.00 ,351.10 
2010-07-05,,,597.50 ,339.20 
2010-07-06,,,597.40 ,329.60 
2010-07-07,,,588.80 ,327.60 
2010-07-08,,,580.10 ,337.40 
2010-07-09,,,581.90 ,342.80 
2010-07-10,,,576.50 ,324.50 
2010-07-11,,,579.80 ,333.80 
2010-07-12,,,572.90 ,321.40 
2010-07-13,,,576.60 ,329.80 
2010-07-14,,,587.30 ,326.60 
2010-07-15,,,591.10 ,316.20 
2010-07-16,,,595.20 ,307.50 
2010-07-17,,,594.40 ,306.70 
2010-07-18,,,589.20 ,314.10 
2010-07-19,,,587.10 ,305.30 
2010-07-20,,,599.10 ,293.90 
2010-07-21,,,602.60 ,308.40 
2010-07-22,,,601.00 ,319.90 
2010-07-23,,,576.10 ,318.10 
2010-07-24,,,589.90 ,319.50 
2010-07-25,,,644.80 ,323.90 
2010-07-26,,,646.30 ,326.70 
2010-07-27,,,676.40 ,89.70 
2010-07-28,,,675.00 ,85.20 
2010-07-29,,,637.20 ,88.70 
2010-07-30,,,698.70 ,79.90 
2010-07-31,,,702.10 ,62.50 
2010-08-01,,,730.60 ,80.90 
2010-08-02,,,726.60 ,70.94 
2010-08-03,,,720.50 ,95.39 
2010-08-04,,,724.20 ,89.01 
2010-08-05,,,728.20 ,79.51 
2010-08-06,,,731.90 ,96.85 
2010-08-07,,,721.90 ,74.06 
2010-08-08,,,717.80 ,78.19 
2010-08-09,,,716.30 ,77.65 
2010-08-10,,,709.00 ,89.39 
2010-08-11,,,706.40 ,89.95 
2010-08-12,,,720.40 ,92.03 
2010-08-13,,,729.00 ,78.37 
2010-08-14,,,729.00 ,64.14 
2010-08-15,,,733.00 ,75.58 
2010-08-16,,,732.00 ,60.92 
2010-08-17,,,730.00 ,67.47 
2010-08-18,,,735.00 ,57.45 
2010-08-19,,,731.00 ,67.09 
2010-08-20,,,725.00 ,55.35 
2010-08-21,,,708.00 ,58.69 
2010-08-22,,,712.00 ,61.47 
2010-08-23,,,719.00 ,69.69 
2010-08-24,,,718.00 ,70.02 
2010-08-25,,,721.00 ,76.02 
2010-08-26,,,719.00 ,75.02 
2010-08-27,,,716.00 ,73.40 
2010-08-28,,,718.00 ,81.34 
2010-08-29,,,719.00 ,76.04 
2010-08-30,,,720.00 ,74.01 
2010-08-31,,,729.00 ,63.82 
2010-09-01,,,737.00 ,63.49 
2010-09-02,,,737.00 ,65.91 
2010-09-03,,,732.00 ,70.53 
2010-09-04,,,729.00 ,67.89 
2010-09-05,,,718.00 ,59.37 
2010-09-06,,,719.00 ,71.37 
2010-09-07,,,735.00 ,71.23 
2010-09-08,,,770.00 ,67.50 
2010-09-09,,,786.00 ,74.85 
2010-09-10,,,779.00 ,65.20 
2010-09-11,,,774.00 ,60.89 
2010-09-12,,,766.00 ,69.27 
2010-09-13,,,769.00 ,72.93 
2010-09-14,,,753.00 ,64.46 
2010-09-15,,,760.00 ,73.35 
2010-09-16,,,814.00 ,75.67 
2010-09-17,,,806.00 ,73.04 
2010-09-18,,,833.00 ,71.98 
2010-09-19,,,854.00 ,65.22 
2010-09-20,,,831.00 ,59.56 
2010-09-21,,,822.00 ,52.67 
2010-09-22,,,823.00 ,52.86 
2010-09-23,,,822.00 ,55.40 
2010-09-24,,,780.00 ,49.40 
2010-09-25,,,762.00 ,52.82 
2010-09-26,,,740.00 ,49.84 
2010-09-27,,,708.00 ,52.86 
2010-09-28,,,697.00 ,59.03 
2010-09-29,,,686.00 ,47.89 
2010-09-30,,,670.00 ,61.16 
2010-10-01,,,667.00 ,58.57 
2010-10-02,,,671.00 ,57.11 
2010-10-03,,,670.00 ,53.28 
2010-10-04,,,652.00 ,55.88 
2010-10-05,,,634.00 ,50.56 
2010-10-06,,,641.00 ,78.26 
2010-10-07,,,642.00 ,68.49 
2010-10-08,,,669.00 ,65.16 
2010-10-09,,,671.00 ,68.87 
2010-10-10,,,645.00 ,63.18 
2010-10-11,,,644.00 ,65.44 
2010-10-12,,,638.00 ,72.54 
2010-10-13,,,643.00 ,63.01 
2010-10-14,,,633.00 ,70.35 
2010-10-15,,,638.00 ,66.45 
2010-10-16,,,619.00 ,55.72 
2010-10-17,,,621.00 ,66.70 
2010-10-18,,,685.00 ,72.71 
2010-10-19,,,673.00 ,65.41 
2010-10-20,,,675.00 ,78.05 
2010-10-21,,,707.00 ,70.02 
2010-10-22,,,692.00 ,94.81 
2010-10-23,,,697.00 ,93.56 
2010-10-24,,,729.00 ,92.22 
2010-10-25,,,756.00 ,97.74 
2010-10-26,,,722.00 ,79.82 
2010-10-27,,,716.00 ,88.13 
2010-10-28,,,720.00 ,101.15 
2010-10-29,,,718.00 ,89.62 
2010-10-30,,,711.00 ,91.91 
2010-10-31,,,719.00 ,97.08 
2010-11-01,,,710.00 ,94.73 
2010-11-02,,,690.00 ,90.22 
2010-11-03,,,687.00 ,102.12 
2010-11-04,,,611.00 ,95.08 
2010-11-05,,,666.00 ,80.42 
2010-11-06,,,655.00 ,96.42 
2010-11-07,,,659.00 ,95.54 
2010-11-08,,,365.00 ,90.93 
2010-11-09,,,650.00 ,96.96 
2010-11-10,,,643.00 ,98.29 
2010-11-11,,,629.00 ,91.28 
2010-11-12,,,637.00 ,96.68 
2010-11-13,,,636.00 ,99.21 
2010-11-14,,,633.00 ,95.81 
2010-11-15,,,623.00 ,94.62 
2010-11-16,,,622.00 ,94.67 
2010-11-17,,,613.00 ,80.92 
2010-11-18,,,603.00 ,92.72 
2010-11-19,,,602.00 ,91.23 
2010-11-20,,,591.00 ,85.34 
2010-11-21,,,606.00 ,90.43 
2010-11-22,,,625.00 ,100.63 
2010-11-23,,,614.00 ,95.03 
2010-11-24,,,597.00 ,81.15 
2010-11-25,,,597.00 ,92.35 
2010-11-26,,,593.00 ,88.02 
2010-11-27,,,594.00 ,93.21 
2010-11-28,,,591.00 ,89.57 
2010-11-29,,,585.00 ,99.93 
2010-11-30,,,574.00 ,86.81 
2010-12-01,,,570.00 ,89.48 
2010-12-02,,,602.00 ,94.83 
2010-12-03,,,648.00 ,88.36 
2010-12-04,,,632.00 ,93.17 
2010-12-05,,,635.00 ,96.09 
2010-12-06,,,672.00 ,92.31 
2010-12-07,,,679.00 ,89.76 
2010-12-08,,,665.00 ,86.29 
2010-12-09,,,665.00 ,93.74 
2010-12-10,,,674.00 ,92.74 
2010-12-11,,,691.00 ,96.21 
2010-12-12,,,675.00 ,87.11 
2010-12-13,,,699.00 ,85.36 
2010-12-14,,,744.00 ,89.23 
2010-12-15,,,751.00 ,90.78 
2010-12-16,,,731.00 ,84.17 
2010-12-17,,,731.00 ,84.70 
2010-12-18,,,721.00 ,85.11 
2010-12-19,,,712.00 ,94.44 
2010-12-20,,,713.00 ,101.91 
2010-12-21,,,704.00 ,99.49 
2010-12-22,,,703.00 ,97.81 
2010-12-23,,,750.00 ,88.79 
2010-12-24,,,759.00 ,93.82 
2010-12-25,,,746.00 ,86.45 
2010-12-26,,,724.00 ,82.51 
2010-12-27,,,729.00 ,96.01 
2010-12-28,,,718.00 ,95.19 
2010-12-29,,,713.00 ,80.44 
2010-12-30,,,711.00 ,86.35 
2010-12-31,,,708.00 ,81.19 
2011-01-01,,,700.00 ,95.32 
2011-01-02,,,706.00 ,97.61 
2011-01-03,,,711.00 ,93.38 
2011-01-04,,,705.00 ,92.20 
2011-01-05,,,702.00 ,99.84 
2011-01-06,,,704.00 ,90.79 
2011-01-07,,,692.00 ,96.41 
2011-01-08,,,689.00 ,107.43 
2011-01-09,,,688.00 ,94.97 
2011-01-10,,,698.00 ,104.89 
2011-01-11,,,696.00 ,99.03 
2011-01-12,,,705.00 ,105.92 
2011-01-13,,,431.00 ,97.36 
2011-01-14,,,703.00 ,100.56 
2011-01-15,,,708.00 ,102.12 
2011-01-16,,,706.00 ,94.98 
2011-01-17,,,715.00 ,101.68 
2011-01-18,,,721.00 ,107.20 
2011-01-19,,,715.00 ,96.07 
2011-01-20,,,712.00 ,96.33 
2011-01-21,,,716.00 ,99.56 
2011-01-22,,,713.00 ,91.63 
2011-01-23,,,690.00 ,99.14 
2011-01-24,,,703.00 ,98.60 
2011-01-25,,,702.00 ,97.40 
2011-01-26,,,707.00 ,101.20 
2011-01-27,,,702.00 ,93.20 
2011-01-28,,,691.00 ,88.40 
2011-01-29,,,698.00 ,97.10 
2011-01-30,,,686.00 ,92.90 
2011-01-31,,,686.00 ,95.32 
2011-02-01,,,680.00 ,100.45 
2011-02-02,,,689.00 ,113.16 
2011-02-03,,,682.00 ,92.11 
2011-02-04,,,783.00 ,105.49 
2011-02-05,,,791.00 ,102.74 
2011-02-06,,,778.00 ,100.14 
2011-02-07,,,772.00 ,107.46 
2011-02-08,,,742.00 ,103.03 
2011-02-09,,,775.00 ,108.20 
2011-02-10,,,777.00 ,106.78 
2011-02-11,,,752.00 ,73.40 
2011-02-12,,,748.00 ,93.80 
2011-02-13,,,744.00 ,95.98 
2011-02-14,,,740.00 ,98.66 
2011-02-15,,,729.00 ,106.82 
2011-02-16,,,759.00 ,107.58 
2011-02-17,,,763.00 ,99.13 
2011-02-18,,,742.00 ,84.83 
2011-02-19,,,755.00 ,116.43 
2011-02-20,,,743.00 ,102.95 
2011-02-21,,,753.00 ,92.10 
2011-02-22,,,804.00 ,106.17 
2011-02-23,,,832.00 ,109.36 
2011-02-24,,,826.00 ,98.25 
2011-02-25,,,833.00 ,94.78 
2011-02-26,,,836.00 ,98.03 
2011-02-27,,,808.00 ,90.09 
2011-02-28,,,849.00 ,96.14 
2011-03-01,,,848.00 ,103.49 
2011-03-02,,,851.00 ,97.20 
2011-03-03,,,852.00 ,104.42 
2011-03-04,,,851.00 ,101.76 
2011-03-05,,,835.00 ,103.34 
2011-03-06,,,838.00 ,102.64 
2011-03-07,,,839.00 ,107.08 
2011-03-08,,,821.00 ,87.78 
2011-03-09,,,820.00 ,105.80 
2011-03-10,,,822.00 ,111.03 
2011-03-11,,,808.00 ,100.17 
2011-03-12,,,797.00 ,104.58 
2011-03-13,,,785.00 ,103.00 
2011-03-14,,,785.00 ,97.64 
2011-03-15,,,795.00 ,105.30 
2011-03-16,,,786.00 ,97.20 
2011-03-17,,,783.00 ,101.17 
2011-03-18,,,768.00 ,99.38 
2011-03-19,,,794.00 ,108.35 
2011-03-20,,,777.00 ,102.58 
2011-03-21,,,773.00 ,87.98 
2011-03-22,,,766.00 ,110.04 
2011-03-23,,,763.00 ,109.82 
2011-03-24,,,754.00 ,103.83 
2011-03-25,,,735.00 ,105.55 
2011-03-26,,,739.00 ,102.55 
2011-03-27,,,740.00 ,101.24 
2011-03-28,,,746.00 ,103.20 
2011-03-29,,,738.00 ,105.90 
2011-03-30,,,744.00 ,94.30 
2011-03-31,,,740.00 ,98.00 
2011-04-01,,,735.00 ,100.80 
2011-04-02,,,738.00 ,78.54 
2011-04-03,,,724.00 ,73.38 
2011-04-04,,,708.00 ,91.91 
2011-04-05,,,688.00 ,86.63 
2011-04-06,,,677.00 ,92.53 
2011-04-07,,,669.00 ,91.11 
2011-04-08,,,655.00 ,77.90 
2011-04-09,,,648.00 ,89.29 
2011-04-10,,,636.00 ,85.50 
2011-04-11,,,640.00 ,80.80 
2011-04-12,,,638.00 ,89.16 
2011-04-13,,,628.00 ,92.05 
2011-04-14,,,617.00 ,95.09 
2011-04-15,,,599.00 ,92.16 
2011-04-16,,,574.00 ,82.59 
2011-04-17,,,584.00 ,90.39 
2011-04-18,,,590.00 ,87.22 
2011-04-19,,,602.00 ,81.73 
2011-04-20,,,599.00 ,89.12 
2011-04-21,,,590.00 ,92.69 
2011-04-22,,,580.00 ,93.18 
2011-04-23,,,576.00 ,93.03 
2011-04-24,,,563.00 ,90.23 
2011-04-25,,,562.00 ,95.26 
2011-04-26,,,548.00 ,91.70 
2011-04-27,,,542.00 ,89.48 
2011-04-28,,,537.00 ,102.00 
2011-04-29,,,518.00 ,94.11 
2011-04-30,,,491.00 ,79.04 
2011-05-01,,,489.00 ,95.79 
2011-05-02,,,488.00 ,96.43 
2011-05-03,,,497.00 ,109.75 
2011-05-04,,,501.00 ,109.23 
2011-05-05,,,494.00 ,118.80 
2011-05-06,,,567.00 ,102.73 
2011-05-07,,,584.00 ,103.78 
2011-05-08,,,584.00 ,105.65 
2011-05-09,,,587.00 ,98.18 
2011-05-10,,,594.00 ,101.82 
2011-05-11,,,596.00 ,111.53 
2011-05-12,,,599.00 ,104.57 
2011-05-13,,,592.00 ,115.14 
2011-05-14,,,593.00 ,106.61 
2011-05-15,,,585.00 ,106.56 
2011-05-16,,,594.00 ,104.36 
2011-05-17,,,592.00 ,112.79 
2011-05-18,,,593.00 ,109.51 
2011-05-19,,,591.00 ,110.07 
2011-05-20,,,592.00 ,107.13 
2011-05-21,,,586.00 ,102.12 
2011-05-22,,,578.00 ,106.31 
2011-05-23,,,584.00 ,115.68 
2011-05-24,,,595.00 ,114.59 
2011-05-25,,,593.00 ,106.84 
2011-05-26,,,588.00 ,112.49 
2011-05-27,,,576.00 ,101.60 
2011-05-28,,,577.00 ,107.97 
2011-05-29,,,581.00 ,102.13 
2011-05-30,,,573.00 ,109.87 
2011-05-31,,,571.00 ,95.76 
2011-06-01,,,568.00 ,96.07 
2011-06-02,,,576.00 ,109.62 
2011-06-03,,,579.00 ,95.87 
2011-06-04,,,602.00 ,92.44 
2011-06-05,,,601.00 ,100.49 
2011-06-06,,,549.00 ,101.22 
2011-06-07,,,609.00 ,117.21 
2011-06-08,,,617.00 ,102.52 
2011-06-09,,,611.00 ,108.10 
2011-06-10,,,595.00 ,108.21 
2011-06-11,,,587.00 ,108.18 
2011-06-12,,,573.00 ,101.24 
2011-06-13,,,572.00 ,115.55 
2011-06-14,,,572.00 ,110.15 
2011-06-15,,,578.00 ,101.49 
2011-06-16,,,557.00 ,89.14 
2011-06-17,,,559.00 ,101.11 
2011-06-18,,,554.00 ,111.25 
2011-06-19,,,581.00 ,109.50 
2011-06-20,,,595.00 ,110.91 
2011-06-21,,,629.00 ,113.01 
2011-06-22,,,688.00 ,109.02 
2011-06-23,,,713.00 ,106.63 
2011-06-24,,,711.00 ,105.94 
2011-06-25,,,708.00 ,107.12 
2011-06-26,,,705.00 ,111.22 
2011-06-27,,,703.00 ,112.47 
2011-06-28,,,700.00 ,107.88 
2011-06-29,,,703.00 ,107.65 
2011-06-30,,,731.00 ,107.67 
2011-07-01,,,770.00 ,103.66 
2011-07-02,,,766.00 ,101.18 
2011-07-03,,,795.00 ,105.41 
2011-07-04,,,774.00 ,107.42 
2011-07-05,,,760.00 ,101.60 
2011-07-06,,,753.00 ,89.87 
2011-07-07,,,740.00 ,106.75 
2011-07-08,,,737.00 ,109.44 
2011-07-09,,,734.00 ,108.09 
2011-07-10,,,727.00 ,105.93 
2011-07-11,,,740.00 ,117.57 
2011-07-12,,,734.00 ,104.89 
2011-07-13,,,734.00 ,110.44 
2011-07-14,,,731.00 ,104.25 
2011-07-15,,,724.00 ,104.34 
2011-07-16,,,679.00 ,104.94 
2011-07-17,,,708.00 ,111.72 
2011-07-18,,,703.00 ,102.14 
2011-07-19,,,709.00 ,112.60 
2011-07-20,,,704.00 ,106.49 
2011-07-21,,,692.00 ,97.03 
2011-07-22,,,695.00 ,92.34 
2011-07-23,,,707.00 ,112.20 
2011-07-24,,,703.00 ,113.75 
2011-07-25,,,715.00 ,99.02 
2011-07-26,,,547.00 ,94.38 
2011-07-27,,,737.00 ,104.75 
2011-07-28,,,742.00 ,107.17 
2011-07-29,,,745.00 ,108.72 
2011-07-30,,,760.00 ,93.57 
2011-07-31,,,783.00 ,98.45 
2011-08-01,,,794.00 ,111.96 
2011-08-02,,,823.00 ,101.12 
2011-08-03,,,817.00 ,98.03 
2011-08-04,,,817.00 ,102.39 
2011-08-05,,,802.00 ,89.93 
2011-08-06,,,816.00 ,97.26 
2011-08-07,,,796.00 ,100.89 
2011-08-08,,,781.00 ,99.59 
2011-08-09,,,773.00 ,103.46 
2011-08-10,,,768.00 ,86.31 
2011-08-11,,,754.00 ,93.61 
2011-08-12,,,769.00 ,94.77 
2011-08-13,,,773.00 ,102.03 
2011-08-14,,,767.00 ,111.23 
2011-08-15,,,748.00 ,100.61 
2011-08-16,,,750.00 ,99.31 
2011-08-17,,,744.00 ,102.89 
2011-08-18,,,740.00 ,101.12 
2011-08-19,,,732.00 ,101.64 
2011-08-20,,,718.00 ,105.16 
2011-08-21,,,720.00 ,110.92 
2011-08-22,,,724.00 ,113.47 
2011-08-23,,,724.00 ,98.74 
2011-08-24,10.00 ,,728.00 ,109.92 
2011-08-25,10.00 ,,728.00 ,104.46 
2011-08-26,10.00 ,,722.00 ,101.34 
2011-08-27,,,721.00 ,106.43 
2011-08-28,,,720.00 ,108.71 
2011-08-29,110.00 ,,718.00 ,110.82 
2011-08-30,110.00 ,,725.00 ,107.07 
2011-08-31,110.00 ,,725.00 ,108.12 
2011-09-01,110.00 ,,730.00 ,106.09 
2011-09-02,110.00 ,,732.00 ,99.39 
2011-09-03,,,735.00 ,109.28 
2011-09-04,,,741.00 ,103.15 
2011-09-05,110.00 ,,732.00 ,106.79 
2011-09-06,110.00 ,,717.00 ,98.29 
2011-09-07,460.00 ,,717.00 ,103.22 
2011-09-08,540.00 ,,702.00 ,99.29 
2011-09-09,730.00 ,,699.00 ,107.44 
2011-09-10,,,693.00 ,90.67 
2011-09-11,,,667.60 ,89.42 
2011-09-12,,,664.00 ,102.09 
2011-09-13,730.00 ,,669.00 ,113.58 
2011-09-14,730.00 ,,671.00 ,115.44 
2011-09-15,730.00 ,,680.00 ,111.05 
2011-09-16,730.00 ,,677.00 ,108.58 
2011-09-17,,,684.00 ,105.34 
2011-09-18,,,706.00 ,105.52 
2011-09-19,510.00 ,,707.00 ,110.83 
2011-09-20,410.00 ,,712.00 ,103.97 
2011-09-21,410.00 ,,690.00 ,92.83 
2011-09-22,360.00 ,,667.00 ,80.99 
2011-09-23,360.00 ,,646.00 ,83.57 
2011-09-24,,,621.00 ,83.38 
2011-09-25,,,591.00 ,82.29 
2011-09-26,360.00 ,,561.00 ,81.75 
2011-09-27,360.00 ,,530.00 ,80.45 
2011-09-28,280.00 ,,509.00 ,81.53 
2011-09-29,280.00 ,,478.00 ,77.44 
2011-09-30,280.00 ,,454.00 ,74.68 
2011-10-01,,,446.00 ,89.68 
2011-10-02,,,435.00 ,78.85 
2011-10-03,,,418.00 ,86.85 
2011-10-04,,,400.00 ,99.38 
2011-10-05,,,400.00 ,105.06 
2011-10-06,,,403.00 ,97.13 
2011-10-07,,,407.00 ,115.51 
2011-10-08,,,414.00 ,108.85 
2011-10-09,,,441.00 ,104.41 
2011-10-10,280.00 ,,461.00 ,103.53 
2011-10-11,280.00 ,,458.00 ,107.56 
2011-10-12,280.00 ,,457.00 ,109.01 
2011-10-13,280.00 ,,462.00 ,113.82 
2011-10-14,280.00 ,,466.00 ,104.45 
2011-10-15,,,478.00 ,107.68 
2011-10-16,,,486.00 ,112.41 
2011-10-17,280.00 ,,495.00 ,115.44 
2011-10-18,270.00 ,,496.00 ,100.74 
2011-10-19,270.00 ,,498.00 ,104.23 
2011-10-20,270.00 ,,500.00 ,110.53 
2011-10-21,270.00 ,,506.00 ,108.88 
2011-10-22,,,501.00 ,103.66 
2011-10-23,,,495.00 ,113.52 
2011-10-24,270.00 ,,544.00 ,108.45 
2011-10-25,270.00 ,,567.00 ,114.56 
2011-10-26,270.00 ,,552.00 ,97.09 
2011-10-27,270.00 ,,537.00 ,104.81 
2011-10-28,250.00 ,,527.00 ,105.00 
2011-10-29,,,553.00 ,100.81 
2011-10-30,,,534.00 ,106.42 
2011-10-31,250.00 ,,537.00 ,108.15 
2011-11-01,250.00 ,,574.00 ,112.83 
2011-11-02,250.00 ,,577.00 ,109.43 
2011-11-03,250.00 ,,584.00 ,103.41 
2011-11-04,250.00 ,,577.00 ,105.88 
2011-11-05,,,577.00 ,109.37 
2011-11-06,,,604.00 ,106.08 
2011-11-07,250.00 ,,631.00 ,115.55 
2011-11-08,250.00 ,,624.00 ,108.14 
2011-11-09,250.00 ,,615.00 ,91.02 
2011-11-10,250.00 ,,603.00 ,105.38 
2011-11-11,250.00 ,,596.00 ,101.49 
2011-11-12,,,598.00 ,99.03 
2011-11-13,,,589.00 ,108.32 
2011-11-14,250.00 ,,594.00 ,109.93 
2011-11-15,250.00 ,,587.00 ,111.95 
2011-11-16,250.00 ,,602.00 ,102.04 
2011-11-17,250.00 ,,635.00 ,108.61 
2011-11-18,250.00 ,,657.00 ,82.00 
2011-11-19,,,667.00 ,105.31 
2011-11-20,,,694.00 ,107.00 
2011-11-21,250.00 ,,687.00 ,109.47 
2011-11-22,250.00 ,,671.00 ,105.14 
2011-11-23,250.00 ,,668.00 ,104.14 
2011-11-24,250.00 ,,679.00 ,107.31 
2011-11-25,250.00 ,,670.00 ,102.96 
2011-11-26,,,657.00 ,101.59 
2011-11-27,,,665.00 ,104.05 
2011-11-28,250.00 ,,664.00 ,108.30 
2011-11-29,250.00 ,,714.00 ,103.20 
2011-11-30,250.00 ,,753.00 ,91.06 
2011-12-01,250.00 ,,756.00 ,98.57 
2011-12-02,250.00 ,,752.00 ,104.95 
2011-12-03,,,750.00 ,104.23 
2011-12-04,,,730.00 ,98.81 
2011-12-05,250.00 ,,729.00 ,102.11 
2011-12-06,250.00 ,,738.00 ,94.80 
2011-12-07,250.00 ,,733.00 ,100.92 
2011-12-08,250.00 ,,738.00 ,108.71 
2011-12-09,250.00 ,,745.00 ,104.14 
2011-12-10,,,715.00 ,97.68 
2011-12-11,,,740.00 ,95.60 
2011-12-12,250.00 ,,730.00 ,95.89 
2011-12-13,250.00 ,,724.00 ,100.20 
2011-12-14,250.00 ,,716.00 ,91.87 
2011-12-15,250.00 ,,722.00 ,102.36 
2011-12-16,250.00 ,,718.00 ,100.24 
2011-12-17,,,736.00 ,100.53 
2011-12-18,,,717.00 ,95.85 
2011-12-19,250.00 ,,708.00 ,102.60 
2011-12-20,250.00 ,,711.00 ,95.80 
2011-12-21,250.00 ,,699.00 ,95.13 
2011-12-22,250.00 ,,698.00 ,100.11 
2011-12-23,250.00 ,,685.00 ,91.08 
2011-12-24,,,676.00 ,105.26 
2011-12-25,,,670.00 ,98.92 
2011-12-26,250.00 ,,676.00 ,106.91 
2011-12-27,250.00 ,,673.00 ,108.70 
2011-12-28,250.00 ,,665.00 ,107.99 
2011-12-29,250.00 ,,668.00 ,97.78 
2011-12-30,250.00 ,,657.00 ,97.62 
2011-12-31,,,655.00 ,105.25 
2012-01-01,,,650.00 ,101.65 
2012-01-02,,,647.00 ,104.48 
2012-01-03,,,658.00 ,102.20 
2012-01-04,250.00 ,,656.00 ,101.58 
2012-01-05,250.00 ,,661.00 ,98.78 
2012-01-06,250.00 ,,674.00 ,111.41 
2012-01-07,,,681.00 ,97.68 
2012-01-08,,,688.00 ,109.14 
2012-01-09,250.00 ,,695.00 ,103.51 
2012-01-10,200.00 ,,695.00 ,101.40 
2012-01-11,200.00 ,,694.00 ,90.10 
2012-01-12,200.00 ,,701.00 ,109.02 
2012-01-13,200.00 ,,704.00 ,92.24 
2012-01-14,,,696.00 ,104.76 
2012-01-15,,,702.00 ,98.03 
2012-01-16,200.00 ,,712.00 ,106.79 
2012-01-17,160.00 ,,719.00 ,103.70 
2012-01-18,160.00 ,,719.00 ,105.41 
2012-01-19,70.00 ,,722.00 ,95.90 
2012-01-20,20.00 ,,722.00 ,95.40 
2012-01-21,,,740.00 ,97.34 
2012-01-22,,,754.00 ,93.55 
2012-01-23,,,755.00 ,80.28 
2012-01-24,,,711.00 ,97.22 
2012-01-25,,,759.00 ,91.13 
2012-01-26,,,760.00 ,96.20 
2012-01-27,,,760.00 ,101.87 
2012-01-28,,,755.00 ,97.53 
2012-01-29,,,760.00 ,96.43 
2012-01-30,20.00 ,,767.00 ,101.79 
2012-01-31,20.00 ,,769.00 ,96.17 
2012-02-01,20.00 ,,770.00 ,87.17 
2012-02-02,0.00 ,,775.00 ,102.35 
2012-02-03,,,789.00 ,101.20 
2012-02-04,,,789.00 ,96.82 
2012-02-05,,,779.00 ,90.61 
2012-02-06,,,802.00 ,92.79 
2012-02-07,,,798.00 ,91.22 
2012-02-08,,,801.00 ,95.31 
2012-02-09,,,794.00 ,101.28 
2012-02-10,,,796.00 ,97.30 
2012-02-11,,,786.00 ,91.11 
2012-02-12,,,781.00 ,101.07 
2012-02-13,,,785.00 ,102.70 
2012-02-14,,,807.00 ,97.40 
2012-02-15,,,847.00 ,95.10 
2012-02-16,,,854.00 ,105.10 
2012-02-17,,,848.00 ,106.80 
2012-02-18,,,790.00 ,92.30 
2012-02-19,,,788.00 ,102.00 
2012-02-20,,,788.00 ,99.02 
2012-02-21,,,816.00 ,101.50 
2012-02-22,,,831.00 ,84.68 
2012-02-23,,,840.00 ,90.57 
2012-02-24,,,839.00 ,104.10 
2012-02-25,,,837.00 ,101.72 
2012-02-26,,,823.00 ,93.84 
2012-02-27,,,824.00 ,105.80 
2012-02-28,,,830.00 ,101.40 
2012-02-29,,,824.00 ,85.80 
2012-03-01,,,819.00 ,99.90 
2012-03-02,,,809.00 ,86.90 
2012-03-03,,,798.00 ,89.90 
2012-03-04,,,789.00 ,104.40 
2012-03-05,,,772.00 ,98.10 
2012-03-06,,,772.00 ,90.90 
2012-03-07,,,775.00 ,96.40 
2012-03-08,,,763.00 ,100.50 
2012-03-09,,,697.00 ,84.60 
2012-03-10,,,729.00 ,96.60 
2012-03-11,,,726.00 ,103.50 
2012-03-12,,,719.00 ,99.30 
2012-03-13,,,716.00 ,103.60 
2012-03-14,,,716.00 ,102.20 
2012-03-15,,,710.00 ,101.00 
2012-03-16,,,697.00 ,103.10 
2012-03-17,,,742.00 ,91.80 
2012-03-18,,,760.00 ,97.90 
2012-03-19,,,771.00 ,103.00 
2012-03-20,,,769.00 ,104.10 
2012-03-21,,,748.00 ,88.80 
2012-03-22,,,746.00 ,105.30 
2012-03-23,,,736.00 ,104.40 
2012-03-24,,,731.00 ,100.70 
2012-03-25,,,710.00 ,97.40 
2012-03-26,,,708.00 ,113.20 
2012-03-27,,,697.00 ,103.00 
2012-03-28,,,693.00 ,97.90 
2012-03-29,,,690.00 ,110.20 
2012-03-30,,,684.00 ,80.10 
2012-03-31,,,667.00 ,108.10 
2012-04-01,,,671.00 ,98.20 
2012-04-02,,,671.00 ,103.00 
2012-04-03,,,665.00 ,102.70 
2012-04-04,,,654.00 ,99.30 
2012-04-05,,,647.00 ,104.00 
2012-04-06,,,629.00 ,80.80 
2012-04-07,,,628.00 ,87.70 
2012-04-08,,,605.00 ,84.20 
2012-04-09,,,580.00 ,77.70 
2012-04-10,,,563.00 ,86.20 
2012-04-11,,,559.00 ,94.70 
2012-04-12,,,549.00 ,87.70 
2012-04-13,,,547.00 ,83.20 
2012-04-14,,,549.00 ,91.30 
2012-04-15,,,585.00 ,84.20 
2012-04-16,,,582.00 ,94.90 
2012-04-17,,,573.00 ,76.30 
2012-04-18,,,559.00 ,86.80 
2012-04-19,,,561.00 ,83.40 
2012-04-20,,,586.00 ,93.90 
2012-04-21,,,581.00 ,84.20 
2012-04-22,,,569.00 ,90.30 
2012-04-23,,,551.00 ,84.50 
2012-04-24,,,542.00 ,89.40 
2012-04-25,,,534.00 ,77.40 
2012-04-26,,,533.00 ,98.20 
2012-04-27,,,524.00 ,94.30 
2012-04-28,,,525.00 ,93.80 
2012-04-29,,,524.00 ,109.50 
2012-04-30,,,524.00 ,114.60 
2012-05-01,,,559.00 ,110.10 
2012-05-02,,,571.00 ,109.70 
2012-05-03,100.00 ,,572.00 ,116.90 
2012-05-04,100.00 ,,576.00 ,109.90 
2012-05-05,,,571.00 ,114.70 
2012-05-06,,,567.00 ,108.40 
2012-05-07,100.00 ,,576.00 ,112.50 
2012-05-08,100.00 ,,577.00 ,118.30 
2012-05-09,100.00 ,,571.00 ,107.80 
2012-05-10,100.00 ,,573.00 ,113.40 
2012-05-11,190.00 ,,578.00 ,106.60 
2012-05-12,,,568.00 ,94.70 
2012-05-13,,,570.00 ,113.20 
2012-05-14,190.00 ,,589.00 ,110.90 
2012-05-15,190.00 ,,595.00 ,99.30 
2012-05-16,190.00 ,,607.00 ,116.20 
2012-05-17,130.00 ,,616.00 ,103.50 
2012-05-18,130.00 ,,616.00 ,107.60 
2012-05-19,,,633.00 ,114.30 
2012-05-20,,,635.00 ,112.30 
2012-05-21,130.00 ,,646.00 ,104.30 
2012-05-22,130.00 ,,670.00 ,103.10 
2012-05-23,130.00 ,,695.00 ,106.40 
2012-05-24,130.00 ,,722.00 ,106.40 
2012-05-25,130.00 ,,713.00 ,100.90 
2012-05-26,,,718.00 ,102.20 
2012-05-27,,,743.00 ,111.90 
2012-05-28,130.00 ,,762.00 ,111.00 
2012-05-29,130.00 ,,767.00 ,107.30 
2012-05-30,130.00 ,,774.00 ,105.20 
2012-05-31,130.00 ,,782.00 ,86.40 
2012-06-01,130.00 ,,795.00 ,110.50 
2012-06-02,,,811.00 ,104.40 
2012-06-03,,,822.00 ,99.60 
2012-06-04,130.00 ,,825.00 ,97.40 
2012-06-05,130.00 ,,838.00 ,102.40 
2012-06-06,130.00 ,,871.00 ,100.60 
2012-06-07,130.00 ,,883.00 ,95.90 
2012-06-08,130.00 ,,891.00 ,97.70 
2012-06-09,,,883.00 ,102.70 
2012-06-10,,,902.00 ,99.90 
2012-06-11,130.00 ,,909.00 ,97.20 
2012-06-12,130.00 ,,926.00 ,88.70 
2012-06-13,130.00 ,,947.00 ,98.80 
2012-06-14,130.00 ,,934.00 ,85.80 
2012-06-15,130.00 ,,947.00 ,95.50 
2012-06-16,,,939.00 ,95.40 
2012-06-17,,,933.00 ,103.90 
2012-06-18,130.00 ,,945.00 ,95.30 
2012-06-19,130.00 ,,946.00 ,82.60 
2012-06-20,130.00 ,,938.00 ,84.50 
2012-06-21,130.00 ,,924.00 ,73.80 
2012-06-22,,,913.00 ,79.00 
2012-06-23,,,909.00 ,92.30 
2012-06-24,,,911.00 ,96.90 
2012-06-25,130.00 ,,899.00 ,83.10 
2012-06-26,130.00 ,,896.00 ,82.80 
2012-06-27,130.00 ,,893.00 ,87.80 
2012-06-28,130.00 ,,890.00 ,86.20 
2012-06-29,130.00 ,,876.00 ,82.20 
2012-06-30,,,864.00 ,82.60 
2012-07-01,,,859.00 ,101.90 
2012-07-02,130.00 ,,895.00 ,88.00 
2012-07-03,40.00 ,,888.00 ,83.00 
2012-07-04,40.00 ,,878.00 ,80.90 
2012-07-05,40.00 ,,878.00 ,92.90 
2012-07-06,40.00 ,,872.00 ,86.00 
2012-07-07,,,857.00 ,87.50 
2012-07-08,,,857.00 ,97.80 
2012-07-09,40.00 ,,854.00 ,91.70 
2012-07-10,40.00 ,,848.00 ,78.00 
2012-07-11,40.00 ,,857.00 ,91.00 
2012-07-12,40.00 ,,860.00 ,95.10 
2012-07-13,40.00 ,,850.00 ,89.60 
2012-07-14,,,857.00 ,95.90 
2012-07-15,,,860.00 ,91.60 
2012-07-16,40.00 ,,857.00 ,93.70 
2012-07-17,40.00 ,,864.00 ,94.50 
2012-07-18,40.00 ,,857.00 ,86.70 
2012-07-19,40.00 ,,848.00 ,90.20 
2012-07-20,40.00 ,,839.00 ,94.30 
2012-07-21,,,839.00 ,99.50 
2012-07-22,,,855.00 ,81.70 
2012-07-23,40.00 ,,870.00 ,76.90 
2012-07-24,40.00 ,,860.00 ,92.30 
2012-07-25,40.00 ,,842.00 ,92.30 
2012-07-26,40.00 ,,850.00 ,89.40 
2012-07-27,40.00 ,,841.00 ,81.70 
2012-07-28,,,824.00 ,85.50 
2012-07-29,,,842.00 ,70.40 
2012-07-30,40.00 ,,830.00 ,85.20 
2012-07-31,40.00 ,,809.00 ,89.50 
2012-08-01,40.00 ,,815.00 ,77.20 
2012-08-02,40.00 ,,817.00 ,57.30 
2012-08-03,40.00 ,,807.00 ,64.30 
2012-08-04,,,809.00 ,59.20 
2012-08-05,,,816.00 ,41.00 
2012-08-06,40.00 ,,798.00 ,50.60 
2012-08-07,40.00 ,,777.00 ,63.50 
2012-08-08,40.00 ,,756.00 ,67.90 
2012-08-09,40.00 ,,740.00 ,77.20 
2012-08-10,40.00 ,,726.00 ,88.30 
2012-08-11,,,718.00 ,96.20 
2012-08-12,,,710.00 ,96.40 
2012-08-13,40.00 ,,700.00 ,86.00 
2012-08-14,40.00 ,,700.00 ,101.00 
2012-08-15,40.00 ,,697.00 ,92.00 
2012-08-16,40.00 ,,681.00 ,97.00 
2012-08-17,40.00 ,,673.00 ,84.20 
2012-08-18,,,672.00 ,85.40 
2012-08-19,,,668.00 ,87.90 
2012-08-20,40.00 ,,665.00 ,103.70 
2012-08-21,40.00 ,,661.00 ,99.10 
2012-08-22,40.00 ,,665.00 ,105.30 
2012-08-23,40.00 ,,662.00 ,97.00 
2012-08-24,40.00 ,,659.00 ,96.70 
2012-08-25,,,654.00 ,98.20 
2012-08-26,,,650.00 ,110.60 
2012-08-27,40.00 ,,638.00 ,102.80 
2012-08-28,40.00 ,,639.00 ,97.90 
2012-08-29,40.00 ,,637.00 ,95.70 
2012-08-30,110.00 ,,634.00 ,109.10 
2012-08-31,110.00 ,,628.00 ,94.80 
2012-09-01,,,655.00 ,96.50 
2012-09-02,,,695.00 ,93.10 
2012-09-03,110.00 ,,698.00 ,94.40 
2012-09-04,110.00 ,,696.00 ,99.10 
2012-09-05,110.00 ,,694.00 ,102.60 
2012-09-06,250.00 ,,701.00 ,104.00 
2012-09-07,250.00 ,,692.00 ,96.70 
2012-09-08,,,,88.70 
2012-09-09,,,683.00 ,104.10 
2012-09-10,350.00 ,,688.00 ,102.90 
2012-09-11,350.00 ,,700.00 ,109.90 
2012-09-12,350.00 ,,696.00 ,95.60 
2012-09-13,400.00 ,,692.00 ,97.90 
2012-09-14,400.00 ,,693.00 ,105.60 
2012-09-15,,,691.00 ,104.30 
2012-09-16,,,689.00 ,109.00 
2012-09-17,540.00 ,,686.00 ,99.60 
2012-09-18,580.00 ,,675.00 ,90.80 
2012-09-19,300.00 ,,663.00 ,100.20 
2012-09-20,0.00 ,,663.00 ,105.20 
2012-09-21,,,647.00 ,96.10 
2012-09-22,,,642.00 ,100.50 
2012-09-23,,,645.00 ,104.80 
2012-09-24,,,646.00 ,104.00 
2012-09-25,,,631.00 ,100.40 
2012-09-26,,,628.00 ,100.90 
2012-09-27,,,605.00 ,89.60 
2012-09-28,,,604.00 ,94.50 
2012-09-29,,,608.00 ,103.90 
2012-09-30,,,608.00 ,102.90 
2012-10-01,,,,94.10 
2012-10-02,,,612.00 ,103.30 
2012-10-03,,,605.00 ,105.10 
2012-10-04,,,596.00 ,101.40 
2012-10-05,,,602.00 ,99.90 
2012-10-06,,,603.00 ,92.10 
2012-10-07,,,591.00 ,89.50 
2012-10-08,,,587.00 ,104.60 
2012-10-09,,,584.00 ,79.30 
2012-10-10,,,573.00 ,77.30 
2012-10-11,,,552.00 ,84.60 
2012-10-12,,,547.00 ,77.20 
2012-10-13,,,574.00 ,87.00 
2012-10-14,,,550.00 ,84.80 
2012-10-15,,,536.00 ,87.80 
2012-10-16,,,538.00 ,95.30 
2012-10-17,,,552.00 ,81.00 
2012-10-18,,,551.00 ,91.50 
2012-10-19,,,549.00 ,84.70 
2012-10-20,,,531.00 ,74.70 
2012-10-21,,,527.00 ,89.90 
2012-10-22,,,519.00 ,97.00 
2012-10-23,,,525.00 ,105.10 
2012-10-24,,,537.00 ,108.20 
2012-10-25,,,541.00 ,97.90 
2012-10-26,,,548.00 ,95.60 
2012-10-27,,,567.00 ,99.10 
2012-10-28,,,550.00 ,103.70 
2012-10-29,,,552.00 ,107.50 
2012-10-30,,,560.00 ,107.90 
2012-10-31,,,563.00 ,111.10 
2012-11-01,,,566.00 ,103.10 
2012-11-02,,,550.00 ,106.90 
2012-11-03,,,549.00 ,109.10 
2012-11-04,,,582.00 ,102.10 
2012-11-05,,,596.00 ,87.00 
2012-11-06,,,600.00 ,100.20 
2012-11-07,,,605.00 ,114.00 
2012-11-08,,,613.00 ,109.00 
2012-11-09,,,621.00 ,111.60 
2012-11-10,,,613.00 ,100.90 
2012-11-11,,,608.00 ,104.90 
2012-11-12,,,658.00 ,107.40 
2012-11-13,,,658.00 ,103.90 
2012-11-14,,,665.00 ,108.50 
2012-11-15,,,663.00 ,97.70 
2012-11-16,,,653.00 ,103.40 
2012-11-17,,,652.00 ,109.60 
2012-11-18,,,646.00 ,112.60 
2012-11-19,,,663.00 ,104.10 
2012-11-20,,,652.00 ,103.60 
2012-11-21,,,656.00 ,113.00 
2012-11-22,,,658.00 ,104.70 
2012-11-23,,,657.00 ,98.60 
2012-11-24,,,656.00 ,107.50 
2012-11-25,,,660.00 ,108.20 
2012-11-26,,,667.00 ,111.90 
2012-11-27,,,665.00 ,109.80 
2012-11-28,,,698.00 ,110.70 
2012-11-29,,,693.00 ,101.80 
2012-11-30,,,678.00 ,106.00 
2012-12-01,,,679.00 ,110.90 
2012-12-02,,,678.00 ,112.30 
2012-12-03,,,673.00 ,110.10 
2012-12-04,,,672.00 ,109.50 
2012-12-05,,,676.00 ,117.00 
2012-12-06,,,662.00 ,105.60 
2012-12-07,,,650.00 ,96.90 
2012-12-08,,,653.00 ,115.90 
2012-12-09,,,671.00 ,111.90 
2012-12-10,,,665.00 ,109.80 
2012-12-11,,,666.00 ,114.30 
2012-12-12,,,663.00 ,112.70 
2012-12-13,,,666.00 ,113.80 
2012-12-14,,,669.00 ,106.10 
2012-12-15,,,664.00 ,106.70 
2012-12-16,,,660.00 ,105.40 
2012-12-17,,,657.00 ,109.80 
2012-12-18,,,663.00 ,109.40 
2012-12-19,,,672.00 ,105.90 
2012-12-20,,,685.00 ,110.50 
2012-12-21,,,679.00 ,116.80 
2012-12-22,,,678.00 ,109.90 
2012-12-23,,,675.00 ,106.00 
2012-12-24,,,667.00 ,107.80 
2012-12-25,,,654.00 ,100.80 
2012-12-26,,,644.00 ,110.20 
2012-12-27,,,639.00 ,100.30 
2012-12-28,,,633.00 ,106.80 
2012-12-29,,,630.00 ,104.30 
2012-12-30,,,652.00 ,110.90 
2012-12-31,,,635.00 ,105.50 
2013-01-01,,,1046.30 ,112.00 
2013-01-02,,,1041.30 ,103.00 
2013-01-03,,,1036.50 ,101.20 
2013-01-04,,,1031.80 ,105.60 
2013-01-05,,,1029.40 ,95.30 
2013-01-06,,,1033.90 ,103.70 
2013-01-07,,,1044.30 ,108.50 
2013-01-08,,,1044.60 ,109.30 
2013-01-09,,,1052.20 ,107.10 
2013-01-10,,,1056.50 ,85.70 
2013-01-11,,,1060.60 ,94.20 
2013-01-12,,,1079.60 ,102.30 
2013-01-13,,,1087.40 ,109.30 
2013-01-14,240.00 ,,1113.70 ,106.20 
2013-01-15,300.00 ,,1107.50 ,107.70 
2013-01-16,300.00 ,,1112.50 ,118.40 
2013-01-17,300.00 ,,1111.00 ,108.20 
2013-01-18,300.00 ,,1103.00 ,93.00 
2013-01-19,,,1113.50 ,115.00 
2013-01-20,,,1117.00 ,110.50 
2013-01-21,80.00 ,,1099.50 ,109.20 
2013-01-22,0.00 ,,1095.00 ,110.80 
2013-01-23,,,1102.00 ,105.60 
2013-01-24,,,1122.00 ,109.62 
2013-01-25,,,1110.50 ,97.98 
2013-01-26,,,1103.90 ,111.34 
2013-01-27,,,1101.90 ,106.32 
2013-01-28,,,1108.70 ,110.32 
2013-01-29,,,1155.00 ,114.47 
2013-01-30,,,1140.40 ,103.40 
2013-01-31,,,1177.90 ,109.80 
2013-02-01,,,1246.10 ,106.50 
2013-02-02,,,1255.10 ,104.40 
2013-02-03,,,1236.10 ,101.40 
2013-02-04,,,1227.50 ,108.67 
2013-02-05,,,1210.50 ,104.33 
2013-02-06,,,1200.00 ,106.91 
2013-02-07,,,1179.80 ,99.27 
2013-02-08,,,1162.10 ,91.09 
2013-02-09,,,1155.40 ,95.09 
2013-02-10,,,1166.40 ,119.08 
2013-02-11,,,1152.20 ,105.38 
2013-02-12,,,1143.00 ,97.77 
2013-02-13,,,1148.50 ,99.50 
2013-02-14,,,1138.20 ,106.12 
2013-02-15,,,1147.20 ,110.38 
2013-02-16,,,1155.90 ,111.08 
2013-02-17,,,1173.90 ,110.29 
2013-02-18,,,1188.80 ,106.45 
2013-02-19,,,1174.00 ,100.44 
2013-02-20,,,1157.50 ,100.70 
2013-02-21,,,1145.50 ,99.97 
2013-02-22,,,1103.20 ,90.69 
2013-02-23,,,1098.00 ,110.19 
2013-02-24,,,1086.00 ,106.20 
2013-02-25,,,1068.40 ,85.93 
2013-02-26,,,1054.40 ,108.46 
2013-02-27,,,1049.60 ,102.24 
2013-02-28,,,1078.30 ,77.00 
2013-03-01,,,1119.40 ,106.30 
2013-03-02,,,1114.90 ,100.90 
2013-03-03,,,1114.60 ,107.20 
2013-03-04,,,1101.20 ,104.90 
2013-03-05,,,1098.20 ,105.10 
2013-03-06,,,1082.20 ,106.70 
2013-03-07,,,1078.20 ,105.90 
2013-03-08,,,1097.60 ,102.80 
2013-03-09,,,1086.30 ,108.00 
2013-03-10,,,1102.30 ,107.10 
2013-03-11,,,1104.80 ,111.70 
2013-03-12,,,1112.60 ,113.00 
2013-03-13,,,1132.20 ,102.10 
2013-03-14,,,1126.90 ,111.70 
2013-03-15,,,1117.90 ,98.50 
2013-03-16,,,1117.30 ,108.80 
2013-03-17,,,915.00 ,109.70 
2013-03-18,,,952.00 ,109.90 
2013-03-19,,,971.00 ,105.20 
2013-03-20,,,990.00 ,111.40 
2013-03-21,,,992.00 ,99.10 
2013-03-22,,,1004.00 ,98.60 
2013-03-23,,,995.00 ,107.90 
2013-03-24,,,978.00 ,114.10 
2013-03-25,,,959.00 ,104.70 
2013-03-26,,,938.00 ,115.00 
2013-03-27,,,934.00 ,113.70 
2013-03-28,,,924.00 ,109.20 
2013-03-29,,,905.00 ,103.10 
2013-03-30,,,892.00 ,108.00 
2013-03-31,,,889.00 ,118.90 
2013-04-01,,,869.00 ,102.10 
2013-04-02,,,868.00 ,111.30 
2013-04-03,,,874.00 ,111.40 
2013-04-04,,,866.00 ,109.50 
2013-04-05,,,849.00 ,110.80 
2013-04-06,,,835.00 ,112.70 
2013-04-07,,,826.00 ,113.30 
2013-04-08,,,824.00 ,103.60 
2013-04-09,,,816.00 ,103.80 
2013-04-10,,,808.00 ,105.30 
2013-04-11,,,806.00 ,107.90 
2013-04-12,,,809.00 ,108.80 
2013-04-13,,,809.00 ,107.30 
2013-04-14,,,793.00 ,96.40 
2013-04-15,,,797.00 ,87.40 
2013-04-16,,,768.00 ,87.00 
2013-04-17,,,742.00 ,83.40 
2013-04-18,,,720.00 ,92.80 
2013-04-19,,,699.00 ,90.30 
2013-04-20,,,681.00 ,89.80 
2013-04-21,,,668.00 ,95.60 
2013-04-22,,,645.00 ,84.60 
2013-04-23,,,658.00 ,95.60 
2013-04-24,,,663.00 ,95.60 
2013-04-25,,,653.00 ,94.40 
2013-04-26,,,646.00 ,100.30 
2013-04-27,,,626.00 ,92.10 
2013-04-28,,,609.00 ,93.80 
2013-04-29,,,596.00 ,93.30 
2013-04-30,,,581.00 ,90.40 
2013-05-01,,,573.00 ,101.00 
2013-05-02,,,561.00 ,93.50 
2013-05-03,,,568.00 ,96.30 
2013-05-04,,,572.00 ,97.30 
2013-05-05,,,587.00 ,94.30 
2013-05-06,,,586.00 ,93.90 
2013-05-07,,,593.00 ,103.40 
2013-05-08,,,520.00 ,93.60 
2013-05-09,,,605.00 ,102.80 
2013-05-10,,,608.00 ,111.00 
2013-05-11,,,614.00 ,108.00 
2013-05-12,,,623.00 ,113.60 
2013-05-13,,,621.00 ,112.70 
2013-05-14,50.00 ,,626.00 ,113.10 
2013-05-15,50.00 ,,649.00 ,118.30 
2013-05-16,150.00 ,,643.00 ,111.50 
2013-05-17,150.00 ,,643.00 ,114.70 
2013-05-18,,,649.00 ,102.60 
2013-05-19,,,642.00 ,119.10 
2013-05-20,0.00 ,,644.00 ,112.70 
2013-05-21,,,655.00 ,111.90 
2013-05-22,,,664.00 ,115.50 
2013-05-23,,,663.00 ,105.90 
2013-05-24,,,674.00 ,118.60 
2013-05-25,,,675.00 ,111.40 
2013-05-26,,,674.00 ,103.80 
2013-05-27,,,684.00 ,106.80 
2013-05-28,,,690.00 ,105.50 
2013-05-29,,,693.00 ,119.40 
2013-05-30,,,733.00 ,104.30 
2013-05-31,,,737.00 ,109.20 
2013-06-01,,,750.00 ,112.80 
2013-06-02,,,762.00 ,106.30 
2013-06-03,,,786.00 ,110.90 
2013-06-04,,,798.00 ,121.60 
2013-06-05,,,799.00 ,105.00 
2013-06-06,,,806.00 ,114.40 
2013-06-07,,,833.00 ,114.40 
2013-06-08,,,814.00 ,101.20 
2013-06-09,,,811.00 ,109.40 
2013-06-10,,,807.00 ,98.70 
2013-06-11,,,805.00 ,109.70 
2013-06-12,,,808.00 ,115.20 
2013-06-13,,,806.00 ,115.00 
2013-06-14,,,830.00 ,116.40 
2013-06-15,,,833.00 ,108.70 
2013-06-16,,,859.00 ,111.80 
2013-06-17,,,900.00 ,112.10 
2013-06-18,,,914.00 ,112.90 
2013-06-19,,,923.00 ,109.70 
2013-06-20,,,920.00 ,109.90 
2013-06-21,,,908.00 ,105.40 
2013-06-22,,,902.00 ,99.90 
2013-06-23,,,901.00 ,110.30 
2013-06-24,,,901.00 ,101.30 
2013-06-25,,,907.00 ,105.60 
2013-06-26,,,906.00 ,108.80 
2013-06-27,,,915.00 ,113.90 
2013-06-28,,,918.00 ,114.40 
2013-06-29,,,907.00 ,106.40 
2013-06-30,,,896.00 ,105.80 
2013-07-01,,,928.00 ,106.50 
2013-07-02,,,926.00 ,89.90 
2013-07-03,,,913.00 ,101.00 
2013-07-04,,,918.00 ,113.40 
2013-07-05,,,924.00 ,106.70 
2013-07-06,,,912.00 ,100.40 
2013-07-07,,,883.00 ,102.30 
2013-07-08,,,894.00 ,108.40 
2013-07-09,,,903.00 ,96.40 
2013-07-10,,,921.00 ,109.60 
2013-07-11,,,923.00 ,108.00 
2013-07-12,,,921.00 ,106.00 
2013-07-13,,,908.00 ,106.50 
2013-07-14,,,908.00 ,114.40 
2013-07-15,,,900.00 ,109.70 
2013-07-16,,,903.00 ,95.40 
2013-07-17,,,894.00 ,100.30 
2013-07-18,,,913.00 ,107.20 
2013-07-19,,,909.00 ,95.50 
2013-07-20,,,893.00 ,94.70 
2013-07-21,,,898.00 ,106.60 
2013-07-22,,,888.00 ,109.10 
2013-07-23,,,899.00 ,102.40 
2013-07-24,,,917.00 ,105.80 
2013-07-25,,,933.00 ,109.20 
2013-07-26,,,931.00 ,101.20 
2013-07-27,,,927.00 ,101.40 
2013-07-28,,,923.00 ,112.30 
2013-07-29,,,917.00 ,105.00 
2013-07-30,,,912.00 ,97.40 
2013-07-31,,,899.00 ,96.30 
2013-08-01,,,904.00 ,100.60 
2013-08-02,,,929.00 ,109.30 
2013-08-03,,,934.00 ,106.80 
2013-08-04,,,941.00 ,106.10 
2013-08-05,,,936.00 ,98.90 
2013-08-06,,,936.00 ,102.70 
2013-08-07,,,921.00 ,100.90 
2013-08-08,,,728.00 ,76.30 
2013-08-09,,,926.00 ,114.40 
2013-08-10,,,937.00 ,112.10 
2013-08-11,,,960.00 ,104.80 
2013-08-12,,,973.00 ,83.50 
2013-08-13,80.00 ,,958.00 ,103.10 
2013-08-14,80.00 ,,946.00 ,103.70 
2013-08-15,110.00 ,,934.00 ,103.10 
2013-08-16,110.00 ,,944.00 ,108.10 
2013-08-17,,,918.00 ,87.50 
2013-08-18,,,921.00 ,108.10 
2013-08-19,110.00 ,,936.00 ,116.40 
2013-08-20,110.00 ,,924.00 ,104.30 
2013-08-21,110.00 ,,920.00 ,110.60 
2013-08-22,110.00 ,,913.00 ,104.70 
2013-08-23,110.00 ,,910.00 ,112.00 
2013-08-24,,,896.00 ,110.30 
2013-08-25,,,885.00 ,111.30 
2013-08-26,110.00 ,,871.00 ,105.50 
2013-08-27,110.00 ,,866.00 ,110.60 
2013-08-28,110.00 ,,852.00 ,101.30 
2013-08-29,110.00 ,,844.00 ,102.00 
2013-08-30,110.00 ,,853.00 ,103.20 
2013-08-31,,,842.00 ,104.10 
2013-09-01,,,832.00 ,116.00 
2013-09-02,110.00 ,,824.00 ,110.00 
2013-09-03,110.00 ,,812.00 ,103.50 
2013-09-04,110.00 ,,814.00 ,118.30 
2013-09-05,260.00 ,,812.00 ,113.30 
2013-09-06,260.00 ,,807.00 ,105.10 
2013-09-07,,,801.00 ,104.30 
2013-09-08,,,787.00 ,107.70 
2013-09-09,260.00 ,,780.00 ,104.70 
2013-09-10,330.00 ,,769.00 ,103.00 
2013-09-11,330.00 ,,759.00 ,103.80 
2013-09-12,410.00 ,100.00 ,756.00 ,111.30 
2013-09-13,1020.00 ,400.00 ,750.00 ,105.20 
2013-09-14,,,743.00 ,104.70 
2013-09-15,,,730.00 ,110.80 
2013-09-16,1120.00 ,900.00 ,755.00 ,117.70 
2013-09-17,1120.00 ,900.00 ,758.00 ,110.90 
2013-09-18,1120.00 ,700.00 ,756.00 ,102.80 
2013-09-19,,,754.00 ,106.00 
2013-09-20,,,765.00 ,113.10 
2013-09-21,,,761.00 ,108.60 
2013-09-22,,,733.00 ,107.20 
2013-09-23,1080.00 ,0.00 ,719.00 ,103.60 
2013-09-24,1080.00 ,,725.00 ,105.60 
2013-09-25,1080.00 ,,729.00 ,116.10 
2013-09-26,1070.00 ,,723.00 ,105.80 
2013-09-27,1070.00 ,,727.00 ,108.80 
2013-09-28,,,138.00 ,108.00 
2013-09-29,,,776.00 ,110.10 
2013-09-30,1070.00 ,,763.00 ,105.90 
2013-10-01,,,752.00 ,104.20 
2013-10-02,,,758.00 ,113.00 
2013-10-03,,,774.00 ,115.40 
2013-10-04,,,763.00 ,104.70 
2013-10-05,,,757.00 ,120.40 
2013-10-06,,,765.00 ,108.70 
2013-10-07,,,767.00 ,112.20 
2013-10-08,1070.00 ,,771.00 ,109.60 
2013-10-09,1070.00 ,,780.00 ,114.60 
2013-10-10,1070.00 ,,758.00 ,90.40 
2013-10-11,1070.00 ,,749.00 ,93.90 
2013-10-12,,,742.00 ,95.60 
2013-10-13,,,731.00 ,96.90 
2013-10-14,1070.00 ,,749.00 ,92.60 
2013-10-15,1150.00 ,,750.00 ,96.00 
2013-10-16,1150.00 ,,733.00 ,98.40 
2013-10-17,1150.00 ,,733.00 ,73.50 
2013-10-18,1050.00 ,,724.00 ,79.90 
2013-10-19,,,717.00 ,82.50 
2013-10-20,,,703.00 ,74.50 
2013-10-21,1050.00 ,,697.00 ,81.30 
2013-10-22,1050.00 ,,692.00 ,98.70 
2013-10-23,1050.00 ,,680.00 ,105.90 
2013-10-24,1030.00 ,,670.00 ,102.30 
2013-10-25,1030.00 ,,657.50 ,105.00 
2013-10-26,,,656.00 ,105.40 
2013-10-27,,,649.00 ,101.60 
2013-10-28,1030.00 ,,640.00 ,101.77 
2013-10-29,1030.00 ,,636.00 ,100.80 
2013-10-30,1030.00 ,,641.00 ,119.30 
2013-10-31,1020.00 ,,641.00 ,118.50 
2013-11-01,1020.00 ,,641.00 ,120.00 
2013-11-02,,,654.00 ,119.40 
2013-11-03,,,657.00 ,120.40 
2013-11-04,1020.00 ,,649.00 ,115.16 
2013-11-05,1020.00 ,,649.00 ,119.80 
2013-11-06,1020.00 ,,657.00 ,122.10 
2013-11-07,1020.00 ,,655.00 ,118.60 
2013-11-08,1040.00 ,,655.00 ,109.70 
2013-11-09,,,665.00 ,118.30 
2013-11-10,,,676.00 ,128.60 
2013-11-11,1040.00 ,,670.00 ,114.00 
2013-11-12,1040.00 ,,577.00 ,100.20 
2013-11-13,1040.00 ,,671.00 ,128.00 
2013-11-14,1040.00 ,,666.00 ,113.10 
2013-11-15,1040.00 ,,670.00 ,116.20 
2013-11-16,,,668.00 ,90.50 
2013-11-17,,,657.00 ,95.70 
2013-11-18,1040.00 ,,650.00 ,96.60 
2013-11-19,1040.00 ,100.00 ,635.00 ,112.50 
2013-11-20,1040.00 ,100.00 ,617.00 ,111.50 
2013-11-21,760.00 ,0.00 ,604.00 ,122.60 
2013-11-22,760.00 ,,589.00 ,115.60 
2013-11-23,,,579.00 ,121.60 
2013-11-24,,,581.00 ,119.16 
2013-11-25,760.00 ,,580.00 ,115.90 
2013-11-26,310.00 ,,583.00 ,122.40 
2013-11-27,310.00 ,,582.00 ,111.70 
2013-11-28,310.00 ,,582.00 ,114.70 
2013-11-29,310.00 ,,586.00 ,104.90 
2013-11-30,,,591.00 ,92.10 
2013-12-01,,,601.00 ,96.20 
2013-12-02,310.00 ,,605.00 ,125.00 
2013-12-03,310.00 ,,615.00 ,119.70 
2013-12-04,310.00 ,,607.00 ,114.40 
2013-12-05,310.00 ,,483.00 ,107.00 
2013-12-06,310.00 ,,618.00 ,116.30 
2013-12-07,,,623.00 ,95.50 
2013-12-08,,,618.00 ,121.30 
2013-12-09,310.00 ,,611.00 ,120.10 
2013-12-10,310.00 ,,624.00 ,117.20 
2013-12-11,310.00 ,,628.00 ,111.77 
2013-12-12,310.00 ,,626.00 ,119.61 
2013-12-13,310.00 ,,622.00 ,120.57 
2013-12-14,,,617.00 ,118.54 
2013-12-15,,,616.00 ,127.21 
2013-12-16,310.00 ,,612.00 ,118.21 
2013-12-17,280.00 ,,602.00 ,115.16 
2013-12-18,280.00 ,,610.00 ,115.60 
2013-12-19,280.00 ,,613.00 ,112.80 
2013-12-20,280.00 ,,613.00 ,110.00 
2013-12-21,,,616.00 ,109.30 
2013-12-22,,,609.00 ,108.50 
2013-12-23,280.00 ,,608.00 ,125.50 
2013-12-24,280.00 ,,612.00 ,127.60 
2013-12-25,280.00 ,,622.00 ,124.00 
2013-12-26,280.00 ,,611.00 ,116.90 
2013-12-27,280.00 ,,614.00 ,107.20 
2013-12-28,,,609.00 ,90.60 
2013-12-29,,,624.00 ,116.90 
2013-12-30,270.00 ,,633.50 ,92.60 
2013-12-31,270.00 ,,653.00 ,122.80 
2014-01-01,,,666.00 ,119.70 
2014-01-02,270.00 ,,692.00 ,119.20 
2014-01-03,270.00 ,,708.00 ,120.40 
2014-01-04,,,702.00 ,113.20 
2014-01-05,,,702.00 ,116.20 
2014-01-06,270.00 ,,715.00 ,123.80 
2014-01-07,130.00 ,,737.00 ,120.50 
2014-01-08,130.00 ,,722.00 ,92.90 
2014-01-09,130.00 ,,729.00 ,119.10 
2014-01-10,230.00 ,,731.00 ,118.90 
2014-01-11,,,739.00 ,111.20 
2014-01-12,,,740.00 ,115.30 
2014-01-13,230.00 ,,766.00 ,118.40 
2014-01-14,290.00 ,100.00 ,774.00 ,104.40 
2014-01-15,310.00 ,3600.00 ,790.00 ,120.00 
2014-01-16,310.00 ,4600.00 ,796.00 ,108.10 
2014-01-17,250.00 ,6000.00 ,829.00 ,103.10 
2014-01-18,,,824.00 ,106.10 
2014-01-19,,,830.00 ,115.00 
2014-01-20,120.00 ,2000.00 ,847.00 ,104.40 
2014-01-21,50.00 ,0.00 ,851.00 ,113.40 
2014-01-22,50.00 ,,853.00 ,109.60 
2014-01-23,50.00 ,,865.00 ,117.50 
2014-01-24,50.00 ,,886.00 ,110.40 
2014-01-25,,,901.00 ,110.60 
2014-01-26,,,901.00 ,109.10 
2014-01-27,0.00 ,,924.00 ,110.90 
2014-01-28,,,962.00 ,107.50 
2014-01-29,,,958.00 ,95.10 
2014-01-30,,,988.00 ,116.10 
2014-01-31,,,986.00 ,105.40 
2014-02-01,,,988.00 ,113.20 
2014-02-02,,,976.00 ,100.40 
2014-02-03,,,1000.00 ,103.20 
2014-02-04,,,1010.00 ,110.40 
2014-02-05,,,1005.00 ,107.60 
2014-02-06,,,1020.00 ,102.70 
2014-02-07,,,1017.00 ,100.10 
2014-02-08,,,1039.00 ,98.30 
2014-02-09,,,1054.00 ,93.30 
2014-02-10,,,1074.00 ,102.00 
2014-02-11,,,1078.00 ,85.80 
2014-02-12,,,1081.00 ,98.30 
2014-02-13,,,1073.00 ,80.80 
2014-02-14,,,1063.00 ,90.98 
2014-02-15,,,1034.00 ,98.20 
2014-02-16,,,1013.00 ,106.30 
2014-02-17,,,993.00 ,103.30 
2014-02-18,,,989.00 ,106.10 
2014-02-19,,,978.00 ,100.30 
2014-02-20,,,973.00 ,107.30 
2014-02-21,,,960.00 ,109.90 
2014-02-22,,,953.00 ,112.40 
2014-02-23,,,941.00 ,113.40 
2014-02-24,,,942.00 ,112.60 
2014-02-25,,,944.00 ,125.40 
2014-02-26,,,985.00 ,111.60 
2014-02-27,,,964.00 ,106.90 
2014-02-28,,,931.00 ,96.90 
2014-03-01,,,916.00 ,111.20 
2014-03-02,,,910.00 ,116.30 
2014-03-03,,,918.00 ,120.70 
2014-03-04,,,928.00 ,112.20 
2014-03-05,,,926.00 ,117.20 
2014-03-06,,,923.00 ,115.20 
2014-03-07,,,901.00 ,100.30 
2014-03-08,,,899.00 ,119.30 
2014-03-09,,,897.00 ,119.70 
2014-03-10,,,891.00 ,114.10 
2014-03-11,,,890.00 ,117.70 
2014-03-12,,,893.00 ,114.00 
2014-03-13,,,886.00 ,114.00 
2014-03-14,,,881.00 ,116.30 
2014-03-15,,,872.00 ,111.60 
2014-03-16,,,859.00 ,117.00 
2014-03-17,,,862.00 ,120.70 
2014-03-18,,,863.00 ,117.80 
2014-03-19,,,969.70 ,135.20 
2014-03-20,,,973.50 ,166.10 
2014-03-21,,,957.00 ,159.80 
2014-03-22,,,958.70 ,173.60 
2014-03-23,,,940.20 ,153.40 
2014-03-24,,,932.80 ,159.40 
2014-03-25,,,924.40 ,168.70 
2014-03-26,,,917.20 ,160.10 
2014-03-27,,,905.80 ,150.50 
2014-03-28,,,898.90 ,165.30 
2014-03-29,,,892.20 ,146.50 
2014-03-30,,,865.20 ,152.60 
2014-03-31,,,878.10 ,157.60 
2014-04-01,,,890.30 ,164.20 
2014-04-02,,,892.00 ,160.30 
2014-04-03,,,873.90 ,153.90 
2014-04-04,,,879.10 ,150.30 
2014-04-05,,,884.00 ,174.70 
2014-04-06,,,893.30 ,157.50 
2014-04-07,,,726.00 ,104.40 
2014-04-08,,,858.00 ,152.80 
2014-04-09,,,821.20 ,139.20 
2014-04-10,,,804.20 ,145.70 
2014-04-11,,,814.60 ,144.10 
2014-04-12,,,812.40 ,146.60 
2014-04-13,,,803.50 ,141.70 
2014-04-14,,,803.80 ,144.30 
2014-04-15,20.00 ,,816.30 ,141.00 
2014-04-16,20.00 ,,798.00 ,130.50 
2014-04-17,20.00 ,,799.20 ,143.70 
2014-04-18,20.00 ,,781.60 ,141.20 
2014-04-19,,,778.00 ,141.40 
2014-04-20,,,766.40 ,135.90 
2014-04-21,20.00 ,,761.20 ,152.46 
2014-04-22,20.00 ,,746.30 ,158.00 
2014-04-23,20.00 ,,749.00 ,146.20 
2014-04-24,20.00 ,,735.70 ,120.40 
2014-04-25,20.00 ,,710.40 ,136.60 
2014-04-26,,,700.60 ,140.38 
2014-04-27,,,690.00 ,145.06 
2014-04-28,20.00 ,,686.60 ,149.46 
2014-04-29,20.00 ,,699.00 ,150.80 
2014-04-30,10.00 ,,690.60 ,155.40 
2014-05-01,,,689.70 ,145.30 
2014-05-02,,,564.00 ,153.36 
2014-05-03,,,584.00 ,169.78 
2014-05-04,,,735.40 ,163.10 
2014-05-05,10.00 ,,789.40 ,158.22 
2014-05-06,10.00 ,,804.70 ,177.10 
2014-05-07,10.00 ,,786.80 ,153.60 
2014-05-08,10.00 ,,803.00 ,170.70 
2014-05-09,10.00 ,,806.70 ,159.30 
2014-05-10,,,807.60 ,152.00 
2014-05-11,,,815.70 ,142.50 
2014-05-12,10.00 ,,848.30 ,143.00 
2014-05-13,10.00 ,,861.90 ,172.40 
2014-05-14,10.00 ,,882.10 ,171.10 
2014-05-15,40.00 ,,877.40 ,160.30 
2014-05-16,120.00 ,100.00 ,882.20 ,168.90 
2014-05-17,,,331.90 ,162.40 
2014-05-18,,,898.50 ,151.50 
2014-05-19,810.00 ,1300.00 ,895.00 ,167.50 
2014-05-20,330.00 ,1500.00 ,923.00 ,162.60 
2014-05-21,10.00 ,1500.00 ,931.10 ,155.70 
2014-05-22,10.00 ,200.00 ,941.60 ,159.60 
2014-05-23,10.00 ,0.00 ,930.50 ,170.40 
2014-05-24,,,944.00 ,175.30 
2014-05-25,,,960.00 ,165.20 
2014-05-26,10.00 ,,979.20 ,175.90 
2014-05-27,10.00 ,,983.70 ,165.60 
2014-05-28,10.00 ,,980.90 ,160.20 
2014-05-29,10.00 ,,1001.10 ,181.70 
2014-05-30,10.00 ,,993.50 ,146.80 
2014-05-31,,,981.20 ,164.20 
2014-06-01,,,979.60 ,147.40 
2014-06-02,,,992.90 ,165.20 
2014-06-03,10.00 ,,801.00 ,119.20 
2014-06-04,10.00 ,,808.00 ,161.10 
2014-06-05,10.00 ,,1031.60 ,174.60 
2014-06-06,10.00 ,,1029.00 ,170.90 
2014-06-07,,,1012.30 ,142.60 
2014-06-08,,,1008.70 ,154.50 
2014-06-09,10.00 ,,999.90 ,160.40 
2014-06-10,10.00 ,,1043.20 ,166.40 
2014-06-11,10.00 ,,1067.60 ,160.40 
2014-06-12,10.00 ,,1074.20 ,163.80 
2014-06-13,10.00 ,,1078.40 ,162.60 
2014-06-14,,,1063.30 ,156.30 
2014-06-15,,,1072.90 ,163.90 
2014-06-16,10.00 ,,1066.50 ,177.90 
2014-06-17,10.00 ,,1088.20 ,161.66 
2014-06-18,10.00 ,,1091.40 ,143.20 
2014-06-19,10.00 ,,1119.40 ,168.40 
2014-06-20,10.00 ,,1138.30 ,157.80 
2014-06-21,,,1141.50 ,144.70 
2014-06-22,,,1158.70 ,173.30 
2014-06-23,10.00 ,,1159.80 ,151.10 
2014-06-24,10.00 ,,1171.20 ,163.00 
2014-06-25,10.00 ,,1177.80 ,141.60 
2014-06-26,10.00 ,,1211.80 ,167.00 
2014-06-27,10.00 ,,1250.00 ,167.80 
2014-06-28,,,1252.00 ,134.10 
2014-06-29,,,1209.80 ,125.72 
2014-06-30,10.00 ,,1181.00 ,143.00 
2014-07-01,10.00 ,,1173.40 ,139.50 
2014-07-02,10.00 ,,1154.50 ,111.90 
2014-07-03,10.00 ,,1154.20 ,140.10 
2014-07-04,10.00 ,,1141.50 ,149.50 
2014-07-05,,,1132.70 ,155.60 
2014-07-06,,,1122.00 ,147.10 
2014-07-07,10.00 ,,1125.80 ,147.70 
2014-07-08,10.00 ,,927.00 ,106.00 
2014-07-09,10.00 ,,1181.10 ,150.10 
2014-07-10,10.00 ,,1188.20 ,161.60 
2014-07-11,10.00 ,,1198.80 ,146.70 
2014-07-12,,,1211.50 ,155.10 
2014-07-13,,,1228.80 ,154.60 
2014-07-14,10.00 ,,1206.70 ,147.70 
2014-07-15,20.00 ,,1204.30 ,142.30 
2014-07-16,20.00 ,,1198.20 ,135.60 
2014-07-17,10.00 ,,1161.40 ,136.90 
2014-07-18,10.00 ,,927.00 ,101.20 
2014-07-19,,,929.00 ,104.70 
2014-07-20,,,934.00 ,119.60 
2014-07-21,10.00 ,,1161.20 ,140.20 
2014-07-22,10.00 ,,1188.10 ,155.40 
2014-07-23,10.00 ,,1155.00 ,142.80 
2014-07-24,10.00 ,,1122.80 ,143.50 
2014-07-25,10.00 ,,1133.70 ,148.90 
2014-07-26,,,1112.90 ,146.90 
2014-07-27,,,1116.50 ,152.20 
2014-07-28,10.00 ,,1126.00 ,151.80 
2014-07-29,10.00 ,,1119.90 ,152.10 
2014-07-30,10.00 ,,1372.80 ,143.60 
2014-07-31,10.00 ,,1349.00 ,150.40 
2014-08-01,10.00 ,,1324.80 ,147.80 
2014-08-02,,,1319.20 ,135.00 
2014-08-03,,,1305.20 ,161.80 
2014-08-04,10.00 ,,1307.30 ,141.70 
2014-08-05,10.00 ,,1318.00 ,140.20 
2014-08-06,10.00 ,,1307.10 ,133.10 
2014-08-07,10.00 ,,1286.90 ,144.90 
2014-08-08,10.00 ,,1285.60 ,131.30 
2014-08-09,,,1264.80 ,145.10 
2014-08-10,,,1250.50 ,141.70 
2014-08-11,10.00 ,,1244.20 ,145.50 
2014-08-12,20.00 ,,1241.40 ,147.70 
2014-08-13,20.00 ,,1162.60 ,145.40 
2014-08-14,60.00 ,,1207.50 ,156.40 
2014-08-15,60.00 ,,1185.90 ,154.50 
2014-08-16,,,1167.50 ,137.40 
2014-08-17,,,1159.50 ,152.70 
2014-08-18,60.00 ,,1189.30 ,160.60 
2014-08-19,60.00 ,,1205.40 ,159.60 
2014-08-20,60.00 ,,1201.40 ,154.50 
2014-08-21,60.00 ,,1217.20 ,154.00 
2014-08-22,60.00 ,,1002.50 ,116.50 
2014-08-23,,,1211.40 ,161.40 
2014-08-24,,,1202.20 ,162.30 
2014-08-25,60.00 ,,1195.90 ,155.60 
2014-08-26,60.00 ,,1182.60 ,160.20 
2014-08-27,60.00 ,,1160.00 ,156.70 
2014-08-28,60.00 ,,1163.90 ,151.90 
2014-08-29,60.00 ,,1145.90 ,153.10 
2014-08-30,,,1115.00 ,141.00 
2014-08-31,,,1106.80 ,167.10 
2014-09-01,60.00 ,,1138.40 ,164.90 
2014-09-02,60.00 ,,996.00 ,105.80 
2014-09-03,60.00 ,,1157.70 ,145.90 
2014-09-04,60.00 ,,1175.80 ,149.20 
2014-09-05,60.00 ,,1195.10 ,160.40 
2014-09-06,,,1193.50 ,160.60 
2014-09-07,,,1217.10 ,162.10 
2014-09-08,,,1226.50 ,164.50 
2014-09-09,60.00 ,,1246.30 ,160.60 
2014-09-10,260.00 ,,1262.30 ,151.30 
2014-09-11,260.00 ,,1270.10 ,164.50 
2014-09-12,280.00 ,100.00 ,1263.00 ,138.90 
2014-09-13,,,1264.90 ,153.00 
2014-09-14,,,1262.70 ,155.70 
2014-09-15,730.00 ,200.00 ,1241.50 ,153.10 
2014-09-16,730.00 ,200.00 ,1277.60 ,165.60 
2014-09-17,730.00 ,200.00 ,1264.90 ,148.50 
2014-09-18,430.00 ,0.00 ,1265.10 ,150.90 
2014-09-19,0.00 ,,1266.10 ,137.10 
2014-09-20,,,1249.90 ,143.50 
2014-09-21,,,1266.90 ,161.60 
2014-09-22,,,968.70 ,163.50 
2014-09-23,,,974.80 ,164.70 
2014-09-24,,,1265.60 ,135.90 
2014-09-25,,,1266.00 ,158.00 
2014-09-26,,,1276.10 ,142.20 
2014-09-27,,,1274.50 ,143.50 
2014-09-28,,,1271.80 ,153.50 
2014-09-29,,,1292.30 ,154.50 
2014-09-30,,,1294.60 ,144.80 
2014-10-01,,,1299.10 ,150.00 
2014-10-02,,,1298.10 ,143.20 
2014-10-03,,,1306.80 ,164.80 
2014-10-04,,,1299.40 ,154.40 
2014-10-05,,,1272.00 ,152.20 
2014-10-06,,,1283.50 ,158.90 
2014-10-07,,,1283.50 ,165.10 
2014-10-08,,,1247.80 ,142.40 
2014-10-09,,,1252.70 ,159.80 
2014-10-10,,,1230.40 ,128.40 
2014-10-11,,,1217.00 ,128.10 
2014-10-12,,,1226.00 ,134.90 
2014-10-13,,,1229.50 ,134.10 
2014-10-14,,,1267.70 ,146.40 
2014-10-15,,,1266.30 ,128.80 
2014-10-16,,,1274.90 ,131.80 
2014-10-17,,,1291.60 ,138.30 
2014-10-18,,,1282.40 ,127.70 
2014-10-19,,,1345.50 ,136.50 
2014-10-20,,,1250.20 ,130.60 
2014-10-21,,,1249.00 ,137.80 
2014-10-22,,,1278.90 ,129.60 
2014-10-23,,,1248.50 ,127.00 
2014-10-24,,,1204.80 ,120.10 
2014-10-25,,,1201.10 ,135.50 
2014-10-26,,,1177.10 ,135.60 
2014-10-27,,,1176.70 ,138.60 
2014-10-28,,,1157.50 ,138.10 
2014-10-29,,,1126.60 ,138.40 
2014-10-30,,,1127.30 ,157.00 
2014-10-31,,,1101.20 ,150.00 
2014-11-01,,,1086.80 ,158.70 
2014-11-02,,,1084.20 ,142.10 
2014-11-03,,,1116.00 ,162.80 
2014-11-04,,,1112.20 ,161.10 
2014-11-05,,,1113.80 ,146.70 
2014-11-06,,,1111.20 ,155.30 
2014-11-07,,,1112.00 ,156.00 
2014-11-08,,,1135.40 ,160.30 
2014-11-09,,,1133.80 ,151.50 
2014-11-10,,,1159.10 ,167.40 
2014-11-11,,,1184.20 ,164.30 
2014-11-12,,,1183.80 ,147.90 
2014-11-13,,,1188.20 ,154.10 
2014-11-14,,,1205.50 ,162.90 
2014-11-15,,,1197.00 ,155.60 
2014-11-16,,,1175.90 ,138.90 
2014-11-17,10.00 ,,1172.80 ,151.90 
2014-11-18,10.00 ,,1179.80 ,163.20 
2014-11-19,10.00 ,,1185.00 ,154.00 
2014-11-20,0.00 ,,1171.20 ,143.10 
2014-11-21,,,1058.20 ,127.20 
2014-11-22,,,1213.40 ,152.50 
2014-11-23,,,1224.10 ,149.10 
2014-11-24,,,1224.90 ,158.20 
2014-11-25,,,1234.00 ,159.30 
2014-11-26,,,1248.80 ,148.20 
2014-11-27,,,1255.20 ,164.40 
2014-11-28,,,1271.80 ,151.50 
2014-11-29,,,1292.90 ,152.60 
2014-11-30,,,1319.40 ,152.70 
2014-12-01,,,1251.30 ,151.30 
2014-12-02,,,1355.40 ,151.70 
2014-12-03,,,1361.00 ,149.30 
2014-12-04,,,1368.00 ,149.00 
2014-12-05,,,1452.20 ,146.30 
2014-12-06,,,1480.60 ,142.80 
2014-12-07,,,1452.70 ,131.80 
2014-12-08,,,1448.40 ,134.10 
2014-12-09,,,1456.40 ,139.50 
2014-12-10,,,1419.80 ,122.00 
2014-12-11,,,1414.60 ,140.90 
2014-12-12,,,1425.00 ,120.00 
2014-12-13,,,1430.10 ,127.90 
2014-12-14,,,1440.00 ,129.70 
2014-12-15,,,1435.90 ,139.80 
2014-12-16,,,1445.30 ,142.20 
2014-12-17,100.00 ,,1441.90 ,113.30 
2014-12-18,100.00 ,,1451.30 ,127.80 
2014-12-19,100.00 ,,1458.90 ,106.60 
2014-12-20,,,1475.10 ,118.10 
2014-12-21,,,1475.40 ,135.40 
2014-12-22,100.00 ,,1465.70 ,138.60 
2014-12-23,100.00 ,,1467.60 ,123.00 
2014-12-24,100.00 ,,1472.00 ,138.90 
2014-12-25,100.00 ,,1472.80 ,129.10 
2014-12-26,100.00 ,,1436.80 ,125.40 
2014-12-27,,,1417.50 ,131.20 
2014-12-28,,,1403.10 ,118.10 
2014-12-29,100.00 ,,1387.70 ,125.40 
2014-12-30,100.00 ,,1383.30 ,126.70 
2014-12-31,1600.00 ,,1394.30 ,140.40 
2015-01-01,,,1427.00 ,142.30 
2015-01-02,,,1464.50 ,138.60 
2015-01-03,,,1461.20 ,140.80 
2015-01-04,,,1484.20 ,132.28 
2015-01-05,1700.00 ,,1497.40 ,129.90 
2015-01-06,1700.00 ,,1280.90 ,101.80 
2015-01-07,1110.00 ,,1482.20 ,113.40 
2015-01-08,1110.00 ,,1482.00 ,132.70 
2015-01-09,1470.00 ,,1469.60 ,122.70 
2015-01-10,,,1440.40 ,124.80 
2015-01-11,,,1419.40 ,133.40 
2015-01-12,2060.00 ,,1403.60 ,125.00 
2015-01-13,2110.00 ,,1452.00 ,124.30 
2015-01-14,2390.00 ,,1373.60 ,119.50 
2015-01-15,3010.00 ,,1374.40 ,130.50 
2015-01-16,4920.00 ,1000.00 ,1371.40 ,122.80 
2015-01-17,,,1385.90 ,131.40 
2015-01-18,,,1382.10 ,133.70 
2015-01-19,6530.00 ,2100.00 ,1389.20 ,132.80 
2015-01-20,6530.00 ,2100.00 ,1375.90 ,130.10 
2015-01-21,3080.00 ,1600.00 ,1392.40 ,133.00 
2015-01-22,0.00 ,300.00 ,1400.40 ,141.00 
2015-01-23,,300.00 ,1409.90 ,139.30 
2015-01-24,,,1431.10 ,140.80 
2015-01-25,,,1449.60 ,133.40 
2015-01-26,,300.00 ,1470.60 ,134.50 
2015-01-27,,300.00 ,1486.40 ,133.40 
2015-01-28,,300.00 ,1480.50 ,126.20 
2015-01-29,,300.00 ,1500.60 ,131.40 
2015-01-30,,300.00 ,1525.90 ,126.50 
2015-01-31,,,1552.70 ,130.90 
2015-02-01,,,1575.10 ,134.10 
2015-02-02,,300.00 ,1548.10 ,131.90 
2015-02-03,,300.00 ,1547.80 ,120.30 
2015-02-04,,0.00 ,1545.60 ,123.40 
2015-02-05,,,1534.20 ,133.50 
2015-02-06,,,1517.50 ,127.80 
2015-02-07,,,1512.80 ,122.00 
2015-02-08,,,1524.00 ,121.80 
2015-02-09,,,1525.30 ,131.80 
2015-02-10,,,1529.80 ,130.30 
2015-02-11,,,1540.80 ,130.60 
2015-02-12,,,1563.20 ,133.00 
2015-02-13,,,1585.50 ,137.60 
2015-02-14,,,1620.80 ,130.30 
2015-02-15,,,1633.80 ,122.90 
2015-02-16,,,1672.30 ,120.20 
2015-02-17,,,1674.50 ,103.70 
2015-02-18,,,1652.40 ,107.20 
2015-02-19,,,1662.00 ,112.50 
2015-02-20,,,1675.00 ,103.10 
2015-02-21,,,1664.60 ,79.50 
2015-02-22,,,1684.70 ,106.80 
2015-02-23,,,1666.80 ,96.20 
2015-02-24,,,1649.50 ,109.30 
2015-02-25,,,1626.30 ,105.50 
2015-02-26,,,1627.90 ,122.40 
2015-02-27,,,1597.10 ,103.30 
2015-02-28,,,1587.50 ,119.90 
2015-03-01,,,1586.40 ,120.90 
2015-03-02,,,1615.60 ,132.50 
2015-03-03,,,1608.10 ,124.00 
2015-03-04,,,1604.10 ,120.90 
2015-03-05,,,1604.70 ,124.60 
2015-03-06,,,1633.60 ,130.70 
2015-03-07,,,1645.20 ,137.20 
2015-03-08,,,1655.90 ,126.20 
2015-03-09,,,1675.40 ,125.00 
2015-03-10,,,1704.00 ,130.80 
2015-03-11,,,1712.80 ,118.70 
2015-03-12,,,1706.10 ,123.30 
2015-03-13,,,1697.20 ,121.30 
2015-03-14,,,1696.70 ,135.90 
2015-03-15,,,1681.10 ,118.30 
2015-03-16,,,1701.40 ,124.90 
2015-03-17,,,1686.60 ,123.60 
2015-03-18,,,1679.50 ,127.10 
2015-03-19,,,1661.80 ,152.20 
2015-03-20,,,1638.20 ,115.80 
2015-03-21,,,1664.90 ,133.80 
2015-03-22,,,1671.30 ,133.10 
2015-03-23,,,1675.10 ,113.40 
2015-03-24,,,1709.80 ,125.80 
2015-03-25,,,1254.30 ,126.30 
2015-03-26,,,1255.10 ,129.20 
2015-03-27,,,1236.30 ,112.80 
2015-03-28,,,1034.00 ,106.50 
2015-03-29,,,1219.10 ,104.70 
2015-03-30,,,1239.90 ,123.20 
2015-03-31,,,1245.40 ,110.80 
2015-04-01,,,1247.00 ,105.20 
2015-04-02,,,1249.50 ,113.30 
2015-04-03,,,1233.00 ,109.40 
2015-04-04,,,1211.00 ,116.80 
2015-04-05,,,1190.00 ,119.10 
2015-04-06,,,1196.00 ,137.80 
2015-04-07,,,1225.00 ,126.90 
2015-04-08,,,1714.00 ,122.60 
2015-04-09,,,1716.00 ,121.20 
2015-04-10,,,1724.00 ,110.80 
2015-04-11,,,1708.00 ,107.90 
2015-04-12,,,1698.00 ,113.10 
2015-04-13,,,1717.00 ,121.80 
2015-04-14,,,1709.00 ,124.00 
2015-04-15,,,1663.00 ,113.50 
2015-04-16,,,1666.00 ,123.30 
2015-04-17,,,1664.00 ,114.60 
2015-04-18,,,1642.00 ,120.20 
2015-04-19,,,1629.00 ,135.70 
2015-04-20,,,1603.00 ,125.10 
2015-04-21,,,1587.00 ,127.40 
2015-04-22,,,1598.00 ,122.70 
2015-04-23,,,1592.00 ,140.60 
2015-04-24,,,1576.00 ,116.10 
2015-04-25,,,1563.00 ,124.90 
2015-04-26,,,1536.00 ,122.10 
2015-04-27,,,1502.00 ,121.10 
2015-04-28,,,1484.00 ,117.30 
2015-04-29,,,1585.00 ,119.80 
2015-04-30,,,1598.00 ,130.30 
2015-05-01,,,1584.00 ,132.70 
2015-05-02,,,1547.00 ,135.30 
2015-05-03,,,1523.00 ,126.10 
2015-05-04,,,1508.00 ,112.80 
2015-05-05,,,1501.00 ,145.20 
2015-05-06,,,1395.00 ,125.50 
2015-05-07,,,1411.00 ,134.40 
2015-05-08,,,1410.00 ,137.30 
2015-05-09,,,1420.00 ,138.90 
2015-05-10,,,1445.00 ,141.50 
2015-05-11,,,1438.00 ,135.10 
2015-05-12,,,1426.00 ,145.70 
2015-05-13,,,1414.00 ,126.00 
2015-05-14,,,1388.00 ,144.20 
2015-05-15,80.00 ,,1377.00 ,154.10 
2015-05-16,,,1368.00 ,148.50 
2015-05-17,,,1354.00 ,149.60 
2015-05-18,180.00 ,6600.00 ,1346.00 ,139.10 
2015-05-19,180.00 ,6600.00 ,1374.00 ,157.60 
2015-05-20,160.00 ,1700.00 ,1359.00 ,143.30 
2015-05-21,160.00 ,0.00 ,1347.00 ,143.90 
2015-05-22,20.00 ,,1343.00 ,147.30 
2015-05-23,,,1348.00 ,152.90 
2015-05-24,,,1345.00 ,147.20 
2015-05-25,20.00 ,,1318.00 ,149.40 
2015-05-26,20.00 ,,1317.00 ,158.20 
2015-05-27,20.00 ,,1305.00 ,147.60 
2015-05-28,20.00 ,,1270.00 ,147.80 
2015-05-29,20.00 ,,1058.00 ,89.00 
2015-05-30,,,1240.00 ,146.90 
2015-05-31,,,1235.00 ,144.10 
2015-06-01,20.00 ,,1229.00 ,150.90 
2015-06-02,20.00 ,,1232.00 ,142.00 
2015-06-03,20.00 ,,1257.00 ,144.00 
2015-06-04,20.00 ,,1258.00 ,150.30 
2015-06-05,20.00 ,,1248.00 ,147.20 
2015-06-06,,,1236.00 ,147.00 
2015-06-07,,,1246.00 ,150.40 
2015-06-08,20.00 ,,1255.00 ,149.30 
2015-06-09,20.00 ,,1251.00 ,153.40 
2015-06-10,20.00 ,,1233.00 ,138.60 
2015-06-11,20.00 ,,1246.00 ,131.70 
2015-06-12,20.00 ,,1248.00 ,144.40 
2015-06-13,,,1253.00 ,166.10 
2015-06-14,,,1257.00 ,141.60 
2015-06-15,20.00 ,,1258.00 ,146.80 
2015-06-16,20.00 ,,1253.00 ,157.30 
2015-06-17,20.00 ,,1229.00 ,121.70 
2015-06-18,20.00 ,,1221.00 ,121.30 
2015-06-19,20.00 ,,1220.00 ,135.00 
2015-06-20,,,1213.00 ,135.50 
2015-06-21,,,1202.00 ,151.90 
2015-06-22,,,1198.00 ,143.90 
2015-06-23,20.00 ,,1200.00 ,137.00 
2015-06-24,20.00 ,,1196.00 ,132.80 
2015-06-25,20.00 ,,1203.00 ,145.30 
2015-06-26,20.00 ,,1203.00 ,133.00 
2015-06-27,,,1202.00 ,136.80 
2015-06-28,,,1187.00 ,142.00 
2015-06-29,20.00 ,,1196.00 ,145.80 
2015-06-30,20.00 ,,1189.10 ,96.60 
2015-07-01,20.00 ,,1196.00 ,133.00 
2015-07-02,20.00 ,,1197.00 ,134.80 
2015-07-03,20.00 ,,1218.00 ,129.20 
2015-07-04,,,1218.00 ,129.70 
2015-07-05,,,1224.00 ,131.50 
2015-07-06,20.00 ,,1213.00 ,135.70 
2015-07-07,20.00 ,,1212.00 ,134.30 
2015-07-08,20.00 ,,1189.00 ,124.40 
2015-07-09,20.00 ,,1201.00 ,133.10 
2015-07-10,20.00 ,,1203.00 ,128.90 
2015-07-11,,,1199.00 ,130.50 
2015-07-12,,,1193.00 ,119.40 
2015-07-13,20.00 ,,1193.00 ,135.10 
2015-07-14,20.00 ,,1209.00 ,128.90 
2015-07-15,20.00 ,,1247.00 ,119.80 
2015-07-16,20.00 ,,1260.00 ,121.40 
2015-07-17,20.00 ,,1260.00 ,122.90 
2015-07-18,,,1288.00 ,123.70 
2015-07-19,,,1282.00 ,110.30 
2015-07-20,20.00 ,,1291.00 ,132.40 
2015-07-21,20.00 ,,1285.00 ,129.90 
2015-07-22,20.00 ,,1267.00 ,121.60 
2015-07-23,20.00 ,,1267.00 ,126.40 
2015-07-24,20.00 ,,1251.00 ,132.80 
2015-07-25,,,1250.00 ,136.90 
2015-07-26,,,1260.00 ,130.50 
2015-07-27,20.00 ,,1258.00 ,130.60 
2015-07-28,20.00 ,,1287.00 ,133.80 
2015-07-29,20.00 ,,1301.00 ,128.90 
2015-07-30,20.00 ,,1310.00 ,122.40 
2015-07-31,20.00 ,,1291.00 ,117.60 
2015-08-01,,,1304.00 ,131.80 
2015-08-02,,,1298.00 ,120.30 
2015-08-03,20.00 ,,1287.00 ,107.00 
2015-08-04,20.00 ,,1288.00 ,117.80 
2015-08-05,20.00 ,,1271.00 ,111.00 
2015-08-06,20.00 ,,1277.00 ,131.60 
2015-08-07,20.00 ,,1264.00 ,109.60 
2015-08-08,,,1260.00 ,132.80 
2015-08-09,,,1255.00 ,125.50 
2015-08-10,20.00 ,,1232.00 ,122.00 
2015-08-11,20.00 ,,1224.00 ,129.80 
2015-08-12,20.00 ,,1231.00 ,118.40 
2015-08-13,20.00 ,,1251.00 ,130.40 
2015-08-14,20.00 ,,1244.00 ,114.50 
2015-08-15,,,1238.00 ,127.00 
2015-08-16,,,1018.00 ,83.20 
2015-08-17,20.00 ,,1192.00 ,126.60 
2015-08-18,20.00 ,,1211.00 ,138.00 
2015-08-19,20.00 ,,1222.00 ,131.90 
2015-08-20,20.00 ,,1221.00 ,127.00 
2015-08-21,120.00 ,,1227.00 ,133.70 
2015-08-22,,,1212.00 ,128.30 
2015-08-23,,,1197.00 ,126.90 
2015-08-24,120.00 ,,1202.00 ,129.90 
2015-08-25,220.00 ,,1222.00 ,133.40 
2015-08-26,220.00 ,,1226.00 ,120.70 
2015-08-27,220.00 ,,1219.00 ,125.10 
2015-08-28,220.00 ,,1204.00 ,118.90 
2015-08-29,,,1203.00 ,125.60 
2015-08-30,,,1205.00 ,135.60 
2015-08-31,220.00 ,,1213.00 ,133.60 
2015-09-01,220.00 ,,1252.00 ,123.80 
2015-09-02,220.00 ,,1253.00 ,126.50 
2015-09-03,,,1240.00 ,116.20 
2015-09-04,,,1251.00 ,117.40 
2015-09-05,,,1234.00 ,121.40 
2015-09-06,,,1214.00 ,107.80 
2015-09-07,220.00 ,,1208.00 ,124.50 
2015-09-08,220.00 ,,1237.00 ,119.40 
2015-09-09,220.00 ,,1229.00 ,107.80 
2015-09-10,220.00 ,,1247.00 ,123.30 
2015-09-11,220.00 ,,1248.00 ,115.80 
2015-09-12,,,1232.00 ,116.30 
2015-09-13,,,1224.00 ,115.60 
2015-09-14,220.00 ,,1245.00 ,130.70 
2015-09-15,220.00 ,,1247.00 ,120.00 
2015-09-16,660.00 ,1000.00 ,1227.00 ,122.80 
2015-09-17,2300.00 ,1100.00 ,1222.00 ,123.30 
2015-09-18,2300.00 ,1100.00 ,1227.00 ,129.20 
2015-09-19,,,1239.00 ,125.10 
2015-09-20,,,1231.00 ,122.80 
2015-09-21,520.00 ,0.00 ,1214.00 ,115.70 
2015-09-22,0.00 ,,1222.00 ,109.80 
2015-09-23,,,1236.00 ,107.90 
2015-09-24,,,1229.00 ,118.90 
2015-09-25,,,1218.00 ,108.40 
2015-09-26,,,1214.00 ,110.10 
2015-09-27,,,1204.00 ,109.10 
2015-09-28,,,1197.00 ,112.20 
2015-09-29,,,1201.00 ,101.50 
2015-09-30,,,1197.00 ,100.90 
2015-10-01,,,1220.00 ,108.90 
2015-10-02,,,1237.00 ,106.50 
2015-10-03,,,1241.00 ,124.20 
2015-10-04,,,1255.00 ,110.50 
2015-10-05,,,1255.00 ,110.60 
2015-10-06,,,1278.00 ,121.20 
2015-10-07,,,1277.00 ,104.90 
2015-10-08,,,1283.00 ,108.00 
2015-10-09,,,1283.00 ,106.70 
2015-10-10,,,1273.00 ,118.60 
2015-10-11,,,1267.00 ,99.70 
2015-10-12,,,1302.00 ,113.10 
2015-10-13,,,1309.00 ,110.80 
2015-10-14,,,1309.00 ,98.40 
2015-10-15,,,1311.00 ,114.50 
2015-10-16,,,1288.00 ,100.30 
2015-10-17,,,1303.00 ,107.90 
2015-10-18,,,1319.00 ,101.60 
2015-10-19,,,1337.00 ,113.60 
2015-10-20,,,1335.00 ,121.30 
2015-10-21,,,1319.00 ,95.80 
2015-10-22,,,1305.00 ,100.00 
2015-10-23,,,1265.00 ,101.60 
2015-10-24,,,1234.00 ,102.40 
2015-10-25,,,1244.00 ,108.70 
2015-10-26,,,1229.00 ,105.20 
2015-10-27,,,1206.00 ,97.80 
2015-10-28,,,1197.00 ,110.80 
2015-10-29,,,1192.00 ,116.80 
2015-10-30,,,1176.00 ,121.40 
2015-10-31,,,1150.00 ,124.60 
2015-11-01,,,1151.00 ,113.60 
2015-11-02,,,1154.00 ,120.80 
2015-11-03,,,1162.00 ,120.80 
2015-11-04,,,1159.00 ,110.30 
2015-11-05,,,1165.00 ,118.90 
2015-11-06,,,1220.00 ,108.20 
2015-11-07,,,1317.00 ,105.10 
2015-11-08,,,1358.00 ,108.60 
2015-11-09,,,1332.00 ,116.50 
2015-11-10,,,1317.00 ,122.40 
2015-11-11,,,1285.00 ,110.20 
2015-11-12,,,1255.00 ,123.40 
2015-11-13,,,1204.00 ,101.00 
2015-11-14,,,1175.00 ,110.90 
2015-11-15,,,1166.00 ,113.80 
2015-11-16,,,1172.00 ,120.00 
2015-11-17,,,1179.00 ,125.50 
2015-11-18,,,1181.00 ,106.50 
2015-11-19,,,1178.00 ,102.80 
2015-11-20,,,1172.00 ,112.60 
2015-11-21,,,1154.00 ,117.60 
2015-11-22,,,1181.00 ,116.80 
2015-11-23,,,1261.00 ,111.00 
2015-11-24,,,1297.00 ,102.30 
2015-11-25,,,1270.00 ,91.60 
2015-11-26,,,1240.00 ,102.10 
2015-11-27,,,1192.00 ,72.90 
2015-11-28,,,1158.00 ,87.70 
2015-11-29,,,1132.00 ,103.10 
2015-11-30,,,1102.00 ,107.10 
2015-12-01,,,1081.00 ,97.40 
2015-12-02,,,1074.00 ,107.40 
2015-12-03,,,1066.00 ,113.50 
2015-12-04,,,1060.00 ,107.78 
2015-12-05,,,1031.00 ,111.80 
2015-12-06,,,995.00 ,108.80 
2015-12-07,,,969.00 ,114.00 
2015-12-08,,,946.00 ,121.10 
2015-12-09,,,921.00 ,110.80 
2015-12-10,,,903.00 ,118.60 
2015-12-11,,,901.00 ,119.40 
2015-12-12,,,885.00 ,128.80 
2015-12-13,,,853.00 ,128.40 
2015-12-14,,,830.00 ,141.00 
2015-12-15,,,810.00 ,134.70 
2015-12-16,,,787.00 ,123.90 
2015-12-17,,,789.00 ,126.10 
2015-12-18,,,792.00 ,130.10 
2015-12-19,,,773.00 ,125.80 
2015-12-20,,,763.00 ,136.30 
2015-12-21,,,739.00 ,132.30 
2015-12-22,,,744.00 ,143.20 
2015-12-23,,,734.00 ,128.00 
2015-12-24,,,806.00 ,126.60 
2015-12-25,,,847.00 ,141.90 
2015-12-26,,,864.00 ,133.80 
2015-12-27,,,870.00 ,126.90 
2015-12-28,,,873.00 ,132.40 
2015-12-29,,,838.00 ,137.10 
2015-12-30,,,766.60 ,111.60 
2015-12-31,,,728.10 ,117.70 
2016-01-01,,,725.10 ,122.40 
2016-01-02,,,768.20 ,130.60 
2016-01-03,,,795.90 ,150.26 
2016-01-04,,,802.40 ,131.90 
2016-01-05,,,798.60 ,149.10 
2016-01-06,,,790.20 ,133.90 
2016-01-07,,,796.00 ,137.00 
2016-01-08,,,754.00 ,111.40 
2016-01-09,,,731.51 ,130.20 
2016-01-10,,,727.91 ,132.10 
2016-01-11,,,704.12 ,142.14 
2016-01-12,,,690.80 ,133.70 
2016-01-13,,,700.00 ,142.50 
2016-01-14,,,703.60 ,138.00 
2016-01-15,300.00 ,,689.20 ,125.50 
2016-01-16,,,704.40 ,143.54 
2016-01-17,,,737.92 ,140.84 
2016-01-18,450.00 ,3400.00 ,770.90 ,128.90 
2016-01-19,450.00 ,3400.00 ,768.40 ,143.20 
2016-01-20,230.00 ,500.00 ,776.43 ,137.20 
2016-01-21,60.00 ,0.00 ,741.50 ,124.44 
2016-01-22,60.00 ,,724.80 ,118.84 
2016-01-23,,,720.90 ,128.24 
2016-01-24,,,734.00 ,111.64 
2016-01-25,0.00 ,,772.70 ,103.44 
2016-01-26,,,806.00 ,121.50 
2016-01-27,,,809.40 ,130.70 
2016-01-28,,,793.90 ,120.70 
2016-01-29,,,791.70 ,108.00 
2016-01-30,,,788.80 ,141.70 
2016-01-31,,,790.50 ,132.30 
2016-02-01,,,783.30 ,117.30 
2016-02-02,,,787.20 ,120.40 
2016-02-03,,,776.20 ,118.00 
2016-02-04,,,773.26 ,122.10 
2016-02-05,,,746.90 ,104.30 
2016-02-06,,,723.60 ,122.00 
2016-02-07,,,695.80 ,97.20 
2016-02-08,,,712.10 ,128.00 
2016-02-09,,,679.20 ,91.90 
2016-02-10,,,664.30 ,85.60 
2016-02-11,,,638.26 ,103.50 
2016-02-12,,,651.61 ,102.80 
2016-02-13,,,710.11 ,117.30 
2016-02-14,,,773.10 ,106.10 
2016-02-15,,,804.10 ,100.30 
2016-02-16,,,801.30 ,96.60 
2016-02-17,,,789.70 ,101.30 
2016-02-18,,,754.50 ,103.40 
2016-02-19,,,745.50 ,97.80 
2016-02-20,,,744.23 ,113.50 
2016-02-21,,,733.25 ,120.00 
2016-02-22,,,731.90 ,119.80 
2016-02-23,,,741.30 ,119.90 
2016-02-24,,,733.80 ,128.00 
2016-02-25,,,733.60 ,125.90 
2016-02-26,,,714.50 ,114.10 
2016-02-27,,,702.10 ,131.00 
2016-02-28,,,692.10 ,127.10 
2016-02-29,,,666.70 ,127.20 
2016-03-01,,,675.50 ,134.90 
2016-03-02,,,690.90 ,129.70 
2016-03-03,,,703.14 ,124.10 
2016-03-04,,,717.89 ,126.40 
2016-03-05,,,745.90 ,112.80 
2016-03-06,,,766.50 ,127.20 
2016-03-07,,,761.63 ,139.20 
2016-03-08,,,756.97 ,140.20 
2016-03-09,,,767.07 ,140.40 
2016-03-10,,,748.19 ,127.40 
2016-03-11,,,755.51 ,138.30 
2016-03-12,,,756.71 ,126.90 
2016-03-13,,,752.01 ,138.40 
2016-03-14,10.00 ,,737.30 ,137.50 
2016-03-15,10.00 ,,737.08 ,146.30 
2016-03-16,10.00 ,,739.59 ,126.40 
2016-03-17,0.00 ,,737.49 ,130.00 
2016-03-18,,,742.07 ,135.40 
2016-03-19,,,736.89 ,142.40 
2016-03-20,,,755.28 ,145.40 
2016-03-21,,,785.73 ,142.30 
2016-03-22,,,807.19 ,135.30 
2016-03-23,,,819.80 ,132.60 
2016-03-24,,,826.30 ,137.40 
2016-03-25,,,826.10 ,130.90 
2016-03-26,,,842.59 ,142.00 
2016-03-27,,,839.99 ,143.80 
2016-03-28,,,837.00 ,138.40 
2016-03-29,,,849.66 ,134.40 
2016-03-30,,,824.01 ,117.90 
2016-03-31,,,831.86 ,145.30 
2016-04-01,,,824.40 ,137.60 
2016-04-02,,,843.52 ,140.00 
2016-04-03,,,866.94 ,139.70 
2016-04-04,,,874.16 ,140.60 
2016-04-05,,,878.84 ,132.30 
2016-04-06,,,876.84 ,110.30 
2016-04-07,,,887.24 ,125.60 
2016-04-08,,,853.14 ,114.10 
2016-04-09,,,853.76 ,120.00 
2016-04-10,,,874.26 ,125.00 
2016-04-11,,,919.24 ,130.30 
2016-04-12,,,960.77 ,128.50 
2016-04-13,,,954.11 ,120.20 
2016-04-14,20.00 ,,944.75 ,131.50 
2016-04-15,20.00 ,,938.05 ,122.70 
2016-04-16,,,941.05 ,127.70 
2016-04-17,,,940.85 ,127.50 
2016-04-18,20.00 ,,954.62 ,130.70 
2016-04-19,20.00 ,,947.97 ,124.22 
2016-04-20,10.00 ,,969.89 ,132.40 
2016-04-21,10.00 ,,970.71 ,118.90 
2016-04-22,10.00 ,,969.61 ,123.60 
2016-04-23,,,950.89 ,117.40 
2016-04-24,,,945.69 ,117.50 
2016-04-25,10.00 ,,948.81 ,130.40 
2016-04-26,10.00 ,,944.31 ,129.70 
2016-04-27,10.00 ,,923.47 ,106.80 
2016-04-28,10.00 ,,798.96 ,113.20 
2016-04-29,10.00 ,,925.82 ,130.70 
2016-04-30,,,910.04 ,120.40 
2016-05-01,,,943.01 ,139.30 
2016-05-02,,,925.15 ,117.40 
2016-05-03,10.00 ,,937.10 ,130.10 
2016-05-04,10.00 ,,954.80 ,111.20 
2016-05-05,10.00 ,,946.70 ,118.20 
2016-05-06,10.00 ,,926.60 ,103.30 
2016-05-07,,,957.05 ,125.40 
2016-05-08,,,963.55 ,116.00 
2016-05-09,10.00 ,,984.35 ,127.60 
2016-05-10,10.00 ,,991.69 ,114.30 
2016-05-11,10.00 ,,977.34 ,113.60 
2016-05-12,10.00 ,,958.78 ,110.40 
2016-05-13,10.00 ,,961.61 ,113.80 
2016-05-14,,,966.03 ,122.70 
2016-05-15,,,950.69 ,116.20 
2016-05-16,60.00 ,200.00 ,943.78 ,114.70 
2016-05-17,600.00 ,4600.00 ,956.53 ,121.90 
2016-05-18,600.00 ,4600.00 ,971.35 ,113.20 
2016-05-19,600.00 ,4600.00 ,940.79 ,119.80 
2016-05-20,0.00 ,0.00 ,950.31 ,125.40 
2016-05-21,,,939.89 ,122.70 
2016-05-22,,,967.44 ,132.50 
2016-05-23,,,970.06 ,116.00 
2016-05-24,,,963.15 ,117.00 
2016-05-25,,,950.95 ,113.00 
2016-05-26,,,963.56 ,118.10 
2016-05-27,,,950.89 ,116.80 
2016-05-28,,,941.47 ,117.30 
2016-05-29,,,787.06 ,80.20 
2016-05-30,,,900.32 ,119.90 
2016-05-31,,,877.44 ,120.40 
2016-06-01,,,853.26 ,114.40 
2016-06-02,,,862.49 ,115.20 
2016-06-03,,,845.68 ,106.30 
2016-06-04,,,832.18 ,106.30 
2016-06-05,,,856.88 ,123.10 
2016-06-06,,,852.72 ,103.70 
2016-06-07,,,852.68 ,123.50 
2016-06-08,,,865.29 ,115.20 
2016-06-09,,,862.71 ,115.60 
2016-06-10,,,854.09 ,111.10 
2016-06-11,,,859.30 ,112.70 
2016-06-12,,,843.53 ,107.40 
2016-06-13,,,857.43 ,130.60 
2016-06-14,,,869.00 ,127.00 
2016-06-15,,,875.01 ,109.00 
2016-06-16,,,859.07 ,111.70 
2016-06-17,,,841.03 ,130.60 
2016-06-18,,,846.85 ,126.40 
2016-06-19,,,852.15 ,124.90 
2016-06-20,,,838.49 ,108.20 
2016-06-21,,,835.08 ,119.20 
2016-06-22,,,825.40 ,125.00 
2016-06-23,,,838.27 ,119.60 
2016-06-24,,,826.70 ,112.50 
2016-06-25,,,836.57 ,130.90 
2016-06-26,,,831.31 ,120.10 
2016-06-27,,,811.61 ,113.70 
2016-06-28,,,818.50 ,121.20 
2016-06-29,,,834.89 ,128.80 
2016-06-30,,,802.53 ,127.80 
2016-07-01,,,814.14 ,121.40 
2016-07-02,,,818.31 ,128.30 
2016-07-03,,,815.11 ,123.10 
2016-07-04,,,814.97 ,115.70 
2016-07-05,,,811.15 ,111.60 
2016-07-06,,,806.96 ,118.70 
2016-07-07,,,795.77 ,116.00 
2016-07-08,,,770.73 ,120.70 
2016-07-09,,,782.49 ,135.60 
2016-07-10,,,778.47 ,132.20 
2016-07-11,,,777.82 ,127.80 
2016-07-12,,,773.48 ,110.00 
2016-07-13,,,784.66 ,114.70 
2016-07-14,,,800.93 ,110.10 
2016-07-15,,,819.94 ,122.00 
2016-07-16,,,806.26 ,116.10 
2016-07-17,,,774.70 ,113.90 
2016-07-18,,,738.83 ,88.70 
2016-07-19,,,733.13 ,116.80 
2016-07-20,,,737.55 ,122.90 
2016-07-21,,,779.39 ,75.00 
2016-07-22,,,790.59 ,104.70 
2016-07-23,,,778.02 ,131.00 
2016-07-24,,,774.52 ,129.90 
2016-07-25,,,746.72 ,110.20 
2016-07-26,,,747.89 ,113.70 
2016-07-27,,,740.56 ,126.80 
2016-07-28,,,725.99 ,114.00 
2016-07-29,,,719.48 ,134.70 
2016-07-30,,,716.25 ,128.80 
2016-07-31,,,704.98 ,111.60 
2016-08-01,,,679.88 ,108.30 
2016-08-02,,,689.58 ,123.00 
2016-08-03,,,690.56 ,118.70 
2016-08-04,,,687.28 ,120.80 
2016-08-05,,,686.68 ,111.50 
2016-08-06,,,705.42 ,129.60 
2016-08-07,,,717.37 ,118.90 
2016-08-08,,,735.41 ,108.60 
2016-08-09,,,758.97 ,123.00 
2016-08-10,,,796.18 ,142.00 
2016-08-11,,,798.04 ,141.50 
2016-08-12,20.00 ,,789.73 ,133.70 
2016-08-13,,,870.21 ,122.40 
2016-08-14,,,873.05 ,142.40 
2016-08-15,20.00 ,,859.59 ,129.60 
2016-08-16,20.00 ,,839.10 ,130.20 
2016-08-17,20.00 ,,825.10 ,140.00 
2016-08-18,20.00 ,,793.40 ,122.10 
2016-08-19,20.00 ,,789.40 ,116.60 
2016-08-20,,,804.50 ,128.10 
2016-08-21,,,832.40 ,134.10 
2016-08-22,20.00 ,,813.79 ,131.80 
2016-08-23,20.00 ,,796.39 ,137.00 
2016-08-24,20.00 ,,800.86 ,139.30 
2016-08-25,20.00 ,,805.22 ,127.60 
2016-08-26,20.00 ,,801.04 ,123.00 
2016-08-27,,,780.66 ,138.40 
2016-08-28,,,785.19 ,138.60 
2016-08-29,20.00 ,,760.49 ,124.50 
2016-08-30,20.00 ,,741.55 ,127.80 
2016-08-31,20.00 ,,734.81 ,138.30 
2016-09-01,20.00 ,,733.04 ,142.70 
2016-09-02,20.00 ,,720.43 ,121.70 
2016-09-03,,,718.87 ,143.30 
2016-09-04,,,721.72 ,130.70 
2016-09-05,20.00 ,,728.38 ,131.40 
2016-09-06,20.00 ,,732.74 ,143.40 
2016-09-07,20.00 ,,741.90 ,150.70 
2016-09-08,20.00 ,,742.40 ,132.20 
2016-09-09,20.00 ,,734.21 ,131.60 
2016-09-10,,,724.18 ,123.20 
2016-09-11,,,749.77 ,130.80 
2016-09-12,20.00 ,,750.79 ,109.40 
2016-09-13,20.00 ,,746.06 ,132.50 
2016-09-14,60.00 ,,773.15 ,134.50 
2016-09-15,,,755.37 ,141.20 
2016-09-16,,,755.34 ,135.30 
2016-09-17,,,780.24 ,133.70 
2016-09-18,,,786.48 ,137.70 
2016-09-19,1000.00 ,3900.00 ,806.79 ,123.50 
2016-09-20,1000.00 ,3900.00 ,809.17 ,141.80 
2016-09-21,1000.00 ,3900.00 ,825.92 ,138.20 
2016-09-22,0.00 ,0.00 ,832.55 ,136.60 
2016-09-23,,,844.40 ,137.40 
2016-09-24,,,858.98 ,139.40 
2016-09-25,,,887.30 ,148.30 
2016-09-26,,,870.93 ,155.10 
2016-09-27,,,881.43 ,141.50 
2016-09-28,,,884.00 ,132.30 
2016-09-29,,,898.85 ,148.70 
2016-09-30,,,880.23 ,148.10 
2016-10-01,,,873.81 ,141.50 
2016-10-02,,,887.67 ,162.60 
2016-10-03,,,884.55 ,99.40 
2016-10-04,,,889.01 ,145.80 
2016-10-05,,,937.33 ,154.40 
2016-10-06,,,975.27 ,164.00 
2016-10-07,,,974.89 ,147.00 
2016-10-08,,,989.33 ,151.90 
2016-10-09,,,1006.14 ,144.70 
2016-10-10,,,991.61 ,123.60 
2016-10-11,,,994.15 ,135.80 
2016-10-12,,,840.67 ,142.00 
2016-10-13,,,996.31 ,148.80 
2016-10-14,,,974.69 ,124.80 
2016-10-15,,,962.79 ,142.70 
2016-10-16,,,964.11 ,134.70 
2016-10-17,,,954.90 ,138.80 
2016-10-18,,,949.84 ,148.30 
2016-10-19,,,963.22 ,154.10 
2016-10-20,,,964.56 ,141.10 
2016-10-21,,,1005.75 ,140.90 
2016-10-22,,,1046.01 ,158.90 
2016-10-23,,,1093.18 ,156.30 
2016-10-24,,,1075.45 ,140.40 
2016-10-25,,,1042.67 ,138.30 
2016-10-26,,,1117.22 ,157.00 
2016-10-27,,,1121.49 ,153.80 
2016-10-28,,,1115.61 ,138.10 
2016-10-29,,,1105.40 ,102.80 
2016-10-30,,,1132.48 ,120.20 
2016-10-31,,,1131.87 ,164.70 
2016-11-01,,,1168.60 ,153.00 
2016-11-02,,,1181.47 ,157.10 
2016-11-03,,,1173.79 ,163.20 
2016-11-04,,,1187.61 ,165.40 
2016-11-05,,,1196.91 ,160.90 
2016-11-06,,,1243.83 ,165.20 
2016-11-07,,,1310.65 ,159.70 
2016-11-08,,,1308.66 ,143.10 
2016-11-09,,,1299.64 ,163.90 
2016-11-10,,,1299.52 ,166.20 
2016-11-11,,,1305.97 ,157.60 
2016-11-12,,,1311.61 ,178.70 
2016-11-13,,,1295.15 ,164.00 
2016-11-14,,,1312.50 ,167.30 
2016-11-15,,,1362.25 ,163.30 
2016-11-16,,,1328.50 ,156.50 
2016-11-17,,,1321.06 ,151.20 
2016-11-18,,,1300.59 ,158.40 
2016-11-19,,,1320.43 ,112.20 
2016-11-20,,,1331.46 ,129.20 
2016-11-21,,,1341.69 ,155.20 
2016-11-22,,,1386.65 ,162.50 
2016-11-23,,,1428.86 ,162.00 
2016-11-24,,,1287.39 ,157.80 
2016-11-25,,,1364.54 ,147.60 
2016-11-26,,,1352.72 ,166.50 
2016-11-27,,,1337.32 ,163.10 
2016-11-28,,,1345.18 ,172.50 
2016-11-29,,,1341.49 ,163.70 
2016-11-30,,,1342.17 ,175.80 
2016-12-01,,,1356.47 ,167.40 
2016-12-02,,,1374.66 ,169.60 
2016-12-03,,,1372.19 ,156.80 
2016-12-04,,,1372.57 ,168.60 
2016-12-05,,,1363.90 ,160.20 
2016-12-06,10.00 ,,1378.65 ,159.00 
2016-12-07,10.00 ,,1375.21 ,156.60 
2016-12-08,10.00 ,,1363.13 ,164.70 
2016-12-09,10.00 ,,1362.75 ,167.30 
2016-12-10,,,1377.42 ,169.70 
2016-12-11,,,1363.11 ,151.40 
2016-12-12,10.00 ,,1338.78 ,163.00 
2016-12-13,10.00 ,,1341.51 ,152.00 
2016-12-14,10.00 ,,1373.30 ,150.90 
2016-12-15,10.00 ,,1393.44 ,158.30 
2016-12-16,10.00 ,,1391.33 ,161.50 
2016-12-17,,,1401.80 ,96.70 
2016-12-18,,,1414.50 ,108.20 
2016-12-19,10.00 ,,1464.10 ,148.50 
2016-12-20,0.00 ,,1548.70 ,160.00 
2016-12-21,,,1639.60 ,160.40 
2016-12-22,,,1639.40 ,149.70 
2016-12-23,,,1604.30 ,136.50 
2016-12-24,,,1571.10 ,143.30 
2016-12-25,,,1552.10 ,164.70 
2016-12-26,,,1520.00 ,150.00 
2016-12-27,,,1515.70 ,150.80 
2016-12-28,,,1515.80 ,168.70 
2016-12-29,,,1501.60 ,165.30 
2016-12-30,,,1497.60 ,159.50 
2016-12-31,,,1349.90 ,143.90 
2017-01-01,,,1379.00 ,140.40 
2017-01-02,,,1411.50 ,122.90 
2017-01-03,,,1413.80 ,136.10 
2017-01-04,,,1417.50 ,134.40 
2017-01-05,,,1459.70 ,130.70 
2017-01-06,,,1447.70 ,117.80 
2017-01-07,,,1383.90 ,115.40 
2017-01-08,,,1326.20 ,108.80 
2017-01-09,,,1280.60 ,136.90 
2017-01-10,,,1269.00 ,142.90 
2017-01-11,,,1265.30 ,154.20 
2017-01-12,,,1242.70 ,127.60 
2017-01-13,,,1052.50 ,133.50 
2017-01-14,,,1235.60 ,145.10 
2017-01-15,,,1232.90 ,155.30 
2017-01-16,850.00 ,1600.00 ,1210.70 ,136.70 
2017-01-17,1560.00 ,1600.00 ,1174.30 ,142.90 
2017-01-18,1560.00 ,1600.00 ,1158.80 ,152.90 
2017-01-19,1560.00 ,1600.00 ,1149.30 ,150.50 
2017-01-20,0.00 ,0.00 ,1144.90 ,148.40 
2017-01-21,,,1192.90 ,136.80 
2017-01-22,,,1202.20 ,152.90 
2017-01-23,,,1238.20 ,130.10 
2017-01-24,,,1235.30 ,123.70 
2017-01-25,,,1220.60 ,148.00 
2017-01-26,,,1189.40 ,137.00 
2017-01-27,,,1184.70 ,131.50 
2017-01-28,,,1215.20 ,153.20 
2017-01-29,,,1203.50 ,126.70 
2017-01-30,,,1217.00 ,128.60 
2017-01-31,,,1220.20 ,128.30 
2017-02-01,,,1205.20 ,113.70 
2017-02-02,,,1212.30 ,144.80 
2017-02-03,,,1221.10 ,132.30 
2017-02-04,,,1191.00 ,144.50 
2017-02-05,,,1184.40 ,129.50 
2017-02-06,,,1157.90 ,128.50 
2017-02-07,,,1132.50 ,126.60 
2017-02-08,,,1116.50 ,128.40 
2017-02-09,,,1107.80 ,133.90 
2017-02-10,,,1092.90 ,130.70 
2017-02-11,,,1132.40 ,132.50 
2017-02-12,,,1114.10 ,138.40 
2017-02-13,,,1093.30 ,139.50 
2017-02-14,,,1089.20 ,138.30 
2017-02-15,,,1069.60 ,134.00 
2017-02-16,,,1056.10 ,151.40 
2017-02-17,,,1064.00 ,141.30 
2017-02-18,,,866.80 ,136.60 
2017-02-19,,,1041.60 ,158.20 
2017-02-20,,,1034.10 ,142.60 
2017-02-21,,,1022.60 ,146.20 
2017-02-22,,,989.50 ,124.70 
2017-02-23,,,986.70 ,147.70 
2017-02-24,,,966.10 ,140.40 
2017-02-25,,,950.70 ,142.60 
2017-02-26,,,936.10 ,154.40 
2017-02-27,,,910.30 ,142.70 
2017-02-28,,,911.90 ,155.90 
2017-03-01,,,921.70 ,131.70 
2017-03-02,,,926.50 ,148.60 
2017-03-03,,,928.40 ,154.10 
2017-03-04,,,921.50 ,145.00 
2017-03-05,,,747.50 ,101.80 
2017-03-06,,,910.90 ,142.10 
2017-03-07,,,907.10 ,141.90 
2017-03-08,,,895.40 ,155.90 
2017-03-09,,,883.90 ,149.50 
2017-03-10,,,893.30 ,169.90 
2017-03-11,,,908.80 ,153.50 
2017-03-12,,,919.60 ,155.10 
2017-03-13,,,911.30 ,145.40 
2017-03-14,,,921.00 ,161.20 
2017-03-15,,,908.50 ,146.70 
2017-03-16,,,922.10 ,161.10 
2017-03-17,,,924.40 ,157.00 
2017-03-18,,,938.70 ,164.50 
2017-03-19,,,932.70 ,163.50 
2017-03-20,,,945.70 ,174.60 
2017-03-21,,,955.50 ,159.90 
2017-03-22,,,963.40 ,169.50 
2017-03-23,,,959.80 ,167.80 
2017-03-24,,,965.70 ,166.00 
2017-03-25,,,960.50 ,137.70 
2017-03-26,,,979.40 ,169.80 
2017-03-27,,,1001.90 ,159.40 
2017-03-28,,,1016.40 ,159.40 
2017-03-29,,,1030.40 ,159.00 
2017-03-30,,,1029.80 ,167.40 
2017-03-31,,,1044.30 ,170.80 
2017-04-01,,,1032.90 ,148.70 
2017-04-02,,,1027.90 ,169.26 
2017-04-03,,,1023.80 ,167.50 
2017-04-04,,,1045.20 ,163.50 
2017-04-05,,,1009.10 ,155.90 
2017-04-06,,,1043.10 ,141.90 
2017-04-07,,,1049.20 ,142.90 
2017-04-08,,,1058.20 ,148.40 
2017-04-09,,,1064.80 ,141.20 
2017-04-10,,,1041.30 ,138.70 
2017-04-11,,,1049.80 ,141.30 
2017-04-12,,,1040.00 ,131.10 
2017-04-13,,,1034.60 ,143.40 
2017-04-14,,,1037.30 ,135.20 
2017-04-15,,,1027.00 ,132.30 
2017-04-16,,,1025.40 ,143.00 
2017-04-17,,,1042.60 ,140.10 
2017-04-18,,,1040.80 ,139.90 
2017-04-19,,,1074.30 ,140.40 
2017-04-20,,,1060.50 ,148.20 
2017-04-21,,,1055.10 ,130.50 
2017-04-22,,,1050.00 ,137.10 
2017-04-23,,,864.10 ,147.00 
2017-04-24,,,1071.40 ,153.60 
2017-04-25,,,1073.40 ,146.70 
2017-04-26,,,1073.20 ,137.70 
2017-04-27,,,1084.90 ,153.30 
2017-04-28,,,1103.60 ,136.00 
2017-04-29,,,1083.60 ,129.20 
2017-04-30,,,1077.40 ,156.80 
2017-05-01,,,1101.10 ,158.50 
2017-05-02,,,1126.50 ,164.60 
2017-05-03,,,1137.00 ,158.80 
2017-05-04,,,1160.60 ,162.60 
2017-05-05,,,1174.40 ,153.10 
2017-05-06,,,1194.20 ,140.60 
2017-05-07,,,1203.10 ,157.70 
2017-05-08,,,1197.80 ,154.70 
2017-05-09,,,1213.90 ,156.90 
2017-05-10,,,1217.70 ,144.50 
2017-05-11,,,1220.00 ,157.70 
2017-05-12,,,1236.20 ,136.60 
2017-05-13,,,1247.60 ,98.00 
2017-05-14,,,1220.20 ,102.80 
2017-05-15,260.00 ,800.00 ,1220.50 ,151.80 
2017-05-16,640.00 ,1100.00 ,986.00 ,122.80 
2017-05-17,640.00 ,1100.00 ,1237.10 ,160.10 
2017-05-18,640.00 ,1100.00 ,1234.90 ,160.90 
2017-05-19,0.00 ,0.00 ,1242.60 ,158.10 
2017-05-20,,,1244.40 ,141.00 
2017-05-21,,,1230.10 ,140.50 
2017-05-22,,,1241.80 ,156.30 
2017-05-23,,,1279.30 ,165.10 
2017-05-24,,,1290.00 ,144.60 
2017-05-25,,,1303.70 ,157.60 
2017-05-26,,,1320.20 ,144.90 
2017-05-27,,,1331.30 ,154.60 
2017-05-28,,,1316.20 ,153.10 
2017-05-29,,,1309.80 ,155.60 
2017-05-30,,,1320.80 ,159.20 
2017-05-31,,,1337.90 ,157.80 
2017-06-01,,,1349.40 ,153.00 
2017-06-02,,,1367.40 ,152.70 
2017-06-03,,,1364.10 ,149.00 
2017-06-04,,,1392.10 ,162.60 
2017-06-05,,,1371.90 ,153.00 
2017-06-06,,,1357.00 ,145.60 
2017-06-07,,,1348.30 ,145.50 
2017-06-08,,,1346.10 ,157.20 
2017-06-09,,,1323.00 ,144.40 
2017-06-10,,,1323.67 ,164.60 
2017-06-11,,,1350.78 ,152.80 
2017-06-12,,,1341.10 ,162.80 
2017-06-13,,,1336.09 ,161.10 
2017-06-14,,,1352.59 ,153.90 
2017-06-15,,,1367.71 ,158.50 
2017-06-16,,,1345.84 ,148.80 
2017-06-17,,,1338.11 ,142.50 
2017-06-18,,,1326.49 ,160.20 
2017-06-19,,,1318.04 ,166.20 
2017-06-20,,,1305.73 ,159.30 
2017-06-21,,,1292.72 ,151.40 
2017-06-22,,,1279.51 ,155.00 
2017-06-23,,,1273.96 ,154.30 
2017-06-24,,,1029.50 ,149.70 
2017-06-25,,,1014.00 ,154.10 
2017-06-26,,,1254.50 ,162.10 
2017-06-27,,,1240.46 ,150.70 
2017-06-28,,,1239.91 ,158.20 
2017-06-29,,,1242.87 ,152.00 
2017-06-30,,,1222.74 ,157.00 
2017-07-01,,,1223.67 ,165.10 
2017-07-02,,,1213.70 ,150.40 
2017-07-03,,,1224.32 ,140.70 
2017-07-04,,,1234.00 ,164.40 
2017-07-05,,,1255.77 ,150.00 
2017-07-06,,,1264.75 ,146.50 
2017-07-07,,,1240.96 ,124.90 
2017-07-08,,,1220.61 ,128.20 
2017-07-09,,,1225.59 ,154.50 
2017-07-10,,,1229.91 ,154.30 
2017-07-11,,,1370.60 ,166.10 
2017-07-12,,,1365.42 ,160.50 
2017-07-13,,,1244.22 ,163.90 
2017-07-14,,,1233.01 ,128.30 
2017-07-15,,,1341.67 ,154.50 
2017-07-16,,,1342.67 ,179.10 
2017-07-17,,,1225.57 ,152.80 
2017-07-18,,,1248.42 ,157.30 
2017-07-19,,,1259.08 ,158.20 
2017-07-20,,,1263.75 ,151.70 
2017-07-21,,,1264.30 ,127.90 
2017-07-22,,,1361.93 ,148.90 
2017-07-23,,,1374.31 ,148.00 
2017-07-24,,,1248.50 ,153.30 
2017-07-25,,,1235.12 ,133.80 
2017-07-26,,,1232.48 ,147.20 
2017-07-27,,,1233.96 ,143.50 
2017-07-28,,,1223.68 ,148.50 
2017-07-29,,,972.79 ,143.00 
2017-07-30,,,1182.79 ,155.20 
2017-07-31,,,1184.07 ,167.80 
2017-08-01,,,1194.30 ,165.70 
2017-08-02,,,1172.37 ,150.80 
2017-08-03,,,1175.56 ,155.30 
2017-08-04,,,1204.16 ,125.60 
2017-08-05,,,1231.79 ,163.70 
2017-08-06,,,1235.23 ,153.60 
2017-08-07,,,1263.91 ,165.40 
2017-08-08,,,1237.95 ,149.40 
2017-08-09,,,1221.95 ,149.10 
2017-08-10,,,1217.45 ,160.80 
2017-08-11,,,1199.25 ,152.20 
2017-08-12,,,1162.01 ,127.30 
2017-08-13,,,1145.33 ,162.80 
2017-08-14,,,1132.30 ,170.90 
2017-08-15,,,1144.54 ,156.80 
2017-08-16,,,1137.19 ,161.00 
2017-08-17,,,1262.35 ,166.70 
2017-08-18,,,1250.74 ,158.10 
2017-08-19,,,1262.70 ,162.10 
2017-08-20,,,1259.90 ,166.30 
2017-08-21,,,1264.70 ,175.10 
2017-08-22,,,1282.56 ,179.20 
2017-08-23,,,1277.68 ,167.60 
2017-08-24,,,1266.36 ,172.30 
2017-08-25,,,1264.00 ,164.40 
2017-08-26,,,1275.54 ,168.30 
2017-08-27,,,1286.64 ,185.20 
2017-08-28,,,1276.58 ,157.70 
2017-08-29,,,1294.12 ,173.50 
2017-08-30,,,1276.69 ,158.00 
2017-08-31,,,1283.08 ,166.00 
2017-09-01,,,1284.83 ,163.20 
2017-09-02,,,1280.03 ,163.30 
2017-09-03,,,1281.54 ,168.30 
2017-09-04,,,1282.74 ,174.90 
2017-09-05,,,1308.97 ,176.90 
2017-09-06,,,1295.93 ,149.50 
2017-09-07,,,1282.00 ,170.30 
2017-09-08,,,1277.40 ,157.10 
2017-09-09,,,1275.90 ,154.00 
2017-09-10,,,1289.60 ,177.50 
2017-09-11,,,1284.50 ,168.20 
2017-09-12,,,1269.59 ,171.00 
2017-09-13,470.00 ,100.00 ,1103.30 ,112.70 
2017-09-14,860.00 ,1100.00 ,1280.73 ,165.40 
2017-09-15,1640.00 ,1400.00 ,1258.02 ,152.50 
2017-09-16,,,1244.12 ,162.70 
2017-09-17,,,1252.12 ,171.60 
2017-09-18,1640.00 ,1400.00 ,1260.09 ,169.10 
2017-09-19,1640.00 ,1400.00 ,1282.24 ,172.20 
2017-09-20,20.00 ,0.00 ,1278.32 ,166.50 
2017-09-21,20.00 ,,1280.22 ,177.30 
2017-09-22,20.00 ,,1278.01 ,152.60 
2017-09-23,,,1286.17 ,169.60 
2017-09-24,,,1296.51 ,180.10 
2017-09-25,20.00 ,,1286.21 ,167.20 
2017-09-26,0.00 ,,1306.87 ,179.70 
2017-09-27,,,1327.79 ,170.20 
2017-09-28,,,1375.41 ,169.00 
2017-09-29,,,1357.17 ,157.50 
2017-09-30,,,1340.96 ,172.00 
2017-10-01,,,1315.87 ,167.40 
2017-10-02,,,1340.32 ,179.80 
2017-10-03,,,1390.77 ,165.20 
2017-10-04,,,1388.32 ,168.40 
2017-10-05,,,1375.53 ,171.20 
2017-10-06,,,1347.68 ,159.60 
2017-10-07,,,1334.38 ,169.40 
2017-10-08,,,1334.53 ,171.90 
2017-10-09,,,1361.29 ,170.40 
2017-10-10,,,1393.40 ,164.30 
2017-10-11,,,1446.36 ,159.70 
2017-10-12,,,1453.81 ,170.00 
2017-10-13,,,1422.19 ,155.80 
2017-10-14,,,1415.76 ,171.80 
2017-10-15,,,1407.08 ,170.90 
2017-10-16,,,1401.30 ,173.90 
2017-10-17,,,1385.71 ,170.30 
2017-10-18,,,1392.42 ,174.30 
2017-10-19,,,1395.72 ,164.90 
2017-10-20,,,1394.72 ,170.30 
2017-10-21,,,1399.64 ,172.20 
2017-10-22,,,1398.92 ,164.60 
2017-10-23,,,1485.98 ,177.30 
2017-10-24,,,1486.40 ,174.90 
2017-10-25,,,1483.98 ,175.80 
2017-10-26,,,1458.12 ,163.30 
2017-10-27,,,1432.50 ,144.30 
2017-10-28,,,1424.80 ,145.00 
2017-10-29,,,1418.50 ,152.60 
2017-10-30,,,1425.02 ,150.50 
2017-10-31,,,1358.57 ,155.70 
2017-11-01,,,1420.46 ,157.10 
2017-11-02,,,1406.70 ,153.10 
2017-11-03,,,1400.94 ,154.80 
2017-11-04,,,1419.64 ,149.10 
2017-11-05,,,1423.64 ,159.60 
2017-11-06,,,1411.48 ,158.80 
2017-11-07,,,1248.46 ,155.00 
2017-11-08,,,1384.91 ,156.30 
2017-11-09,,,1375.29 ,151.40 
2017-11-10,,,1366.91 ,144.20 
2017-11-11,,,1383.06 ,150.80 
2017-11-12,,,1383.94 ,155.60 
2017-11-13,,,1387.06 ,159.80 
2017-11-14,,,1393.09 ,156.10 
2017-11-15,,,1374.76 ,142.80 
2017-11-16,,,1355.67 ,140.30 
2017-11-17,,,1357.62 ,168.10 
2017-11-18,,,1372.54 ,164.70 
2017-11-19,,,1414.63 ,157.60 
2017-11-20,,,1414.90 ,167.30 
2017-11-21,,,1426.95 ,170.50 
2017-11-22,,,1420.00 ,165.50 
2017-11-23,,,1404.16 ,156.90 
2017-11-24,,,1414.80 ,177.30 
2017-11-25,,,1410.32 ,159.90 
2017-11-26,,,1399.93 ,176.10 
2017-11-27,,,1393.51 ,170.00 
2017-11-28,,,1384.42 ,167.00 
2017-11-29,,,1370.85 ,164.40 
2017-11-30,,,1393.15 ,174.00 
2017-12-01,,,1368.00 ,165.10 
2017-12-02,,,1360.30 ,171.70 
2017-12-03,,,1338.30 ,164.70 
2017-12-04,,,1315.79 ,170.50 
2017-12-05,,,1315.00 ,169.10 
2017-12-06,,,1301.71 ,166.40 
2017-12-07,,,1303.33 ,168.30 
2017-12-08,,,1310.53 ,151.30 
2017-12-09,,,1314.23 ,173.50 
2017-12-10,,,1320.79 ,165.50 
2017-12-11,,,1321.19 ,173.20 
2017-12-12,,,1342.40 ,163.80 
2017-12-13,,,1330.89 ,155.10 
2017-12-14,,,1331.01 ,162.90 
2017-12-15,10.00 ,,1322.20 ,155.30 
2017-12-16,,,1311.45 ,166.70 
2017-12-17,,,1317.11 ,158.00 
2017-12-18,10.00 ,,1336.01 ,176.30 
2017-12-19,10.00 ,,1344.39 ,156.40 
2017-12-20,10.00 ,,1341.91 ,156.40 
2017-12-21,10.00 ,,1335.31 ,171.00 
2017-12-22,10.00 ,,1336.99 ,170.20 
2017-12-23,,,1333.34 ,163.70 
2017-12-24,,,1331.48 ,165.80 
2017-12-25,10.00 ,,1338.79 ,162.90 
2017-12-26,10.00 ,,1379.87 ,177.00 
2017-12-27,10.00 ,,1306.30 ,152.30 
2017-12-28,10.00 ,,1402.53 ,172.60 
2017-12-29,10.00 ,,1377.61 ,152.10 
2017-12-30,,,1355.00 ,152.40 
2017-12-31,,,1355.95 ,177.60 
2018-01-01,,,1347.55 ,167.30 
2018-01-02,10.00 ,,1336.55 ,170.00 
2018-01-03,10.00 ,,1322.48 ,154.10 
2018-01-04,10.00 ,,1319.00 ,162.70 
2018-01-05,210.00 ,,1317.47 ,156.90 
2018-01-06,,,1326.08 ,175.90 
2018-01-07,,,1242.98 ,160.10 
2018-01-08,210.00 ,,1303.04 ,162.40 
2018-01-09,210.00 ,,1316.09 ,161.50 
2018-01-10,210.00 ,,1351.41 ,166.70 
2018-01-11,210.00 ,,1345.70 ,144.40 
2018-01-12,260.00 ,,1361.34 ,139.00 
2018-01-13,,,1368.66 ,164.20 
2018-01-14,,,1382.21 ,175.00 
2018-01-15,680.00 ,,1370.89 ,171.30 
2018-01-16,1050.00 ,600.00 ,1367.30 ,171.30 
2018-01-17,1050.00 ,600.00 ,1354.53 ,163.50 
2018-01-18,1050.00 ,600.00 ,1352.37 ,170.00 
2018-01-19,100.00 ,0.00 ,1341.07 ,148.00 
2018-01-20,,,1334.50 ,173.70 
2018-01-21,,,1342.15 ,166.90 
2018-01-22,100.00 ,,1366.03 ,176.30 
2018-01-23,100.00 ,,1441.07 ,177.70 
2018-01-24,100.00 ,,1457.51 ,145.80 
2018-01-25,100.00 ,,1440.50 ,165.70 
2018-01-26,0.00 ,,1430.56 ,168.20 
2018-01-27,,,1397.95 ,152.10 
2018-01-28,,,1391.71 ,170.50 
2018-01-29,,,1369.66 ,149.60 
2018-01-30,,,1384.23 ,175.30 
2018-01-31,,,1346.34 ,147.60 
2018-02-01,,,1338.31 ,169.80 
2018-02-02,,,1320.99 ,168.00 
2018-02-03,,,1336.53 ,162.90 
2018-02-04,,,1328.65 ,169.30 
2018-02-05,,,1323.45 ,165.80 
2018-02-06,,,1323.28 ,164.40 
2018-02-07,,,1302.21 ,155.60 
2018-02-08,,,1284.61 ,153.50 
2018-02-09,,,1077.60 ,176.80 
2018-02-10,,,1070.30 ,177.40 
2018-02-11,,,1290.10 ,168.00 
2018-02-12,,,1284.26 ,168.60 
2018-02-13,,,1308.74 ,173.40 
2018-02-14,,,1293.90 ,169.10 
2018-02-15,,,1285.51 ,163.30 
2018-02-16,,,1273.70 ,170.30 
2018-02-17,,,1272.26 ,181.40 
2018-02-18,,,1273.11 ,172.50 
2018-02-19,,,1277.99 ,187.90 
2018-02-20,,,1296.00 ,172.80 
2018-02-21,,,1311.76 ,179.40 
2018-02-22,,,1314.93 ,180.00 
2018-02-23,,,1316.20 ,167.80 
2018-02-24,,,1328.96 ,175.70 
2018-02-25,,,1330.70 ,173.80 
2018-02-26,,,1353.33 ,174.10 
2018-02-27,,,1309.02 ,171.20 
2018-02-28,,,1312.64 ,166.10 
2018-03-01,,,1405.97 ,184.40 
2018-03-02,,,1436.55 ,170.40 
2018-03-03,,,1435.43 ,178.90 
2018-03-04,,,1445.34 ,177.60 
2018-03-05,,,1411.10 ,180.90 
2018-03-06,,,1466.96 ,175.90 
2018-03-07,,,1499.39 ,168.10 
2018-03-08,,,1514.75 ,177.80 
2018-03-09,,,1528.86 ,152.20 
2018-03-10,,,1544.72 ,178.00 
2018-03-11,,,1514.63 ,182.00 
2018-03-12,,,1487.00 ,168.00 
2018-03-13,,,1497.34 ,171.70 
2018-03-14,,,1494.02 ,163.10 
2018-03-15,,,1502.62 ,177.30 
2018-03-16,,,1547.55 ,181.60 
2018-03-17,,,1586.40 ,177.50 
2018-03-18,,,1587.25 ,177.80 
2018-03-19,,,1592.98 ,158.80 
2018-03-20,,,1619.63 ,175.30 
2018-03-21,,,1668.54 ,168.20 
2018-03-22,,,1691.30 ,181.20 
2018-03-23,,,1676.78 ,183.20 
2018-03-24,,,1643.95 ,171.30 
2018-03-25,,,1642.67 ,183.90 
2018-03-26,,,1626.76 ,181.10 
2018-03-27,,,1628.80 ,176.30 
2018-03-28,,,1608.58 ,174.60 
2018-03-29,,,1613.24 ,181.30 
2018-03-30,,,1619.42 ,165.60 
2018-03-31,,,1643.61 ,186.70 
2018-04-01,,,1641.82 ,181.40 
2018-04-02,,,1657.08 ,187.40 
2018-04-03,,,1686.86 ,184.00 
2018-04-04,,,1726.20 ,158.40 
2018-04-05,,,1757.86 ,169.00 
2018-04-06,,,1742.52 ,144.80 
2018-04-07,,,1738.73 ,157.80 
2018-04-08,,,1572.40 ,144.70 
2018-04-09,,,1789.11 ,161.10 
2018-04-10,,,1787.99 ,158.60 
2018-04-11,,,1771.62 ,160.30 
2018-04-12,,,1772.94 ,143.90 
2018-04-13,,,1747.95 ,146.10 
2018-04-14,,,1711.46 ,140.20 
2018-04-15,,,1724.98 ,160.60 
2018-04-16,,,1722.50 ,157.50 
2018-04-17,,,1701.36 ,155.80 
2018-04-18,,,1674.52 ,148.80 
2018-04-19,,,1650.49 ,159.70 
2018-04-20,,,1618.44 ,152.40 
2018-04-21,,,1608.03 ,154.80 
2018-04-22,,,1576.16 ,148.30 
2018-04-23,,,1641.65 ,153.40 
2018-04-24,,,1648.45 ,161.30 
2018-04-25,,,1627.15 ,161.20 
2018-04-26,,,1611.61 ,165.10 
2018-04-27,,,1372.88 ,158.80 
2018-04-28,,,1578.11 ,165.70 
2018-04-29,,,1551.48 ,163.10 
2018-04-30,,,1537.90 ,168.40 
2018-05-01,,,1533.68 ,156.80 
2018-05-02,,,1539.35 ,184.60 
2018-05-03,,,1560.29 ,182.90 
2018-05-04,,,1570.51 ,183.50 
2018-05-05,,,1582.22 ,182.80 
2018-05-06,,,1560.51 ,182.90 
2018-05-07,,,1556.78 ,184.40 
2018-05-08,,,1545.57 ,181.40 
2018-05-09,,,1531.75 ,165.90 
2018-05-10,,,1530.23 ,180.10 
2018-05-11,,,1530.63 ,184.00 
2018-05-12,,,1513.12 ,180.50 
2018-05-13,,,1515.88 ,186.90 
2018-05-14,380.00 ,,1522.97 ,189.90 
2018-05-15,590.00 ,,1537.84 ,186.10 
2018-05-16,1590.00 ,200.00 ,1562.17 ,175.40 
2018-05-17,1590.00 ,200.00 ,1607.09 ,181.30 
2018-05-18,1590.00 ,200.00 ,1627.48 ,176.60 
2018-05-19,,,1626.93 ,189.40 
2018-05-20,,,1596.99 ,165.20 
2018-05-21,510.00 ,0.00 ,1611.90 ,174.10 
2018-05-22,510.00 ,,1570.51 ,194.20 
2018-05-23,510.00 ,,1535.02 ,174.80 
2018-05-24,510.00 ,,1539.19 ,193.80 
2018-05-25,150.00 ,,1558.63 ,180.40 
2018-05-26,,,1548.75 ,196.30 
2018-05-27,,,1529.03 ,173.20 
2018-05-28,100.00 ,,1512.61 ,190.60 
2018-05-29,60.00 ,,1504.61 ,191.20 
2018-05-30,30.00 ,,1487.60 ,168.10 
2018-05-31,30.00 ,,1504.93 ,196.30 
2018-06-01,10.00 ,,1492.34 ,190.70 
2018-06-02,,,1499.49 ,180.00 
2018-06-03,,,1517.43 ,192.20 
2018-06-04,10.00 ,,1526.81 ,200.00 
2018-06-05,10.00 ,,1531.26 ,196.30 
2018-06-06,10.00 ,,1576.34 ,191.60 
2018-06-07,10.00 ,,1606.82 ,186.80 
2018-06-08,10.00 ,,1613.30 ,188.40 
2018-06-09,,,1654.84 ,195.50 
2018-06-10,,,1683.70 ,194.90 
2018-06-11,10.00 ,,1701.36 ,200.60 
2018-06-12,10.00 ,,1695.46 ,196.60 
2018-06-13,10.00 ,,1712.78 ,198.50 
2018-06-14,10.00 ,,1694.24 ,189.60 
2018-06-15,10.00 ,,1671.28 ,190.70 
2018-06-16,,,1677.72 ,198.00 
2018-06-17,,,1649.48 ,194.90 
2018-06-18,,,1643.88 ,193.40 
2018-06-19,10.00 ,,1645.54 ,209.50 
2018-06-20,10.00 ,,1646.95 ,176.80 
2018-06-21,10.00 ,,1667.78 ,182.20 
2018-06-22,10.00 ,,1663.16 ,194.60 
2018-06-23,,,1673.01 ,195.40 
2018-06-24,,,1652.44 ,200.90 
2018-06-25,10.00 ,,1663.76 ,205.60 
2018-06-26,10.00 ,,1680.06 ,209.90 
2018-06-27,10.00 ,,1690.77 ,201.30 
2018-06-28,10.00 ,,1725.92 ,191.30 
2018-06-29,10.00 ,,1733.34 ,184.30 
2018-06-30,,,1745.20 ,181.70 
2018-07-01,,,1735.09 ,198.70 
2018-07-02,10.00 ,,1743.58 ,192.80 
2018-07-03,10.00 ,,1742.33 ,204.50 
2018-07-04,10.00 ,,1731.68 ,195.30 
2018-07-05,10.00 ,,1757.14 ,210.20 
2018-07-06,10.00 ,,1751.97 ,192.60 
2018-07-07,,,1752.74 ,190.50 
2018-07-08,,,1772.29 ,195.80 
2018-07-09,10.00 ,,1788.50 ,188.20 
2018-07-10,10.00 ,,1799.91 ,199.30 
2018-07-11,10.00 ,,1790.59 ,193.10 
2018-07-12,10.00 ,,1779.61 ,199.60 
2018-07-13,10.00 ,,1789.14 ,184.00 
2018-07-14,,,1806.11 ,182.80 
2018-07-15,,,1814.41 ,204.10 
2018-07-16,10.00 ,,1831.92 ,205.80 
2018-07-17,10.00 ,,1840.31 ,175.30 
2018-07-18,10.00 ,,1819.02 ,157.40 
2018-07-19,10.00 ,,1816.19 ,177.00 
2018-07-20,10.00 ,,1806.56 ,197.30 
2018-07-21,,,1815.99 ,188.60 
2018-07-22,,,1807.36 ,189.30 
2018-07-23,10.00 ,,1824.33 ,203.30 
2018-07-24,10.00 ,,1831.50 ,209.30 
2018-07-25,10.00 ,,1898.56 ,162.10 
2018-07-26,10.00 ,,1935.67 ,204.20 
2018-07-27,10.00 ,,1932.74 ,181.20 
2018-07-28,,,1936.57 ,186.10 
2018-07-29,,,1931.92 ,176.40 
2018-07-30,10.00 ,,1946.08 ,197.60 
2018-07-31,10.00 ,,1949.50 ,192.30 
2018-08-01,10.00 ,,1965.34 ,176.50 
2018-08-02,10.00 ,,1961.10 ,181.50 
2018-08-03,10.00 ,,1952.08 ,185.10 
2018-08-04,,,1924.67 ,182.60 
2018-08-05,,,1920.51 ,174.50 
2018-08-06,10.00 ,,1904.32 ,181.40 
2018-08-07,10.00 ,,1926.72 ,172.30 
2018-08-08,10.00 ,,1914.14 ,170.50 
2018-08-09,10.00 ,,1906.17 ,154.30 
2018-08-10,10.00 ,,1893.70 ,188.80 
2018-08-11,,,1893.81 ,189.60 
2018-08-12,,,1888.89 ,181.70 
2018-08-13,10.00 ,,1855.01 ,188.10 
2018-08-14,10.00 ,,1865.58 ,191.90 
2018-08-15,10.00 ,,1875.87 ,122.90 
2018-08-16,10.00 ,,1939.06 ,155.30 
2018-08-17,10.00 ,,2023.73 ,179.00 
2018-08-18,,,2014.28 ,181.60 
2018-08-19,,,1969.58 ,166.50 
2018-08-20,10.00 ,,1937.72 ,177.40 
2018-08-21,10.00 ,,1960.17 ,174.50 
2018-08-22,10.00 ,,1928.51 ,181.90 
2018-08-23,10.00 ,,1913.96 ,185.10 
2018-08-24,10.00 ,,1898.29 ,179.00 
2018-08-25,,,1881.40 ,185.30 
2018-08-26,,,1880.37 ,202.20 
2018-08-27,10.00 ,,1878.21 ,189.70 
2018-08-28,10.00 ,,1882.80 ,201.60 
2018-08-29,10.00 ,,1868.38 ,183.80 
2018-08-30,10.00 ,,1864.33 ,187.20 
2018-08-31,10.00 ,,1855.60 ,189.40 
2018-09-01,,,1861.79 ,196.20 
2018-09-02,,,1870.84 ,205.10 
2018-09-03,10.00 ,,1863.30 ,188.40 
2018-09-04,10.00 ,,1863.99 ,199.10 
2018-09-05,10.00 ,,1855.64 ,171.70 
2018-09-06,10.00 ,,1855.35 ,201.60 
2018-09-07,10.00 ,,1855.17 ,164.70 
2018-09-08,,,1871.99 ,178.80 
2018-09-09,,,1874.34 ,201.90 
2018-09-10,10.00 ,,1881.23 ,191.80 
2018-09-11,10.00 ,,1881.60 ,190.90 
2018-09-12,30.00 ,,1875.84 ,177.90 
2018-09-13,30.00 ,,1878.43 ,176.50 
2018-09-14,130.00 ,800.00 ,1873.38 ,172.60 
2018-09-15,,,1897.92 ,204.70 
2018-09-16,,,1911.65 ,180.30 
2018-09-17,1530.00 ,3700.00 ,1921.29 ,181.20 
2018-09-18,1530.00 ,3700.00 ,1926.69 ,176.70 
2018-09-19,1530.00 ,3700.00 ,1960.00 ,169.30 
2018-09-20,500.00 ,1000.00 ,1964.77 ,186.00 
2018-09-21,400.00 ,0.00 ,1954.27 ,179.80 
2018-09-22,,,1926.75 ,175.90 
2018-09-23,,,1910.88 ,200.80 
2018-09-24,,,1906.62 ,199.40 
2018-09-25,0.00 ,,1909.61 ,209.80 
2018-09-26,,,1884.62 ,190.10 
2018-09-27,,,1878.86 ,209.90 
2018-09-28,,,1852.80 ,165.90 
2018-09-29,,,1823.21 ,180.30 
2018-09-30,,,1809.66 ,189.00 
2018-10-01,,,1807.11 ,187.60 
2018-10-02,,,1798.02 ,173.20 
2018-10-03,,,1588.95 ,163.30 
2018-10-04,,,1747.11 ,178.40 
2018-10-05,,,1708.60 ,168.90 
2018-10-06,,,1675.70 ,168.90 
2018-10-07,,,1655.36 ,172.30 
2018-10-08,,,1630.75 ,187.10 
2018-10-09,,,1635.07 ,182.50 
2018-10-10,,,1634.64 ,161.10 
2018-10-11,,,1628.92 ,172.40 
2018-10-12,,,1602.89 ,162.30 
2018-10-13,,,1591.31 ,171.20 
2018-10-14,,,1575.49 ,170.30 
2018-10-15,,,1557.31 ,179.90 
2018-10-16,,,1562.88 ,174.30 
2018-10-17,,,1539.94 ,155.10 
2018-10-18,,,1546.32 ,200.40 
2018-10-19,,,1538.22 ,150.50 
2018-10-20,,,1536.40 ,175.00 
2018-10-21,,,1507.37 ,168.10 
2018-10-22,,,1494.35 ,183.30 
2018-10-23,,,1480.81 ,169.60 
2018-10-24,,,1471.68 ,168.70 
2018-10-25,,,1457.47 ,182.50 
2018-10-26,,,1090.50 ,163.70 
2018-10-27,,,1488.04 ,194.20 
2018-10-28,,,1559.39 ,199.00 
2018-10-29,,,1380.43 ,191.40 
2018-10-30,,,1607.52 ,200.70 
2018-10-31,,,1598.44 ,188.20 
2018-11-01,,,1645.31 ,215.30 
2018-11-02,,,1655.57 ,202.50 
2018-11-03,,,1656.90 ,194.30 
2018-11-04,,,1658.50 ,210.80 
2018-11-05,,,1671.20 ,186.20 
2018-11-06,,,1725.02 ,203.80 
2018-11-07,,,1726.95 ,206.00 
2018-11-08,,,1724.75 ,200.20 
2018-11-09,,,1698.81 ,202.80 
2018-11-10,,,1680.00 ,194.90 
2018-11-11,,,1686.64 ,196.30 
2018-11-12,,,1693.70 ,202.30 
2018-11-13,,,1719.40 ,212.60 
2018-11-14,,,1737.31 ,208.90 
2018-11-15,,,1757.26 ,200.50 
2018-11-16,,,1755.10 ,185.20 
2018-11-17,,,1778.82 ,189.80 
2018-11-18,,,1783.64 ,207.50 
2018-11-19,,,1776.89 ,204.90 
2018-11-20,,,1786.03 ,203.60 
2018-11-21,,,1792.62 ,199.40 
2018-11-22,,,1785.22 ,192.20 
2018-11-23,,,1778.71 ,191.50 
2018-11-24,,,1759.31 ,187.40 
2018-11-25,,,1757.05 ,211.10 
2018-11-26,,,1726.42 ,184.40 
2018-11-27,,,1745.31 ,180.30 
2018-11-28,,,1775.89 ,198.70 
2018-11-29,,,1769.56 ,195.30 
2018-11-30,,,1774.55 ,185.30 
2018-12-01,,,1753.37 ,165.30 
2018-12-02,,,1744.06 ,197.00 
2018-12-03,,,1753.76 ,201.70 
2018-12-04,,,1819.98 ,203.00 
2018-12-05,,,1819.20 ,184.80 
2018-12-06,,,1820.47 ,198.90 
2018-12-07,,,1798.49 ,155.90 
2018-12-08,,,1847.36 ,172.70 
2018-12-09,,,1856.93 ,160.40 
2018-12-10,,,1851.69 ,165.70 
2018-12-11,,,1835.07 ,174.20 
2018-12-12,,,1835.84 ,178.30 
2018-12-13,,,1828.04 ,172.60 
2018-12-14,,,1807.02 ,167.90 
2018-12-15,,,1810.07 ,185.20 
2018-12-16,,,1819.20 ,189.60 
2018-12-17,,,1799.03 ,167.70 
2018-12-18,,,1805.02 ,196.00 
2018-12-19,,,1812.79 ,200.30 
2018-12-20,,,1811.42 ,185.60 
2018-12-21,,,1786.13 ,169.60 
2018-12-22,,,1769.81 ,174.40 
2018-12-23,,,1765.00 ,196.80 
2018-12-24,,,1772.34 ,183.80 
2018-12-25,,,1778.07 ,171.30 
2018-12-26,,,1786.47 ,184.40 
2018-12-27,,,1771.17 ,157.20 
2018-12-28,,,1756.68 ,162.20 
2018-12-29,,,1775.38 ,151.40 
2018-12-30,,,1795.96 ,168.90 
2018-12-31,,,1791.94 ,181.10 
2019-01-01,,,1790.98 ,183.30 
2019-01-02,,,1769.89 ,192.20 
2019-01-03,,,1758.52 ,190.30 
2019-01-04,,,1753.43 ,173.70 
2019-01-05,,,1743.70 ,188.40 
2019-01-06,,,1705.11 ,176.80 
2019-01-07,,,1684.56 ,185.00 
2019-01-08,,,1699.66 ,199.20 
2019-01-09,,,1691.24 ,175.80 
2019-01-10,,,1711.30 ,197.70 
2019-01-11,,,1724.01 ,200.80 
2019-01-12,,,1717.37 ,189.80 
2019-01-13,,,1722.94 ,191.40 
2019-01-14,,,1777.98 ,199.70 
2019-01-15,160.00 ,900.00 ,1775.24 ,196.20 
2019-01-16,600.00 ,1400.00 ,1785.81 ,197.50 
2019-01-17,600.00 ,1400.00 ,1792.80 ,190.80 
2019-01-18,600.00 ,1400.00 ,1755.84 ,177.40 
2019-01-19,,,1734.68 ,189.60 
2019-01-20,,,1700.46 ,175.40 
2019-01-21,0.00 ,0.00 ,1695.08 ,196.40 
2019-01-22,,,1701.76 ,185.70 
2019-01-23,,,1687.95 ,184.60 
2019-01-24,,,1661.00 ,185.20 
2019-01-25,,,1646.82 ,176.80 
2019-01-26,,,1631.45 ,179.20 
2019-01-27,,,1626.84 ,188.20 
2019-01-28,,,1602.48 ,183.30 
2019-01-29,,,1584.39 ,164.30 
2019-01-30,,,1570.56 ,156.90 
2019-01-31,,,1574.27 ,174.10 
2019-02-01,,,1571.57 ,161.50 
2019-02-02,,,1574.26 ,169.00 
2019-02-03,,,1569.09 ,172.90 
2019-02-04,,,1573.65 ,178.90 
2019-02-05,,,1565.15 ,182.80 
2019-02-06,,,1589.39 ,167.00 
2019-02-07,,,1623.12 ,140.40 
2019-02-08,,,1655.57 ,160.20 
2019-02-09,,,1652.62 ,178.20 
2019-02-10,,,1650.90 ,173.90 
2019-02-11,,,1644.05 ,176.50 
2019-02-12,,,1643.00 ,166.30 
2019-02-13,,,1631.63 ,163.90 
2019-02-14,,,1660.97 ,169.70 
2019-02-15,,,1633.88 ,160.50 
2019-02-16,,,1631.27 ,165.10 
2019-02-17,,,1629.60 ,163.40 
2019-02-18,,,1607.73 ,151.00 
2019-02-19,,,1594.04 ,181.90 
2019-02-20,,,1609.50 ,185.00 
2019-02-21,,,1635.77 ,186.00 
2019-02-22,,,1640.64 ,169.10 
2019-02-23,,,1628.29 ,162.90 
2019-02-24,,,1622.81 ,193.50 
2019-02-25,,,1621.07 ,183.60 
2019-02-26,,,1629.03 ,187.10 
2019-02-27,,,1626.01 ,173.70 
2019-02-28,,,1614.40 ,176.60 
2019-03-01,,,1585.92 ,161.50 
2019-03-02,,,1576.14 ,179.80 
2019-03-03,,,1560.71 ,184.10 
2019-03-04,,,1548.13 ,161.70 
2019-03-05,,,1535.94 ,175.50 
2019-03-06,,,1537.90 ,180.40 
2019-03-07,,,1545.67 ,154.80 
2019-03-08,,,1547.16 ,154.60 
2019-03-09,,,1567.40 ,194.20 
2019-03-10,,,1573.63 ,161.40 
2019-03-11,,,1581.67 ,195.30 
2019-03-12,,,1620.95 ,189.20 
2019-03-13,,,1616.34 ,172.10 
2019-03-14,,,1606.62 ,192.20 
2019-03-15,,,1587.21 ,172.10 
2019-03-16,,,1587.29 ,175.40 
2019-03-17,,,1596.16 ,187.80 
2019-03-18,,,1619.83 ,188.70 
2019-03-19,,,1658.28 ,184.70 
2019-03-20,,,1673.92 ,176.30 
2019-03-21,,,1685.05 ,179.70 
2019-03-22,,,1685.49 ,163.30 
2019-03-23,,,1709.31 ,190.90 
2019-03-24,,,1716.49 ,178.60 
2019-03-25,,,1749.75 ,188.10 
2019-03-26,,,1777.43 ,195.60 
2019-03-27,,,1778.81 ,169.20 
2019-03-28,,,1773.96 ,183.60 
2019-03-29,,,1760.35 ,162.20 
2019-03-30,,,1761.11 ,195.00 
2019-03-31,,,1775.01 ,189.60 
2019-04-01,,,1766.91 ,185.50 
2019-04-02,,,1763.38 ,182.60 
2019-04-03,,,1745.47 ,173.90 
2019-04-04,,,1743.96 ,190.00 
2019-04-05,,,1739.15 ,187.30 
2019-04-06,,,1746.08 ,179.90 
2019-04-07,,,1758.81 ,187.90 
2019-04-08,,,1742.44 ,181.10 
2019-04-09,,,1753.37 ,183.00 
2019-04-10,,,1735.16 ,164.30 
2019-04-11,,,1720.40 ,176.70 
2019-04-12,,,1712.20 ,174.40 
2019-04-13,,,1723.62 ,180.20 
2019-04-14,,,1734.12 ,180.00 
2019-04-15,,,1732.11 ,187.00 
2019-04-16,,,1729.33 ,176.80 
2019-04-17,,,1720.21 ,174.30 
2019-04-18,,,1714.06 ,164.00 
2019-04-19,,,1720.71 ,165.40 
2019-04-20,,,1722.64 ,160.60 
2019-04-21,,,1722.23 ,185.20 
2019-04-22,,,1715.18 ,172.70 
2019-04-23,,,1736.34 ,176.70 
2019-04-24,,,1734.75 ,166.00 
2019-04-25,,,1749.53 ,164.40 
2019-04-26,,,1809.17 ,159.20 
2019-04-27,,,1793.31 ,173.40 
2019-04-28,,,1798.69 ,165.00 
2019-04-29,,,1792.37 ,175.10 
2019-04-30,,,1782.51 ,181.90 
2019-05-01,,,1773.08 ,176.80 
2019-05-02,,,1777.84 ,190.20 
2019-05-03,,,1765.78 ,187.90 
2019-05-04,,,1771.09 ,197.10 
2019-05-05,,,1773.28 ,189.00 
2019-05-06,,,1804.59 ,193.90 
2019-05-07,,,1832.90 ,201.40 
2019-05-08,,,1834.19 ,185.70 
2019-05-09,,,1844.54 ,197.30 
2019-05-10,,,1832.90 ,166.80 
2019-05-11,,,1828.30 ,194.50 
2019-05-12,,,1832.09 ,199.90 
2019-05-13,,,1836.76 ,191.20 
2019-05-14,,,1833.81 ,185.80 
2019-05-15,,,1827.96 ,192.30 
2019-05-16,,,1829.26 ,164.90 
2019-05-17,210.00 ,,1835.42 ,185.90 
2019-05-18,,,1828.01 ,198.80 
2019-05-19,,,1814.37 ,195.30 
2019-05-20,830.00 ,,1809.48 ,177.80 
2019-05-21,830.00 ,,1853.59 ,193.30 
2019-05-22,830.00 ,,1648.70 ,197.60 
2019-05-23,70.00 ,,1847.28 ,188.70 
2019-05-24,60.00 ,,1860.21 ,193.70 
2019-05-25,,,1873.79 ,182.60 
2019-05-26,,,1860.78 ,188.80 
2019-05-27,60.00 ,,1861.75 ,190.80 
2019-05-28,60.00 ,,1883.96 ,188.50 
2019-05-29,60.00 ,,1673.20 ,187.80 
2019-05-30,60.00 ,,1896.19 ,182.70 
2019-05-31,60.00 ,,1884.05 ,173.70 
2019-06-01,,,1884.61 ,189.50 
2019-06-02,,,1876.90 ,186.00 
2019-06-03,60.00 ,,1852.32 ,176.60 
2019-06-04,60.00 ,,1845.42 ,177.60 
2019-06-05,60.00 ,,1830.96 ,163.40 
2019-06-06,60.00 ,,1819.42 ,174.40 
2019-06-07,,,1815.33 ,176.80 
2019-06-08,,,1836.85 ,177.20 
2019-06-09,,,1802.68 ,175.40 
2019-06-10,60.00 ,,1799.69 ,193.90 
2019-06-11,60.00 ,,1806.72 ,171.40 
2019-06-12,60.00 ,,1801.97 ,178.50 
2019-06-13,60.00 ,,1791.66 ,180.40 
2019-06-14,60.00 ,,1790.99 ,166.20 
2019-06-15,,,1796.03 ,176.20 
2019-06-16,,,1788.59 ,168.10 
2019-06-17,30.00 ,,1764.89 ,165.60 
2019-06-18,30.00 ,,1763.39 ,178.90 
2019-06-19,30.00 ,,1760.47 ,187.10 
2019-06-20,30.00 ,,1738.66 ,178.30 
2019-06-21,30.00 ,,1716.91 ,166.10 
2019-06-22,,,1702.38 ,166.30 
2019-06-23,,,1704.96 ,175.60 
2019-06-24,30.00 ,,1698.77 ,190.90 
2019-06-25,30.00 ,,1717.86 ,195.90 
2019-06-26,30.00 ,,1746.94 ,189.40 
2019-06-27,30.00 ,,1736.96 ,172.50 
2019-06-28,30.00 ,,1717.20 ,174.10 
2019-06-29,,,1701.00 ,189.60 
2019-06-30,,,1680.41 ,190.90 
2019-07-01,30.00 ,,1684.17 ,187.80 
2019-07-02,30.00 ,,1699.62 ,183.40 
2019-07-03,30.00 ,,1697.11 ,162.00 
2019-07-04,30.00 ,,1708.18 ,176.40 
2019-07-05,30.00 ,,1700.35 ,165.40 
2019-07-06,,,1681.46 ,170.00 
2019-07-07,,,1698.99 ,170.70 
2019-07-08,30.00 ,,1698.31 ,196.50 
2019-07-09,30.00 ,,1750.44 ,203.40 
2019-07-10,30.00 ,,1759.35 ,191.80 
2019-07-11,30.00 ,,1758.89 ,179.10 
2019-07-12,30.00 ,,1753.42 ,193.70 
2019-07-13,,,1764.78 ,181.20 
2019-07-14,,,1777.20 ,203.50 
2019-07-15,200.00 ,400.00 ,1785.90 ,193.50 
2019-07-16,200.00 ,400.00 ,1801.56 ,198.90 
2019-07-17,200.00 ,400.00 ,1825.79 ,166.50 
2019-07-18,30.00 ,0.00 ,1834.00 ,166.10 
2019-07-19,30.00 ,,1836.17 ,181.30 
2019-07-20,,,1846.38 ,182.60 
2019-07-21,,,1860.10 ,192.90 
2019-07-22,30.00 ,,1875.57 ,198.30 
2019-07-23,30.00 ,,1915.32 ,179.90 
2019-07-24,30.00 ,,1932.29 ,158.50 
2019-07-25,30.00 ,,1933.62 ,183.80 
2019-07-26,30.00 ,,1908.17 ,172.90 
2019-07-27,,,1899.43 ,177.00 
2019-07-28,,,1910.81 ,181.60 
2019-07-29,30.00 ,,1908.02 ,180.30 
2019-07-30,30.00 ,,1907.12 ,178.80 
2019-07-31,30.00 ,,1903.74 ,179.40 
2019-08-01,30.00 ,,1905.08 ,185.70 
2019-08-02,30.00 ,,1922.44 ,185.80 
2019-08-03,,,1930.14 ,170.70 
2019-08-04,,,1939.73 ,193.60 
2019-08-05,30.00 ,,1940.17 ,181.10 
2019-08-06,30.00 ,,1936.54 ,146.60 
2019-08-07,30.00 ,,1941.68 ,149.40 
2019-08-08,30.00 ,,1929.46 ,139.90 
2019-08-09,30.00 ,,1937.40 ,140.30 
2019-08-10,,,1959.31 ,191.40 
2019-08-11,,,1940.54 ,160.70 
2019-08-12,30.00 ,,1989.94 ,145.00 
2019-08-13,30.00 ,,2070.35 ,97.00 
2019-08-14,30.00 ,,2099.91 ,111.10 
2019-08-15,30.00 ,,2101.04 ,175.80 
2019-08-16,30.00 ,,2063.13 ,155.80 
2019-08-17,,,2040.66 ,155.80 
2019-08-18,,,1931.05 ,171.60 
2019-08-19,30.00 ,,1998.95 ,188.00 
2019-08-20,30.00 ,,1999.00 ,186.40 
2019-08-21,30.00 ,,2000.73 ,167.40 
2019-08-22,30.00 ,,2000.41 ,182.70 
2019-08-23,30.00 ,,2003.38 ,187.70 
2019-08-24,,,1997.69 ,185.40 
2019-08-25,,,2006.01 ,180.20 
2019-08-26,30.00 ,,1996.99 ,185.40 
2019-08-27,30.00 ,,1996.77 ,180.70 
2019-08-28,30.00 ,,2001.50 ,179.80 
2019-08-29,30.00 ,,1761.50 ,173.70 
2019-08-30,30.00 ,,1957.80 ,175.40 
2019-08-31,,,1913.63 ,176.10 
2019-09-01,,,1892.04 ,194.70 
2019-09-02,30.00 ,,1892.49 ,188.70 
2019-09-03,30.00 ,,1912.43 ,174.00 
2019-09-04,30.00 ,,1919.13 ,183.80 
2019-09-05,30.00 ,,1923.24 ,189.90 
2019-09-06,30.00 ,,1903.32 ,168.90 
2019-09-07,,,1879.88 ,170.20 
2019-09-08,,,1885.31 ,185.40 
2019-09-09,30.00 ,,1886.65 ,187.70 
2019-09-10,50.00 ,,1909.23 ,189.90 
2019-09-11,50.00 ,,1930.07 ,172.30 
2019-09-12,50.00 ,,1956.51 ,178.90 
2019-09-13,,,1939.73 ,170.60 
2019-09-14,,,1949.60 ,190.40 
2019-09-15,,,1952.98 ,148.20 
2019-09-16,200.00 ,,1944.90 ,151.30 
2019-09-17,350.00 ,,1955.10 ,171.80 
2019-09-18,350.00 ,,1931.62 ,158.50 
2019-09-19,350.00 ,,1955.09 ,161.10 
2019-09-20,20.00 ,,1968.19 ,177.40 
2019-09-21,,,1977.87 ,173.40 
2019-09-22,,,1971.40 ,159.90 
2019-09-23,20.00 ,,1981.49 ,176.10 
2019-09-24,20.00 ,,1904.38 ,167.20 
2019-09-25,20.00 ,,1975.35 ,177.90 
2019-09-26,20.00 ,,1973.24 ,170.90 
2019-09-27,20.00 ,,1968.07 ,175.50 
2019-09-28,,,1971.11 ,178.90 
2019-09-29,,,1954.86 ,171.00 
2019-09-30,20.00 ,,1870.81 ,177.70 
2019-10-01,,,1954.50 ,170.20 
2019-10-02,,,1945.26 ,172.50 
2019-10-03,,,1921.58 ,160.20 
2019-10-04,,,1921.15 ,173.00 
2019-10-05,,,1986.04 ,164.00 
2019-10-06,,,2036.71 ,175.20 
2019-10-07,,,2057.16 ,170.90 
2019-10-08,20.00 ,,2065.07 ,173.70 
2019-10-09,20.00 ,,2082.09 ,185.60 
2019-10-10,20.00 ,,2098.54 ,183.50 
2019-10-11,20.00 ,,2101.53 ,169.80 
2019-10-12,,,2127.20 ,181.10 
2019-10-13,,,2149.12 ,190.70 
2019-10-14,20.00 ,,2161.32 ,180.00 
2019-10-15,20.00 ,,2200.82 ,182.90 
2019-10-16,20.00 ,,2187.23 ,183.30 
2019-10-17,20.00 ,,2178.53 ,174.60 
2019-10-18,20.00 ,,2173.68 ,161.80 
2019-10-19,,,2178.35 ,192.50 
2019-10-20,,,2165.15 ,175.70 
2019-10-21,10.00 ,,2156.53 ,188.60 
2019-10-22,10.00 ,,2161.47 ,181.80 
2019-10-23,10.00 ,,2145.88 ,179.20 
2019-10-24,10.00 ,,2140.00 ,179.30 
2019-10-25,10.00 ,,2123.13 ,178.10 
2019-10-26,,,2137.16 ,183.40 
2019-10-27,,,2119.97 ,175.90 
2019-10-28,10.00 ,,2112.71 ,183.60 
2019-10-29,10.00 ,,2145.15 ,176.60 
2019-10-30,10.00 ,,2177.89 ,174.10 
2019-10-31,10.00 ,,2155.06 ,176.70 
2019-11-01,10.00 ,,2141.20 ,169.90 
2019-11-02,,,2131.30 ,174.80 
2019-11-03,,,2092.46 ,169.30 
2019-11-04,10.00 ,,2084.33 ,184.60 
2019-11-05,10.00 ,,2087.12 ,174.20 
2019-11-06,10.00 ,,2084.58 ,174.50 
2019-11-07,10.00 ,,2071.99 ,169.80 
2019-11-08,10.00 ,,2050.37 ,145.60 
2019-11-09,,,2056.91 ,176.70 
2019-11-10,,,2060.79 ,166.70 
2019-11-11,10.00 ,,2070.66 ,176.70 
2019-11-12,10.00 ,,2077.75 ,177.30 
2019-11-13,10.00 ,,1851.92 ,159.50 
2019-11-14,10.00 ,,2085.45 ,174.90 
2019-11-15,10.00 ,,2084.90 ,158.70 
2019-11-16,,,2006.17 ,179.40 
2019-11-17,,,2078.07 ,185.90 
2019-11-18,10.00 ,,2068.80 ,165.70 
2019-11-19,10.00 ,,2105.70 ,176.70 
2019-11-20,10.00 ,,2120.04 ,168.40 
2019-11-21,10.00 ,,2113.67 ,180.20 
2019-11-22,10.00 ,,2117.28 ,148.50 
2019-11-23,,,2089.70 ,174.50 
2019-11-24,,,2090.85 ,186.20 
2019-11-25,10.00 ,,2122.97 ,180.00 
2019-11-26,10.00 ,,2121.93 ,164.10 
2019-11-27,10.00 ,,2115.98 ,168.10 
2019-11-28,10.00 ,,2097.29 ,168.20 
2019-11-29,10.00 ,,2060.43 ,157.10 
2019-11-30,,,2031.22 ,149.20 
2019-12-01,,,2018.06 ,176.00 
2019-12-02,10.00 ,,1992.21 ,174.20 
2019-12-03,10.00 ,,2008.96 ,180.70 
2019-12-04,10.00 ,,1981.80 ,167.90 
2019-12-05,10.00 ,,1976.40 ,172.50 
2019-12-06,10.00 ,,1946.16 ,148.00 
2019-12-07,,,1938.26 ,175.00 
2019-12-08,,,1912.91 ,164.20 
2019-12-09,10.00 ,,1938.17 ,180.20 
2019-12-10,10.00 ,,1917.70 ,177.00 
2019-12-11,10.00 ,,1931.05 ,181.60 
2019-12-12,10.00 ,,1904.23 ,166.90 
2019-12-13,10.00 ,,1882.75 ,156.60 
2019-12-14,,,1879.77 ,176.80 
2019-12-15,,,1856.26 ,168.70 
2019-12-16,10.00 ,,1823.23 ,156.80 
2019-12-17,10.00 ,,1805.30 ,171.70 
2019-12-18,10.00 ,,1784.19 ,162.20 
2019-12-19,10.00 ,,1767.54 ,160.80 
2019-12-20,10.00 ,,1736.73 ,143.80 
2019-12-21,,,1701.67 ,157.20 
2019-12-22,,,1664.35 ,145.20 
2019-12-23,10.00 ,,1651.29 ,161.90 
2019-12-24,10.00 ,,1636.09 ,159.30 
2019-12-25,10.00 ,,1627.05 ,176.00 
2019-12-26,10.00 ,,1600.58 ,181.20 
2019-12-27,10.00 ,,1568.65 ,150.30 
2019-12-28,,,1542.56 ,155.00 
2019-12-29,,,1527.72 ,159.10 
2019-12-30,10.00 ,,1529.32 ,180.30 
2019-12-31,10.00 ,,1528.74 ,168.90 
2020-01-01,,,1556.26 ,148.60 
2020-01-02,10.00 ,,1563.60 ,158.20 
2020-01-03,10.00 ,,1549.22 ,150.30 
2020-01-04,,,1499.09 ,161.50 
2020-01-05,,,1485.53 ,165.60 
2020-01-06,10.00 ,,1448.43 ,151.10 
2020-01-07,10.00 ,,1426.64 ,156.40 
2020-01-08,10.00 ,,1428.98 ,159.80 
2020-01-09,10.00 ,,1411.41 ,143.50 
2020-01-10,10.00 ,,1388.16 ,138.50 
2020-01-11,,,1379.94 ,154.60 
2020-01-12,,,1378.52 ,164.40 
2020-01-13,10.00 ,,1377.32 ,166.50 
2020-01-14,10.00 ,,1360.70 ,166.90 
2020-01-15,10.00 ,1300.00 ,1359.49 ,161.70 
2020-01-16,340.00 ,3300.00 ,1364.15 ,161.20 
2020-01-17,340.00 ,3300.00 ,1361.47 ,156.50 
2020-01-18,,,1359.54 ,159.00 
2020-01-19,,,1366.90 ,180.70 
2020-01-20,340.00 ,3300.00 ,1365.04 ,153.20 
2020-01-21,0.00 ,0.00 ,1358.56 ,169.50 
2020-01-22,,,1355.33 ,146.20 
2020-01-23,,,1370.33 ,154.00 
2020-01-24,,,1368.68 ,150.40 
2020-01-25,,,1364.97 ,141.50 
2020-01-26,,,1353.80 ,149.10 
2020-01-27,,,1337.11 ,121.10 
2020-01-28,,,1331.15 ,141.90 
2020-01-29,,,1313.42 ,126.00 
2020-01-30,,,1316.12 ,132.60 
2020-01-31,,,1342.47 ,117.30 
2020-02-01,,,1369.59 ,130.60 
2020-02-02,,,1344.30 ,105.60 
2020-02-03,,,1311.97 ,110.20 
2020-02-04,,,1296.39 ,116.70 
2020-02-05,,,1274.10 ,97.90 
2020-02-06,,,1254.00 ,113.30 
2020-02-07,,,1213.41 ,94.20 
2020-02-08,,,1202.34 ,114.30 
2020-02-09,,,1190.20 ,108.30 
2020-02-10,,,1195.99 ,114.30 
2020-02-11,,,1183.25 ,107.10 
2020-02-12,,,1195.19 ,113.90 
2020-02-13,,,1185.34 ,122.10 
2020-02-14,,,1167.85 ,104.00 
2020-02-15,,,1198.49 ,109.50 
2020-02-16,,,1229.25 ,122.90 
2020-02-17,,,1262.95 ,129.70 
2020-02-18,,,1115.86 ,125.30 
2020-02-19,,,1260.91 ,105.10 
2020-02-20,,,1278.44 ,126.10 
2020-02-21,,,1312.37 ,121.50 
2020-02-22,,,1349.45 ,117.90 
2020-02-23,,,1336.99 ,124.40 
2020-02-24,,,1330.28 ,130.60 
2020-02-25,,,1319.80 ,120.40 
2020-02-26,,,1327.59 ,119.70 
2020-02-27,,,1294.98 ,135.50 
2020-02-28,,,1264.16 ,105.90 
2020-02-29,,,1277.48 ,127.20 
2020-03-01,,,1308.19 ,133.80 
2020-03-02,,,1304.35 ,132.10 
2020-03-03,,,1296.92 ,126.70 
2020-03-04,,,1286.03 ,119.90 
2020-03-05,,,1308.53 ,148.30 
2020-03-06,,,1322.08 ,130.20 
2020-03-07,,,1351.00 ,145.10 
2020-03-08,,,1383.56 ,155.80 
2020-03-09,,,1467.98 ,161.10 
2020-03-10,,,1510.67 ,142.60 
2020-03-11,,,1494.68 ,141.30 
2020-03-12,,,1494.67 ,148.90 
2020-03-13,,,1469.68 ,132.00 
2020-03-14,,,1478.25 ,160.90 
2020-03-15,,,1483.07 ,161.00 
2020-03-16,,,1517.32 ,164.20 
2020-03-17,,,1549.97 ,159.20 
2020-03-18,,,1595.69 ,155.90 
2020-03-19,,,1631.33 ,164.40 
2020-03-20,,,1657.87 ,158.90 
2020-03-21,,,1690.62 ,162.80 
2020-03-22,,,1711.65 ,171.20 
2020-03-23,,,1746.63 ,160.30 
2020-03-24,,,1771.03 ,159.50 
2020-03-25,,,1795.48 ,146.40 
2020-03-26,,,1814.21 ,175.40 
2020-03-27,,,1808.60 ,133.60 
2020-03-28,,,1835.39 ,156.80 
2020-03-29,,,1864.03 ,156.00 
2020-03-30,,,1913.55 ,184.10 
2020-03-31,,,1928.38 ,167.08 
2020-04-01,,,1954.04 ,155.30 
2020-04-02,,,1985.56 ,143.80 
2020-04-03,,,2040.51 ,154.50 
2020-04-04,,,2066.55 ,157.10 
2020-04-05,,,2089.84 ,150.08 
2020-04-06,,,2113.86 ,140.10 
2020-04-07,,,2138.41 ,164.90 
2020-04-08,,,2139.85 ,132.50 
2020-04-09,,,2173.67 ,153.20 
2020-04-10,,,2187.00 ,141.20 
2020-04-11,,,2222.46 ,164.20 
2020-04-12,,,2239.37 ,152.60 
2020-04-13,,,2252.02 ,147.60 
2020-04-14,,,2259.94 ,147.10 
2020-04-15,,,2261.56 ,133.50 
2020-04-16,,,2270.76 ,146.20 
2020-04-17,,,2288.44 ,131.40 
2020-04-18,,,2266.15 ,137.10 
2020-04-19,,,2250.74 ,140.10 
2020-04-20,,,2239.30 ,146.60 
2020-04-21,,,2234.87 ,135.80 
2020-04-22,,,2239.18 ,125.20 
2020-04-23,,,2286.50 ,138.20 
2020-04-24,,,2257.20 ,127.10 
2020-04-25,,,2232.81 ,147.70 
2020-04-26,,,2225.31 ,132.60 
2020-04-27,,,2166.00 ,145.30 
2020-04-28,,,2131.70 ,150.40 
2020-04-29,,,2093.10 ,145.60 
2020-04-30,,,2049.80 ,145.20 
2020-05-01,,,1983.92 ,154.10 
2020-05-02,,,1940.50 ,148.00 
2020-05-03,,,1875.31 ,136.80 
2020-05-04,,,1846.72 ,150.80 
2020-05-05,,,1870.03 ,159.70 
2020-05-06,,,1861.85 ,155.80 
2020-05-07,,,1844.56 ,149.80 
2020-05-08,,,1835.14 ,145.70 
2020-05-09,,,1836.78 ,159.40 
2020-05-10,,,1853.27 ,162.90 
2020-05-11,,,1821.91 ,163.10 
2020-05-12,,,1804.39 ,158.50 
2020-05-13,,,1807.97 ,165.90 
2020-05-14,,,1791.79 ,152.10 
2020-05-15,,,1755.35 ,147.40 
2020-05-16,,,1710.17 ,148.70 
2020-05-17,,,1705.63 ,161.90 
2020-05-18,,500.00 ,1656.01 ,169.80 
2020-05-19,120.00 ,1400.00 ,1646.51 ,175.60 
2020-05-20,160.00 ,1900.00 ,1637.80 ,146.30 
2020-05-21,160.00 ,1900.00 ,1602.76 ,151.40 
2020-05-22,160.00 ,1900.00 ,1596.30 ,154.60 
2020-05-23,,,1608.45 ,176.90 
2020-05-24,,,1591.41 ,164.00 
2020-05-25,0.00 ,0.00 ,1574.62 ,183.30 
2020-05-26,,,1556.42 ,179.30 
2020-05-27,,,1540.11 ,160.80 
2020-05-28,,,1520.29 ,171.80 
2020-05-29,,,1469.56 ,156.30 
2020-05-30,,,1445.72 ,175.40 
2020-05-31,,,1418.64 ,189.70 
2020-06-01,,,1437.22 ,195.80 
2020-06-02,,,1458.10 ,207.20 
2020-06-03,,,1460.48 ,190.40 
2020-06-04,,,1468.21 ,191.70 
2020-06-05,,,1465.92 ,189.00 
2020-06-06,,,1497.43 ,204.80 
2020-06-07,,,1525.97 ,214.70 
2020-06-08,,,1533.13 ,210.00 
2020-06-09,,,1554.78 ,187.80 
2020-06-10,,,1591.08 ,203.30 
2020-06-11,,,1588.03 ,202.60 
2020-06-12,,,1592.63 ,198.50 
2020-06-13,,,1594.81 ,208.00 
2020-06-14,,,1605.52 ,227.20 
2020-06-15,,,1622.47 ,218.50 
2020-06-16,,,1621.25 ,209.60 
2020-06-17,,,1620.40 ,206.80 
2020-06-18,,,1603.56 ,199.00 
2020-06-19,,,1597.90 ,206.70 
2020-06-20,,,1599.51 ,174.30 
2020-06-21,,,1614.37 ,216.00 
2020-06-22,,,1644.01 ,216.70 
2020-06-23,,,1659.83 ,213.30 
2020-06-24,,,1682.10 ,205.10 
2020-06-25,,,1667.28 ,188.50 
2020-06-26,,,1655.14 ,212.60 
2020-06-27,,,1653.58 ,219.40 
2020-06-28,,,1656.03 ,211.20 
2020-06-29,,,1680.17 ,218.00 
2020-06-30,,,1688.68 ,214.40 
2020-07-01,,,1691.11 ,181.20 
2020-07-02,,,1680.36 ,184.20 
2020-07-03,,,1706.77 ,203.40 
2020-07-04,,,1688.44 ,207.10 
2020-07-05,,,1689.26 ,196.70 
2020-07-06,,,1681.49 ,198.20 
2020-07-07,,,1691.70 ,180.20 
2020-07-08,,,1680.55 ,197.90 
2020-07-09,,,1681.76 ,216.70 
2020-07-10,,,1692.32 ,206.30 
2020-07-11,,,1665.36 ,188.50 
2020-07-12,,,1677.99 ,218.30 
2020-07-13,,,1697.95 ,191.60 
2020-07-14,,,1740.84 ,209.30 
2020-07-15,,,1737.09 ,184.00 
2020-07-16,,,1736.18 ,189.30 
2020-07-17,,,1762.18 ,198.90 
2020-07-18,,,1770.49 ,193.70 
2020-07-19,,,1766.72 ,187.70 
2020-07-20,,,1772.06 ,208.50 
2020-07-21,,,1790.99 ,209.80 
2020-07-22,,,1790.33 ,184.70 
2020-07-23,,,1787.52 ,183.00 
2020-07-24,,,1807.91 ,195.80 
2020-07-25,,,1830.15 ,202.60 
2020-07-26,,,1851.88 ,199.30 
2020-07-27,,,1863.41 ,196.80 
2020-07-28,,,1881.94 ,200.10 
2020-07-29,,,1891.20 ,189.10 
2020-07-30,,,1879.21 ,185.60 
2020-07-31,,,1861.70 ,197.30 
2020-08-01,,,1879.64 ,197.10 
2020-08-02,,,1882.36 ,208.30 
2020-08-03,,,1885.50 ,196.50 
2020-08-04,,,1897.90 ,171.40 
2020-08-05,,,1943.53 ,197.20 
2020-08-06,,,1954.61 ,197.70 
2020-08-07,,,1950.48 ,199.60 
2020-08-08,,,1959.01 ,186.90 
2020-08-09,,,1967.93 ,210.40 
2020-08-10,,,1992.29 ,192.10 
2020-08-11,,,2005.37 ,185.90 
2020-08-12,,,1996.52 ,187.50 
2020-08-13,,,2009.04 ,191.00 
2020-08-14,,,2022.72 ,183.90 
2020-08-15,,,2015.77 ,182.40 
2020-08-16,,,2022.43 ,199.60 
2020-08-17,,,2035.93 ,204.40 
2020-08-18,,,2015.34 ,183.60 
2020-08-19,,,1954.89 ,121.70 
2020-08-20,,,1892.75 ,123.90 
2020-08-21,,,1948.30 ,198.30 
2020-08-22,,,1948.00 ,204.30 
2020-08-23,,,1901.23 ,201.30 
2020-08-24,,,1925.79 ,194.00 
2020-08-25,,,1916.55 ,134.60 
2020-08-26,,,1866.13 ,141.60 
2020-08-27,,,1814.80 ,155.00 
2020-08-28,,,1817.43 ,174.80 
2020-08-29,,,1829.83 ,196.40 
2020-08-30,,,1821.85 ,191.20 
2020-08-31,,,1822.91 ,184.60 
2020-09-01,,100.00 ,1794.60 ,175.40 
2020-09-02,,100.00 ,1797.39 ,177.10 
2020-09-03,,100.00 ,1776.23 ,161.60 
2020-09-04,,0.00 ,1778.89 ,180.90 
2020-09-05,,,1755.79 ,166.70 
2020-09-06,,,1762.86 ,187.20 
2020-09-07,,,1756.07 ,199.80 
2020-09-08,30.00 ,,1745.74 ,188.20 
2020-09-09,30.00 ,,1744.62 ,176.00 
2020-09-10,30.00 ,,1718.14 ,172.70 
2020-09-11,80.00 ,,1728.40 ,185.60 
2020-09-12,,,1694.72 ,177.40 
2020-09-13,,,1694.21 ,183.30 
2020-09-14,100.00 ,500.00 ,1693.74 ,189.90 
2020-09-15,480.00 ,500.00 ,1691.62 ,187.50 
2020-09-16,450.00 ,500.00 ,1719.43 ,164.00 
2020-09-17,450.00 ,500.00 ,1703.15 ,167.20 
2020-09-18,400.00 ,0.00 ,1716.00 ,188.40 
2020-09-19,,,1717.37 ,177.10 
2020-09-20,,,1710.67 ,180.30 
2020-09-21,400.00 ,,1690.19 ,183.80 
2020-09-22,280.00 ,,1687.50 ,175.50 
2020-09-23,280.00 ,,1678.55 ,170.80 
2020-09-24,180.00 ,,1669.95 ,177.60 
2020-09-25,20.00 ,,1696.89 ,187.00 
2020-09-26,,,1691.01 ,185.30 
2020-09-27,,,1671.40 ,176.90 
2020-09-28,20.00 ,,1671.54 ,179.80 
2020-09-29,20.00 ,,1645.30 ,184.30 
2020-09-30,0.00 ,,1633.30 ,163.40 
2020-10-01,,,1644.54 ,170.80 
2020-10-02,,,1641.17 ,192.40 
2020-10-03,,,1645.40 ,179.40 
2020-10-04,,,1617.21 ,185.40 
2020-10-05,,,1635.56 ,178.70 
2020-10-06,,,1689.41 ,199.90 
2020-10-07,,,1671.02 ,174.00 
2020-10-08,,,1637.69 ,158.40 
2020-10-09,,,1628.17 ,169.30 
2020-10-10,,,1634.44 ,171.90 
2020-10-11,,,1613.97 ,166.30 
2020-10-12,,,1617.20 ,182.60 
2020-10-13,,,1625.17 ,181.80 
2020-10-14,,,1620.83 ,175.50 
2020-10-15,,,1654.17 ,184.70 
2020-10-16,,,1638.84 ,172.20 
2020-10-17,,,1608.81 ,161.60 
2020-10-18,,,1596.97 ,178.60 
2020-10-19,,,1582.11 ,181.90 
2020-10-20,,,1606.23 ,190.50 
2020-10-21,,,1583.57 ,167.50 
2020-10-22,20.00 ,,1560.23 ,172.30 
2020-10-23,20.00 ,,1569.20 ,172.20 
2020-10-24,,,1583.51 ,181.80 
2020-10-25,,,1561.96 ,177.10 
2020-10-26,20.00 ,,1533.44 ,175.10 
2020-10-27,20.00 ,,1532.85 ,185.50 
2020-10-28,20.00 ,,1492.12 ,168.60 
2020-10-29,20.00 ,,1498.15 ,182.10 
2020-10-30,20.00 ,,1494.71 ,197.40 
2020-10-31,,,1530.76 ,188.30 
2020-11-01,,,1538.87 ,173.50 
2020-11-02,20.00 ,,1538.77 ,196.40 
2020-11-03,20.00 ,,1562.51 ,197.10 
2020-11-04,20.00 ,,1578.40 ,179.50 
2020-11-05,20.00 ,,1573.29 ,181.50 
2020-11-06,20.00 ,,1574.13 ,186.30 
2020-11-07,,,1567.63 ,185.40 
2020-11-08,,,1565.70 ,198.10 
2020-11-09,20.00 ,,1594.82 ,212.50 
2020-11-10,20.00 ,,1621.23 ,211.20 
2020-11-11,20.00 ,,1617.60 ,204.40 
2020-11-12,20.00 ,,1609.17 ,167.00 
2020-11-13,20.00 ,,1627.38 ,193.90 
2020-11-14,,,1643.93 ,195.90 
2020-11-15,,,1638.17 ,201.10 
2020-11-16,20.00 ,,1657.28 ,209.30 
2020-11-17,20.00 ,,1671.30 ,207.10 
2020-11-18,20.00 ,,1672.03 ,196.90 
2020-11-19,20.00 ,,1682.24 ,170.40 
2020-11-20,20.00 ,,1722.96 ,186.20 
2020-11-21,,,1731.83 ,196.10 
2020-11-22,,,1704.93 ,199.20 
2020-11-23,20.00 ,,1713.22 ,210.70 
2020-11-24,20.00 ,,1696.00 ,199.00 
2020-11-25,20.00 ,,1685.36 ,191.50 
2020-11-26,20.00 ,,1669.17 ,163.40 
2020-11-27,20.00 ,,1641.08 ,191.30 
2020-11-28,,,1648.98 ,196.30 
2020-11-29,,,1639.70 ,195.90 
2020-11-30,20.00 ,,1624.13 ,200.10 
2020-12-01,20.00 ,,1625.62 ,193.80 
2020-12-02,20.00 ,,1592.61 ,181.70 
2020-12-03,20.00 ,,1572.48 ,168.00 
2020-12-04,20.00 ,,1550.49 ,187.60 
2020-12-05,,,1537.39 ,195.90 
2020-12-06,,,1516.67 ,199.40 
2020-12-07,20.00 ,,1496.18 ,193.20 
2020-12-08,20.00 ,,1488.64 ,181.30 
2020-12-09,20.00 ,,1468.68 ,181.70 
2020-12-10,20.00 ,,1467.12 ,186.50 
2020-12-11,20.00 ,,1414.00 ,162.00 
2020-12-12,,,1412.29 ,185.40 
2020-12-13,,,1431.99 ,193.30 
2020-12-14,70.00 ,,1424.70 ,183.40 
2020-12-15,80.00 ,,1410.99 ,178.50 
2020-12-16,80.00 ,,1409.92 ,181.60 
2020-12-17,80.00 ,,1396.31 ,165.90 
2020-12-18,80.00 ,,1368.80 ,184.30 
2020-12-19,,,1373.20 ,196.30 
2020-12-20,,,1363.92 ,196.90 
2020-12-21,80.00 ,,1360.65 ,204.40 
2020-12-22,80.00 ,,1350.97 ,207.80 
2020-12-23,80.00 ,,1361.83 ,193.50 
2020-12-24,80.00 ,,1336.64 ,178.80 
2020-12-25,80.00 ,,1307.44 ,181.50 
2020-12-26,,,1327.29 ,201.30 
2020-12-27,,,1328.28 ,204.30 
2020-12-28,80.00 ,,1338.26 ,209.80 
2020-12-29,80.00 ,,1376.23 ,210.80 
2020-12-30,80.00 ,,1392.83 ,136.90 
2020-12-31,80.00 ,,1420.55 ,154.60 
2021-01-01,,,1487.60 ,189.50 
2021-01-02,,,1446.93 ,153.90 
2021-01-03,,,1415.74 ,182.70 
2021-01-04,80.00 ,,1412.65 ,202.40 
2021-01-05,160.00 ,200.00 ,1392.10 ,194.20 
2021-01-06,160.00 ,200.00 ,1354.17 ,174.40 
2021-01-07,160.00 ,400.00 ,1346.75 ,174.90 
2021-01-08,190.00 ,200.00 ,1408.09 ,152.40 
2021-01-09,,,1441.30 ,185.90 
2021-01-10,,,1438.31 ,183.50 
2021-01-11,190.00 ,200.00 ,1437.95 ,200.50 
2021-01-12,270.00 ,400.00 ,1436.52 ,196.40 
2021-01-13,480.00 ,400.00 ,1430.34 ,201.10 
2021-01-14,530.00 ,1200.00 ,1403.01 ,200.10 
2021-01-15,720.00 ,1300.00 ,1381.29 ,203.40 
2021-01-16,,,1376.33 ,197.70 
2021-01-17,,,1361.69 ,215.10 
2021-01-18,610.00 ,1100.00 ,1347.85 ,199.80 
2021-01-19,490.00 ,300.00 ,1354.81 ,210.50 
2021-01-20,490.00 ,300.00 ,1359.25 ,172.10 
2021-01-21,220.00 ,0.00 ,1332.29 ,192.90 
2021-01-22,220.00 ,,1329.40 ,201.00 
2021-01-23,,,1367.83 ,204.90 
2021-01-24,,,1346.52 ,208.30 
2021-01-25,220.00 ,,1330.92 ,204.70 
2021-01-26,220.00 ,,1322.99 ,207.50 
2021-01-27,220.00 ,,1354.88 ,180.10 
2021-01-28,220.00 ,,1332.08 ,202.00 
2021-01-29,220.00 ,,1333.49 ,199.30 
2021-01-30,,,1334.16 ,204.60 
2021-01-31,,,1323.59 ,201.00 
2021-02-01,220.00 ,200.00 ,1305.61 ,200.50 
2021-02-02,220.00 ,200.00 ,1294.91 ,191.90 
2021-02-03,270.00 ,300.00 ,1320.61 ,191.70 
2021-02-04,110.00 ,100.00 ,1326.81 ,211.50 
2021-02-05,110.00 ,100.00 ,1334.20 ,196.70 
2021-02-06,,,1333.95 ,197.90 
2021-02-07,,,1334.11 ,210.20 
2021-02-08,40.00 ,100.00 ,1378.26 ,200.90 
2021-02-09,20.00 ,0.00 ,1381.30 ,198.20 
2021-02-10,40.00 ,,1390.53 ,191.80 
2021-02-11,,,1428.95 ,199.90 
2021-02-12,,,1465.08 ,210.60 
2021-02-13,,,1494.90 ,204.70 
2021-02-14,,,1532.88 ,198.40 
2021-02-15,,,1563.53 ,199.60 
2021-02-16,,,1620.68 ,189.20 
2021-02-17,,,1633.20 ,207.30 
2021-02-18,40.00 ,,1729.10 ,193.40 
2021-02-19,130.00 ,,1737.06 ,192.10 
2021-02-20,,,1735.68 ,173.60 
2021-02-21,,,1754.87 ,188.10 
2021-02-22,160.00 ,,1800.21 ,194.50 
2021-02-23,160.00 ,,1875.76 ,201.60 
2021-02-24,160.00 ,,1927.36 ,205.10 
2021-02-25,160.00 ,,1952.48 ,208.00 
2021-02-26,160.00 ,,1929.26 ,190.40 
2021-02-27,,,1918.71 ,185.00 
2021-02-28,,,1937.78 ,194.90 
2021-03-01,160.00 ,100.00 ,1978.79 ,205.20 
2021-03-02,150.00 ,100.00 ,2050.42 ,168.20 
2021-03-03,130.00 ,100.00 ,2030.47 ,192.20 
2021-03-04,120.00 ,0.00 ,2012.20 ,183.80 
2021-03-05,120.00 ,,1986.18 ,184.10 
2021-03-06,,,2004.66 ,178.70 
2021-03-07,,,2109.42 ,207.00 
2021-03-08,120.00 ,,2130.62 ,202.30 
2021-03-09,120.00 ,600.00 ,2122.96 ,207.20 
2021-03-10,130.00 ,600.00 ,2115.76 ,186.90 
2021-03-11,130.00 ,600.00 ,2097.81 ,186.10 
2021-03-12,80.00 ,400.00 ,2096.85 ,201.10 
2021-03-13,,,2092.65 ,183.50 
2021-03-14,,,2065.95 ,196.80 
2021-03-15,70.00 ,300.00 ,2052.66 ,204.00 
2021-03-16,70.00 ,300.00 ,2068.69 ,196.60 
2021-03-17,70.00 ,300.00 ,2047.97 ,170.30 
2021-03-18,10.00 ,0.00 ,2043.14 ,184.30 
2021-03-19,10.00 ,,2045.30 ,201.80 
2021-03-20,,,2022.73 ,170.90 
2021-03-21,,,2004.90 ,188.00 
2021-03-22,0.00 ,,2026.03 ,203.10 
2021-03-23,,,2032.10 ,211.60 
2021-03-24,,,2014.58 ,176.50 
2021-03-25,,,2014.43 ,197.50 
2021-03-26,,,2001.78 ,211.70 
2021-03-27,,,1961.59 ,175.40 
2021-03-28,,,1967.24 ,182.80 
2021-03-29,,,1991.61 ,205.40 
2021-03-30,,,1987.49 ,194.30 
2021-03-31,,,1954.20 ,182.90 
2021-04-01,,,1933.63 ,190.70 
2021-04-02,,,1916.95 ,207.80 
2021-04-03,,,1904.85 ,184.20 
2021-04-04,,,1907.19 ,195.50 
2021-04-05,,,1938.50 ,221.50 
2021-04-06,10.00 ,,1952.98 ,203.90 
2021-04-07,10.00 ,,1924.99 ,169.10 
2021-04-08,10.00 ,,1897.10 ,178.30 
2021-04-09,10.00 ,,1886.74 ,174.70 
2021-04-10,,,1861.83 ,168.60 
2021-04-11,,,1838.70 ,169.10 
2021-04-12,10.00 ,200.00 ,1848.40 ,182.90 
2021-04-13,40.00 ,600.00 ,1878.24 ,186.50 
2021-04-14,40.00 ,600.00 ,1860.90 ,170.00 
2021-04-15,40.00 ,400.00 ,1842.20 ,185.10 
2021-04-16,40.00 ,300.00 ,1840.15 ,177.60 
2021-04-17,,,1859.89 ,179.40 
2021-04-18,,,1844.99 ,181.30 
2021-04-19,40.00 ,200.00 ,1859.08 ,203.30 
2021-04-20,40.00 ,200.00 ,1837.80 ,189.90 
2021-04-21,40.00 ,0.00 ,1823.83 ,175.60 
2021-04-22,40.00 ,,1810.60 ,187.60 
2021-04-23,40.00 ,,1792.47 ,184.00 
2021-04-24,,,1792.38 ,177.40 
2021-04-25,,,1857.34 ,189.50 
2021-04-26,40.00 ,,1870.87 ,199.40 
2021-04-27,40.00 ,,1852.62 ,189.10 
2021-04-28,40.00 ,,1843.36 ,181.70 
2021-04-29,40.00 ,,1845.32 ,177.40 
2021-04-30,40.00 ,,1860.38 ,202.50 
2021-05-01,,,1845.47 ,170.40 
2021-05-02,,,1842.63 ,195.80 
2021-05-03,,,1855.52 ,220.10 
2021-05-04,,,1874.61 ,217.60 
2021-05-05,,,1878.22 ,206.60 
2021-05-06,40.00 ,300.00 ,1893.82 ,206.50 
2021-05-07,70.00 ,400.00 ,1931.06 ,210.50 
2021-05-08,,,1974.92 ,195.00 
2021-05-09,,,1966.04 ,190.20 
2021-05-10,170.00 ,400.00 ,1950.62 ,196.70 
2021-05-11,240.00 ,100.00 ,1966.57 ,210.20 
2021-05-12,240.00 ,200.00 ,1944.80 ,186.00 
2021-05-13,190.00 ,200.00 ,1920.32 ,203.80 
2021-05-14,180.00 ,200.00 ,1936.20 ,201.70 
2021-05-15,,,1950.31 ,187.90 
2021-05-16,,,1946.38 ,189.20 
2021-05-17,420.00 ,100.00 ,1981.24 ,206.00 
2021-05-18,540.00 ,100.00 ,1988.25 ,219.00 
2021-05-19,800.00 ,100.00 ,1968.17 ,163.40 
2021-05-20,540.00 ,300.00 ,1973.04 ,201.30 
2021-05-21,450.00 ,300.00 ,1960.10 ,183.60 
2021-05-22,,,1986.51 ,190.90 
2021-05-23,,,1974.78 ,183.60 
2021-05-24,450.00 ,300.00 ,1967.80 ,201.50 
2021-05-25,170.00 ,0.00 ,2001.87 ,208.90 
2021-05-26,160.00 ,,1988.00 ,176.30 
2021-05-27,160.00 ,,1995.27 ,188.10 
2021-05-28,160.00 ,,1980.62 ,169.80 
2021-05-29,,,1993.37 ,180.70 
2021-05-30,,,1999.79 ,178.80 
2021-05-31,160.00 ,,1978.24 ,189.50 
2021-06-01,160.00 ,,2003.33 ,197.10 
2021-06-02,160.00 ,,2015.58 ,162.30 
2021-06-03,150.00 ,,2024.03 ,183.50 
2021-06-04,40.00 ,,2037.83 ,185.10 
2021-06-05,,,2050.23 ,175.00 
2021-06-06,,,1991.15 ,191.30 
2021-06-07,40.00 ,,1979.02 ,194.80 
2021-06-08,40.00 ,200.00 ,1985.71 ,191.70 
2021-06-09,40.00 ,200.00 ,1955.52 ,176.00 
2021-06-10,40.00 ,200.00 ,1965.42 ,199.00 
2021-06-11,40.00 ,0.00 ,1954.98 ,179.60 
2021-06-12,,,1938.00 ,176.70 
2021-06-13,,,1931.38 ,204.60 
2021-06-14,,,1914.92 ,179.50 
2021-06-15,40.00 ,400.00 ,1920.24 ,188.30 
2021-06-16,40.00 ,400.00 ,1867.08 ,163.00 
2021-06-17,40.00 ,400.00 ,1855.61 ,178.10 
2021-06-18,40.00 ,400.00 ,1857.18 ,174.60 
2021-06-19,,,1819.65 ,159.10 
2021-06-20,,,1804.35 ,177.80 
2021-06-21,40.00 ,0.00 ,1818.03 ,182.30 
2021-06-22,40.00 ,,1789.99 ,195.70 
2021-06-23,40.00 ,,1775.65 ,151.10 
2021-06-24,40.00 ,,1784.43 ,178.30 
2021-06-25,40.00 ,,1753.22 ,177.40 
2021-06-26,,,1745.25 ,153.90 
2021-06-27,,,1711.14 ,163.80 
2021-06-28,40.00 ,,1715.47 ,192.30 
2021-06-29,40.00 ,,1722.67 ,182.00 
2021-06-30,40.00 ,,1761.36 ,166.50 
2021-07-01,40.00 ,,1809.31 ,158.10 
2021-07-02,40.00 ,,1826.77 ,167.50 
2021-07-03,,,1777.70 ,140.80 
2021-07-04,,,1733.11 ,145.10 
2021-07-05,40.00 ,,1736.51 ,177.20 
2021-07-06,30.00 ,100.00 ,1744.57 ,173.60 
2021-07-07,30.00 ,100.00 ,1717.67 ,155.00 
2021-07-08,30.00 ,500.00 ,1729.71 ,190.30 
2021-07-09,30.00 ,500.00 ,1703.96 ,168.30 
2021-07-10,,,1688.91 ,155.70 
2021-07-11,,,1655.13 ,178.10 
2021-07-12,30.00 ,600.00 ,1665.84 ,192.40 
2021-07-13,30.00 ,400.00 ,1694.69 ,148.30 
2021-07-14,30.00 ,600.00 ,1688.76 ,126.50 
2021-07-15,30.00 ,600.00 ,1668.82 ,168.60 
2021-07-16,30.00 ,300.00 ,1643.03 ,177.20 
2021-07-17,,,1618.20 ,158.70 
2021-07-18,,,1613.96 ,178.50 
2021-07-19,30.00 ,200.00 ,1600.34 ,157.00 
2021-07-20,30.00 ,0.00 ,1582.39 ,159.40 
2021-07-21,30.00 ,,1531.48 ,134.20 
2021-07-22,30.00 ,,1538.52 ,178.40 
2021-07-23,30.00 ,,1532.02 ,179.70 
2021-07-24,,,1511.96 ,138.50 
2021-07-25,,,1518.82 ,187.30 
2021-07-26,30.00 ,,1531.81 ,198.50 
2021-07-27,30.00 ,,1517.37 ,170.10 
2021-07-28,30.00 ,,1495.06 ,156.00 
2021-07-29,30.00 ,,1492.70 ,174.00 
2021-07-30,30.00 ,,1533.75 ,164.10 
2021-07-31,,,1572.91 ,151.40 
2021-08-01,,,1570.81 ,167.40 
2021-08-02,30.00 ,,1596.31 ,203.40 
2021-08-03,30.00 ,,1610.28 ,178.30 
2021-08-04,30.00 ,,1626.60 ,186.80 
2021-08-05,30.00 ,,1616.70 ,186.80 
2021-08-06,30.00 ,,1633.24 ,176.30 
2021-08-07,,,1625.30 ,170.00 
2021-08-08,,,1632.99 ,197.70 
2021-08-09,30.00 ,,1615.94 ,179.30 
2021-08-10,30.00 ,,1629.13 ,191.60 
2021-08-11,30.00 ,100.00 ,1617.21 ,174.10 
2021-08-12,30.00 ,100.00 ,1613.19 ,193.30 
2021-08-13,30.00 ,100.00 ,1624.93 ,205.40 
2021-08-14,,,1637.85 ,181.60 
2021-08-15,,,1643.43 ,183.40 
2021-08-16,30.00 ,100.00 ,1670.59 ,196.10 
2021-08-17,30.00 ,100.00 ,1676.74 ,191.70 
2021-08-18,30.00 ,100.00 ,1635.23 ,139.50 
2021-08-19,30.00 ,0.00 ,1663.58 ,194.10 
2021-08-20,30.00 ,,1668.31 ,174.00 
2021-08-21,,,1653.58 ,157.90 
2021-08-22,,,1646.31 ,185.70 
2021-08-23,30.00 ,,1637.01 ,167.00 
2021-08-24,30.00 ,,1638.93 ,179.20 
2021-08-25,220.00 ,,1593.37 ,152.80 
2021-08-26,220.00 ,,1567.55 ,183.10 
2021-08-27,220.00 ,,1550.78 ,184.50 
2021-08-28,,,1517.37 ,167.90 
2021-08-29,,,1490.86 ,182.30 
2021-08-30,220.00 ,,1468.84 ,177.40 
2021-08-31,220.00 ,,1464.90 ,181.70 
2021-09-01,220.00 ,600.00 ,1439.00 ,148.80 
2021-09-02,220.00 ,600.00 ,1440.44 ,174.70 
2021-09-03,220.00 ,600.00 ,1433.67 ,157.10 
2021-09-04,,,1404.94 ,149.70 
2021-09-05,,,1388.75 ,169.90 
2021-09-06,220.00 ,300.00 ,1367.21 ,179.70 
2021-09-07,270.00 ,300.00 ,1370.14 ,181.10 
2021-09-08,290.00 ,900.00 ,1359.27 ,159.50 
2021-09-09,240.00 ,600.00 ,1349.47 ,172.50 
2021-09-10,240.00 ,600.00 ,1360.25 ,182.90 
2021-09-11,,,1358.14 ,168.10 
2021-09-12,,,1346.80 ,196.40 
2021-09-13,240.00 ,1200.00 ,1348.52 ,184.20 
2021-09-14,240.00 ,1400.00 ,1355.78 ,192.00 
2021-09-15,280.00 ,1100.00 ,1347.38 ,165.10 
2021-09-16,280.00 ,700.00 ,1349.24 ,179.30 
2021-09-17,280.00 ,700.00 ,1363.09 ,177.70 
2021-09-18,,,1362.68 ,165.30 
2021-09-19,,,1356.09 ,192.00 
2021-09-20,,,1366.49 ,189.60 
2021-09-21,,,1409.71 ,182.90 
2021-09-22,250.00 ,0.00 ,1457.02 ,192.10 
2021-09-23,250.00 ,,1458.05 ,178.80 
2021-09-24,210.00 ,,1460.25 ,183.40 
2021-09-25,,,1457.35 ,168.60 
2021-09-26,,,1431.16 ,186.80 
2021-09-27,180.00 ,,1425.74 ,187.00 
2021-09-28,180.00 ,,1435.51 ,180.70 
2021-09-29,180.00 ,,1455.74 ,186.60 
2021-09-30,180.00 ,,1454.28 ,176.00 
2021-10-01,,,1442.77 ,177.90 
2021-10-02,,,1464.99 ,191.00 
2021-10-03,,,1456.41 ,192.10 
2021-10-04,,,1457.04 ,169.30 
2021-10-05,,,1465.90 ,164.60 
2021-10-06,,,1541.98 ,182.80 
2021-10-07,,,1537.68 ,164.30 
2021-10-08,190.00 ,,1551.41 ,190.70 
2021-10-09,,,1567.98 ,186.10 
2021-10-10,,,1547.87 ,171.43 
2021-10-11,220.00 ,,1547.33 ,178.50 
2021-10-12,220.00 ,,1549.79 ,181.20 
2021-10-13,360.00 ,,1526.43 ,176.70 
2021-10-14,360.00 ,,1532.87 ,187.30 
2021-10-15,370.00 ,,1536.84 ,180.20 
2021-10-16,,,1522.01 ,177.90 
2021-10-17,,,1549.22 ,177.90 
2021-10-18,370.00 ,,1555.29 ,194.50 
2021-10-19,370.00 ,100.00 ,1553.78 ,183.30 
2021-10-20,360.00 ,100.00 ,1565.65 ,171.40 
2021-10-21,410.00 ,100.00 ,1558.28 ,163.10 
2021-10-22,410.00 ,0.00 ,1553.62 ,182.90 
2021-10-23,,,1568.42 ,198.10 
2021-10-24,,,1565.90 ,195.80 
2021-10-25,380.00 ,,1579.53 ,193.60 
2021-10-26,380.00 ,,1590.99 ,189.20 
2021-10-27,330.00 ,,1566.27 ,189.90 
2021-10-28,330.00 ,,1564.34 ,204.50 
2021-10-29,330.00 ,,1569.77 ,191.70 
2021-10-30,,,1559.55 ,189.80 
2021-10-31,,,1565.07 ,209.10 
2021-11-01,330.00 ,,1568.65 ,208.40 
2021-11-02,330.00 ,,1580.54 ,222.10 
2021-11-03,330.00 ,,1595.24 ,204.00 
2021-11-04,290.00 ,,1607.11 ,211.00 
2021-11-05,290.00 ,,1640.22 ,220.20 
2021-11-06,,,1651.46 ,209.00 
2021-11-07,,,1661.52 ,217.80 
2021-11-08,290.00 ,,1705.37 ,147.40 
2021-11-09,290.00 ,,1781.04 ,163.80 
2021-11-10,290.00 ,,1896.66 ,198.30 
2021-11-11,420.00 ,100.00 ,1922.44 ,208.00 
2021-11-12,420.00 ,100.00 ,1927.94 ,218.60 
2021-11-13,,,1908.46 ,206.50 
2021-11-14,,,1884.89 ,210.60 
2021-11-15,420.00 ,100.00 ,1874.24 ,213.70 
2021-11-16,410.00 ,0.00 ,1881.40 ,225.40 
2021-11-17,410.00 ,,1865.96 ,207.80 
2021-11-18,400.00 ,,1882.21 ,213.90 
2021-11-19,400.00 ,,1927.55 ,206.80 
2021-11-20,,,1974.23 ,212.20 
2021-11-21,,,1951.95 ,213.60 
2021-11-22,400.00 ,,1966.69 ,226.10 
2021-11-23,400.00 ,,2000.08 ,173.40 
2021-11-24,450.00 ,,2033.11 ,197.00 
2021-11-25,590.00 ,,2009.74 ,214.50 
2021-11-26,590.00 ,,2000.08 ,219.70 
2021-11-27,,,1988.84 ,202.90 
2021-11-28,,,1973.31 ,222.00 
2021-11-29,590.00 ,,1946.52 ,221.30 
2021-11-30,590.00 ,,1916.64 ,212.40 
2021-12-01,590.00 ,,1897.92 ,205.10 
2021-12-02,590.00 ,,1889.33 ,209.10 
2021-12-03,590.00 ,,1876.64 ,217.90 
2021-12-04,,,1858.10 ,212.10 
2021-12-05,,,1817.37 ,207.90 
2021-12-06,590.00 ,,1807.84 ,226.00 
2021-12-07,590.00 ,,1791.19 ,236.20 
2021-12-08,550.00 ,,1785.69 ,213.80 
2021-12-09,550.00 ,,1786.12 ,213.50 
2021-12-10,550.00 ,,1781.22 ,209.50 
2021-12-11,,,1798.38 ,219.70 
2021-12-12,,,1796.65 ,216.90 
2021-12-13,500.00 ,,1808.56 ,229.10 
2021-12-14,130.00 ,,1785.28 ,201.70 
2021-12-15,140.00 ,,1784.15 ,225.60 
2021-12-16,110.00 ,,1772.77 ,220.70 
2021-12-17,110.00 ,,1770.77 ,218.30 
2021-12-18,,,1801.41 ,214.90 
2021-12-19,,,1801.21 ,219.90 
2021-12-20,450.00 ,,1803.73 ,226.90 
2021-12-21,450.00 ,,1794.21 ,220.20 
2021-12-22,450.00 ,,1794.05 ,216.20 
2021-12-23,450.00 ,,1789.84 ,224.90 
2021-12-24,450.00 ,,1791.90 ,219.40 
2021-12-25,,,1851.67 ,180.00 
2021-12-26,,,1824.58 ,183.30 
2021-12-27,450.00 ,,1826.85 ,183.50 
2021-12-28,450.00 ,,1800.10 ,193.80 
2021-12-29,450.00 ,,1788.96 ,204.90 
2021-12-30,450.00 ,,1774.41 ,197.90 
2021-12-31,450.00 ,,1764.64 ,186.40 
2022-01-01,,,1769.30 ,191.40 
2022-01-02,,,1730.06 ,163.40 
2022-01-03,,,1691.61 ,192.70 
2022-01-04,470.00 ,,1665.05 ,179.50 
2022-01-05,570.00 ,200.00 ,1646.84 ,178.70 
2022-01-06,570.00 ,200.00 ,1645.89 ,180.10 
2022-01-07,550.00 ,200.00 ,1677.10 ,186.70 
2022-01-08,,,1665.39 ,173.70 
2022-01-09,,,1640.12 ,191.47 
2022-01-10,550.00 ,0.00 ,1632.41 ,175.90 
2022-01-11,5560.00 ,,1623.61 ,197.10 
2022-01-12,640.00 ,400.00 ,1601.56 ,160.30 
2022-01-13,640.00 ,600.00 ,1564.52 ,189.60 
2022-01-14,610.00 ,700.00 ,1551.99 ,183.40 
2022-01-15,,,1534.17 ,175.70 
2022-01-16,,,1517.47 ,192.30 
2022-01-17,720.00 ,1200.00 ,1490.11 ,173.60 
2022-01-18,720.00 ,2200.00 ,1464.50 ,192.70 
2022-01-19,700.00 ,2200.00 ,1443.80 ,179.80 
2022-01-20,690.00 ,2200.00 ,1437.46 ,180.30 
2022-01-21,620.00 ,0.00 ,1423.30 ,193.60 
2022-01-22,,,1400.76 ,170.90 
2022-01-23,,,1382.36 ,183.60 
2022-01-24,570.00 ,,1366.98 ,172.20 
2022-01-25,570.00 ,,1364.54 ,187.60 
2022-01-26,560.00 ,,1350.90 ,171.60 
2022-01-27,610.00 ,,1331.60 ,176.70 
2022-01-28,610.00 ,,1317.20 ,170.00 
2022-01-29,,,1318.11 ,170.80 
2022-01-30,,,1305.27 ,169.80 
2022-01-31,,,1301.03 ,178.40 
2022-02-01,,,1303.59 ,162.00 
2022-02-02,,,1301.79 ,161.60 
2022-02-03,,,1253.37 ,165.70 
2022-02-04,,,1229.28 ,157.60 
2022-02-05,,,1223.03 ,142.10 
2022-02-06,,,1214.15 ,176.00 
2022-02-07,610.00 ,,1223.44 ,186.10 
2022-02-08,610.00 ,,1242.23 ,185.00 
2022-02-09,610.00 ,,1229.70 ,159.50 
2022-02-10,610.00 ,,1244.58 ,179.70 
2022-02-11,610.00 ,,1275.12 ,186.20 
2022-02-12,,,1269.76 ,168.80 
2022-02-13,,,1271.06 ,176.10 
2022-02-14,610.00 ,,1298.65 ,188.70 
2022-02-15,610.00 ,,1329.96 ,178.60 
2022-02-16,610.00 ,,1315.88 ,161.80 
2022-02-17,710.00 ,,1312.34 ,168.60 
2022-02-18,710.00 ,,1322.47 ,189.00 
2022-02-19,,,1323.39 ,191.00 
2022-02-20,,,1322.33 ,180.20 
2022-02-21,710.00 ,,1326.36 ,195.50 
2022-02-22,710.00 ,,1324.14 ,183.60 
2022-02-23,690.00 ,,1311.06 ,155.20 
2022-02-24,690.00 ,,1313.87 ,179.10 
2022-02-25,690.00 ,,1302.14 ,193.40 
2022-02-26,,,1295.01 ,176.50 
2022-02-27,,,1289.56 ,180.70 
2022-02-28,690.00 ,,1294.13 ,188.10 
2022-03-01,690.00 ,,1311.50 ,199.80 
2022-03-02,690.00 ,,1325.35 ,175.10 
2022-03-03,690.00 ,,1323.91 ,200.60 
2022-03-04,680.00 ,,1326.51 ,213.90 
2022-03-05,,,1307.17 ,177.20 
2022-03-06,,,1319.77 ,195.90 
2022-03-07,720.00 ,,1329.97 ,208.40 
2022-03-08,720.00 ,,1325.40 ,212.00 
2022-03-09,720.00 ,,1328.35 ,179.60 
2022-03-10,720.00 ,,1317.96 ,208.50 
2022-03-11,720.00 ,,1357.34 ,211.30 
2022-03-12,,,1354.45 ,217.60 
2022-03-13,,,1412.53 ,195.50 
2022-03-14,740.00 ,,1433.67 ,207.60 
2022-03-15,740.00 ,,1448.12 ,225.90 
2022-03-16,740.00 ,,1428.94 ,191.70 
2022-03-17,740.00 ,,1439.55 ,214.10 
2022-03-18,720.00 ,,1543.77 ,214.90 
2022-03-19,,,1548.17 ,204.10 
2022-03-20,,,1549.30 ,220.10 
2022-03-21,720.00 ,,1553.47 ,215.10 
2022-03-22,720.00 ,,1555.28 ,227.70 
2022-03-23,720.00 ,,1533.50 ,186.60 
2022-03-24,720.00 ,,1526.53 ,199.30 
2022-03-25,720.00 ,,1514.90 ,224.70 
2022-03-26,,,1517.38 ,210.80 
2022-03-27,,,1532.69 ,226.00 
2022-03-28,720.00 ,,1530.73 ,209.30 
2022-03-29,720.00 ,,1548.73 ,224.00 
2022-03-30,0.00 ,,1519.95 ,173.60 
2022-03-31,,,1551.13 ,207.70 
2022-04-01,450.00 ,,1561.93 ,203.10 
2022-04-02,,,1565.46 ,193.90 
2022-04-03,,,1575.24 ,214.20 
2022-04-04,,,1601.70 ,224.60 
2022-04-05,,,1609.80 ,218.70 
2022-04-06,450.00 ,,1598.67 ,192.70 
2022-04-07,450.00 ,,1650.06 ,190.20 
2022-04-08,450.00 ,,1645.01 ,195.40 
2022-04-09,,,1664.07 ,214.80 
2022-04-10,,,1669.65 ,219.50 
2022-04-11,450.00 ,,1676.60 ,208.00 
2022-04-12,450.00 ,,1701.69 ,211.10 
2022-04-13,450.00 ,,1706.94 ,175.50 
2022-04-14,450.00 ,,1710.76 ,202.00 
2022-04-15,450.00 ,,1676.93 ,173.40 
2022-04-16,,,1585.04 ,97.70 
2022-04-17,,,1570.69 ,136.40 
2022-04-18,450.00 ,,1556.17 ,124.80 
2022-04-19,450.00 ,,1517.92 ,142.50 
2022-04-20,450.00 ,,1523.01 ,193.56 
2022-04-21,450.00 ,,1544.53 ,203.70 
2022-04-22,450.00 ,,1574.92 ,222.80 
2022-04-23,,,1583.86 ,209.30 
2022-04-24,,,1582.70 ,216.30 
2022-04-25,750.00 ,,1586.83 ,183.30 
2022-04-26,750.00 ,,1603.14 ,211.40 
2022-04-27,750.00 ,,1595.50 ,187.50 
2022-04-28,750.00 ,,1588.87 ,193.30 
2022-04-29,750.00 ,,1604.02 ,203.30 
2022-04-30,,,1650.41 ,207.00 
2022-05-01,,,1653.84 ,196.90 
2022-05-02,,,1663.96 ,198.00 
2022-05-03,,,1647.73 ,187.70 
2022-05-04,,,1627.04 ,175.30 
2022-05-05,750.00 ,,1628.85 ,185.60 
2022-05-06,750.00 ,,1630.09 ,180.60 
2022-05-07,,,1649.22 ,181.50 
2022-05-08,,,1665.90 ,185.70 
2022-05-09,750.00 ,,1637.25 ,188.50 
2022-05-10,780.00 ,,1645.00 ,188.20 
2022-05-11,780.00 ,900.00 ,1627.54 ,178.50 
2022-05-12,760.00 ,900.00 ,1625.30 ,165.30 
2022-05-13,690.00 ,900.00 ,1605.71 ,166.00 
2022-05-14,,,1623.04 ,186.50 
2022-05-15,,,1612.16 ,176.90 
2022-05-16,690.00 ,300.00 ,1621.14 ,187.60 
2022-05-17,710.00 ,300.00 ,1618.82 ,184.80 
2022-05-18,680.00 ,300.00 ,1611.44 ,157.70 
2022-05-19,530.00 ,100.00 ,1604.28 ,182.50 
2022-05-20,470.00 ,100.00 ,1601.40 ,162.80 
2022-05-21,,,1627.43 ,187.70 
2022-05-22,,,1621.88 ,184.40 
2022-05-23,470.00 ,100.00 ,1626.33 ,209.70 
2022-05-24,470.00 ,0.00 ,1658.97 ,213.90 
2022-05-25,470.00 ,,1676.10 ,189.90 
2022-05-26,470.00 ,,1733.05 ,214.50 
2022-05-27,470.00 ,,1721.01 ,197.40 
2022-05-28,,,1751.12 ,208.70 
2022-05-29,,,1753.06 ,201.60 
2022-05-30,470.00 ,,1769.47 ,221.10 
2022-05-31,470.00 ,,1810.37 ,215.40 
2022-06-01,470.00 ,,1790.60 ,181.70 
2022-06-02,470.00 ,,1796.05 ,179.20 
2022-06-03,,,1814.45 ,192.40 
2022-06-04,,,1776.24 ,205.90 
2022-06-05,,,1793.14 ,198.60 
2022-06-06,470.00 ,,1780.36 ,193.10 
2022-06-07,540.00 ,,1803.07 ,206.00 
2022-06-08,540.00 ,,1797.53 ,180.60 
2022-06-09,540.00 ,,1815.13 ,211.80 
2022-06-10,540.00 ,,1832.23 ,189.00 
2022-06-11,,,1863.47 ,209.50 
2022-06-12,,,1877.37 ,190.20 
2022-06-13,540.00 ,,1902.77 ,200.40 
2022-06-14,570.00 ,,1943.50 ,201.00 
2022-06-15,570.00 ,,1942.61 ,186.70 
2022-06-16,570.00 ,,1943.47 ,204.60 
2022-06-17,570.00 ,,1935.32 ,192.20 
2022-06-18,,,1940.49 ,191.50 
2022-06-19,,,1954.19 ,204.80 
2022-06-20,550.00 ,,1962.94 ,212.60 
2022-06-21,550.00 ,,1973.72 ,205.90 
2022-06-22,750.00 ,,1974.62 ,184.20 
2022-06-23,750.00 ,,1979.20 ,208.60 
2022-06-24,750.00 ,,1984.91 ,199.30 
2022-06-25,,,1974.88 ,193.20 
2022-06-26,,,1993.03 ,187.20 
2022-06-27,750.00 ,,2022.63 ,210.80 
2022-06-28,750.00 ,,2042.24 ,207.80 
2022-06-29,750.00 ,,2018.66 ,175.00 
2022-06-30,750.00 ,,2028.95 ,191.90 
2022-07-01,770.00 ,,2050.76 ,176.70 
2022-07-02,,,2037.70 ,182.30 
2022-07-03,,,2017.08 ,191.30 
2022-07-04,770.00 ,,2013.38 ,187.80 
2022-07-05,770.00 ,,2008.49 ,189.20 
2022-07-06,770.00 ,,2002.25 ,166.90 
2022-07-07,770.00 ,,2021.79 ,190.50 
2022-07-08,770.00 ,,2042.66 ,195.10 
2022-07-09,,,2028.02 ,174.10 
2022-07-10,,,2032.31 ,203.20 
2022-07-11,770.00 ,,2034.75 ,204.40 
2022-07-12,770.00 ,,2042.77 ,207.70 
2022-07-13,770.00 ,,2056.39 ,177.40 
2022-07-14,770.00 ,,2073.07 ,208.10 
2022-07-15,770.00 ,,2066.10 ,195.70 
2022-07-16,,,2030.49 ,187.70 
2022-07-17,,,2004.55 ,188.80 
2022-07-18,770.00 ,,2026.42 ,214.00 
2022-07-19,770.00 ,,2037.02 ,206.40 
2022-07-20,770.00 ,,2025.69 ,183.70 
2022-07-21,770.00 ,,2045.32 ,197.00 
2022-07-22,770.00 ,,2008.02 ,193.00 
2022-07-23,,,1984.40 ,195.00 
2022-07-24,,,1965.75 ,200.20 
2022-07-25,770.00 ,,1956.77 ,221.40 
2022-07-26,770.00 ,,1956.27 ,208.50 
2022-07-27,770.00 ,,1943.16 ,200.80 
2022-07-28,770.00 ,,1899.50 ,197.00 
2022-07-29,770.00 ,,1921.55 ,192.70 
2022-07-30,,,1914.79 ,185.10 
2022-07-31,,,1929.29 ,223.60 
2022-08-01,770.00 ,,1939.20 ,218.60 
2022-08-02,770.00 ,,1958.30 ,204.10 
2022-08-03,770.00 ,,1946.83 ,209.40 
2022-08-04,770.00 ,,1928.39 ,202.20 
2022-08-05,770.00 ,,1951.61 ,195.10 
2022-08-06,,,1932.99 ,177.80 
2022-08-07,,,1942.79 ,203.20 
2022-08-08,770.00 ,,1937.73 ,209.50 
2022-08-09,770.00 ,,1959.65 ,204.80 
2022-08-10,770.00 ,,1949.76 ,190.40 
2022-08-11,770.00 ,,1951.21 ,208.70 
2022-08-12,770.00 ,,1926.05 ,193.40 
2022-08-13,,,1886.17 ,195.60 
2022-08-14,,,1858.27 ,179.60 
2022-08-15,770.00 ,,1841.49 ,177.60 
2022-08-16,770.00 ,,1799.96 ,175.20 
2022-08-17,770.00 ,,1778.46 ,176.60 
2022-08-18,770.00 ,,1776.55 ,184.70 
2022-08-19,770.00 ,,1794.90 ,164.70 
2022-08-20,,,1799.70 ,162.90 
2022-08-21,,,1813.50 ,193.30 
2022-08-22,770.00 ,,1823.80 ,206.80 
2022-08-23,770.00 ,,1828.00 ,190.00 
2022-08-24,770.00 ,,1795.29 ,182.60 
2022-08-25,770.00 ,,1782.80 ,188.90 
2022-08-26,770.00 ,,1764.10 ,193.20 
2022-08-27,,,1738.60 ,196.30 
2022-08-28,,,1731.40 ,205.20 
2022-08-29,770.00 ,,1721.41 ,204.20 
2022-08-30,770.00 ,,1736.16 ,214.30 
2022-08-31,770.00 ,,1704.60 ,186.70 
2022-09-01,770.00 ,,1694.87 ,185.30 
2022-09-02,770.00 ,,1697.03 ,179.00 
2022-09-03,,,1686.85 ,180.40 
2022-09-04,,,1658.64 ,192.60 
2022-09-05,770.00 ,,1657.40 ,194.80 
2022-09-06,630.00 ,100.00 ,1661.99 ,192.60 
2022-09-07,580.00 ,100.00 ,1653.47 ,171.90 
2022-09-08,580.00 ,100.00 ,1667.39 ,203.80 
2022-09-09,670.00 ,0.00 ,1637.73 ,175.70 
2022-09-10,,,1630.33 ,183.30 
2022-09-11,,,1621.96 ,198.90 
2022-09-12,,,1612.35 ,205.60 
2022-09-13,710.00 ,100.00 ,1633.86 ,205.00 
2022-09-14,760.00 ,100.00 ,1624.38 ,193.60 
2022-09-15,680.00 ,200.00 ,1640.87 ,194.20 
2022-09-16,680.00 ,100.00 ,1658.75 ,200.30 
2022-09-17,,,1702.14 ,196.50 
2022-09-18,,,1711.37 ,179.10 
2022-09-19,280.00 ,100.00 ,1730.78 ,210.90 
2022-09-20,280.00 ,100.00 ,1766.80 ,206.60 
2022-09-21,280.00 ,0.00 ,1745.47 ,175.40 
2022-09-22,300.00 ,,1760.28 ,203.90 
2022-09-23,300.00 ,,1773.74 ,189.20 
2022-09-24,,,1815.10 ,198.00 
2022-09-25,,,1788.97 ,196.70 
2022-09-26,240.00 ,,1791.67 ,188.70 
2022-09-27,320.00 ,,1809.45 ,210.90 
2022-09-28,320.00 ,,1796.82 ,191.50 
2022-09-29,320.00 ,,1789.39 ,188.90 
2022-09-30,350.00 ,,1743.28 ,171.00 
2022-10-01,,,1731.09 ,183.00 
2022-10-02,,,1733.04 ,200.80 
2022-10-03,,,1721.12 ,180.20 
2022-10-04,,,1720.91 ,181.00 
2022-10-05,,,1755.09 ,178.10 
2022-10-06,,,1738.58 ,189.70 
2022-10-07,,,1729.23 ,192.60 
2022-10-08,,,1709.26 ,196.30 
2022-10-09,,,1688.18 ,162.30 
2022-10-10,560.00 ,,1695.80 ,181.30 
2022-10-11,560.00 ,,1773.15 ,180.40 
2022-10-12,550.00 ,,1721.58 ,167.40 
2022-10-13,550.00 ,,1708.30 ,176.40 
2022-10-14,550.00 ,,1707.64 ,175.00 
2022-10-15,,,1685.63 ,176.40 
2022-10-16,,,1646.56 ,131.60 
2022-10-17,550.00 ,,1640.64 ,127.00 
2022-10-18,550.00 ,,1626.45 ,117.80 
2022-10-19,670.00 ,,1619.39 ,118.20 
2022-10-20,670.00 ,,1580.02 ,126.80 
2022-10-21,670.00 ,,1563.07 ,142.80 
2022-10-22,,,1532.45 ,130.90 
2022-10-23,,,1506.21 ,130.20 
2022-10-24,670.00 ,,1487.02 ,134.40 
2022-10-25,760.00 ,,1472.21 ,142.10 
2022-10-26,760.00 ,,1425.50 ,116.30 
2022-10-27,760.00 ,,1408.20 ,130.20 
2022-10-28,760.00 ,,1413.79 ,124.60 
2022-10-29,,,1389.00 ,126.00 
2022-10-30,,,1365.19 ,128.60 
2022-10-31,760.00 ,,1365.07 ,137.30 
2022-11-01,550.00 ,,1387.86 ,138.10 
2022-11-02,550.00 ,,1390.64 ,136.50 
2022-11-03,550.00 ,,1406.62 ,147.90 
2022-11-04,550.00 ,,1423.31 ,143.60 
2022-11-05,,,1398.04 ,141.70 
2022-11-06,,,1384.32 ,143.10 
2022-11-07,550.00 ,,1398.17 ,154.10 
2022-11-08,650.00 ,,1390.97 ,154.70 
2022-11-09,860.00 ,,1391.84 ,125.40 
2022-11-10,860.00 ,,1398.87 ,157.90 
2022-11-11,860.00 ,,1427.97 ,164.80 
2022-11-12,,,1438.40 ,149.00 
2022-11-13,,,1465.37 ,156.80 
2022-11-14,860.00 ,,1507.02 ,170.40 
2022-11-15,860.00 ,,1521.93 ,171.80 
2022-11-16,860.00 ,,1541.03 ,163.90 
2022-11-17,860.00 ,,1552.72 ,170.60 
2022-11-18,860.00 ,,1581.81 ,187.90 
2022-11-19,,,1591.40 ,167.70 
2022-11-20,,,1605.82 ,175.50 
2022-11-21,860.00 ,,1666.60 ,177.50 
2022-11-22,860.00 ,,1702.98 ,189.90 
2022-11-23,860.00 ,,1726.67 ,188.60 
2022-11-24,860.00 ,,1729.45 ,180.30 
2022-11-25,860.00 ,,1725.71 ,193.10 
2022-11-26,,,1729.71 ,168.90 
2022-11-27,,,1738.70 ,175.10 
2022-11-28,860.00 ,,1739.32 ,170.10 
2022-11-29,860.00 ,,1741.87 ,178.20 
2022-11-30,860.00 ,,1781.69 ,162.30 
2022-12-01,860.00 ,,1857.31 ,150.90 
2022-12-02,860.00 ,,1838.68 ,162.80 
2022-12-03,,,1826.04 ,153.20 
2022-12-04,,,1804.80 ,174.80 
2022-12-05,860.00 ,,1778.57 ,166.60 
2022-12-06,860.00 ,,1778.73 ,170.40 
2022-12-07,860.00 ,,1753.49 ,166.10 
2022-12-08,860.00 ,,1771.76 ,191.00 
2022-12-09,860.00 ,,1772.21 ,179.00 
2022-12-10,,,1746.28 ,167.70 
2022-12-11,,,1748.22 ,172.10 
2022-12-12,860.00 ,,1748.72 ,181.10 
2022-12-13,860.00 ,,1757.80 ,184.60 
2022-12-14,860.00 ,,1761.63 ,179.20 
2022-12-15,860.00 ,,1778.94 ,182.20 
2022-12-16,860.00 ,,1781.59 ,189.90 
2022-12-17,,,1776.02 ,173.10 
2022-12-18,,,1810.55 ,178.70 
2022-12-19,860.00 ,,1850.88 ,184.30 
2022-12-20,860.00 ,,1862.02 ,205.70 
2022-12-21,860.00 ,,1863.82 ,198.20 
2022-12-22,860.00 ,,1885.93 ,209.00 
2022-12-23,860.00 ,,1888.16 ,194.80 
2022-12-24,,,1918.51 ,171.60 
2022-12-25,,,1897.32 ,186.90 
2022-12-26,860.00 ,,1888.19 ,199.80 
2022-12-27,860.00 ,,1893.77 ,192.60 
2022-12-28,860.00 ,,1903.57 ,190.80 
2022-12-29,860.00 ,,1914.68 ,203.20 
2022-12-30,860.00 ,,1891.88 ,182.00 
2022-12-31,,,1899.98 ,193.40 
2023-01-01,,,1889.31 ,203.00 
2023-01-02,,,1888.09 ,193.50 
2023-01-03,860.00 ,,1881.88 ,185.50 
2023-01-04,880.00 ,,1753.51 ,165.90 
2023-01-05,880.00 ,,1865.87 ,183.70 
2023-01-06,880.00 ,,1895.40 ,198.70 
2023-01-07,,,1901.23 ,178.20 
2023-01-08,,,1898.69 ,183.70 
2023-01-09,910.00 ,,1891.32 ,198.80 
2023-01-10,910.00 ,,1904.87 ,208.20 
2023-01-11,1000.00 ,,1907.12 ,182.30 
2023-01-12,1000.00 ,,1899.76 ,195.80 
2023-01-13,1000.00 ,,1908.48 ,183.10 
2023-01-14,,,1955.64 ,174.80 
2023-01-15,,,2019.64 ,162.60 
2023-01-16,1160.00 ,200.00 ,2029.20 ,169.80 
2023-01-17,1260.00 ,200.00 ,2022.56 ,177.00 
2023-01-18,1250.00 ,200.00 ,2032.67 ,181.30 
2023-01-19,1250.00 ,200.00 ,2015.17 ,168.70 
2023-01-20,960.00 ,0.00 ,2012.66 ,189.80 
2023-01-21,,,2032.36 ,168.10 
2023-01-22,,,2025.35 ,157.30 
2023-01-23,,,2021.56 ,159.60 
2023-01-24,,,2032.25 ,175.00 
2023-01-25,,,2040.78 ,150.60 
2023-01-26,,,2044.30 ,160.20 
2023-01-27,,,2053.46 ,180.50 
2023-01-28,,,2080.81 ,170.60 
2023-01-29,,,2089.51 ,181.20 
2023-01-30,960.00 ,,2110.63 ,192.20 
2023-01-31,940.00 ,,2126.26 ,200.30 
2023-02-01,940.00 ,,2133.21 ,165.00 
2023-02-02,940.00 ,,2156.53 ,176.20 
2023-02-03,940.00 ,,2162.43 ,199.90 
2023-02-04,,,2163.22 ,180.60 
2023-02-05,,,2169.69 ,186.80 
2023-02-06,940.00 ,,2163.29 ,196.50 
2023-02-07,940.00 ,,2174.27 ,202.40 
2023-02-08,940.00 ,,2169.71 ,159.40 
2023-02-09,940.00 ,,2212.62 ,195.90 
2023-02-10,940.00 ,,2227.05 ,176.50 
2023-02-11,,,2217.52 ,177.80 
2023-02-12,,,2216.92 ,185.30 
2023-02-13,940.00 ,,2218.51 ,183.30 
2023-02-14,940.00 ,,2225.65 ,181.10 
2023-02-15,940.00 ,,2223.95 ,152.60 
2023-02-16,940.00 ,,2243.67 ,162.00 
2023-02-17,940.00 ,,2223.18 ,169.00 
2023-02-18,,,2199.64 ,170.40 
2023-02-19,,,2166.77 ,176.60 
2023-02-20,940.00 ,,2183.45 ,185.70 
2023-02-21,940.00 ,,2192.09 ,175.20 
2023-02-22,910.00 ,,2196.50 ,168.40 
2023-02-23,910.00 ,,2192.91 ,190.10 
2023-02-24,910.00 ,,2178.80 ,183.30 
2023-02-25,,,2158.63 ,180.20 
2023-02-26,,,2138.23 ,172.00 
2023-02-27,910.00 ,,2117.28 ,187.80 
2023-02-28,860.00 ,,2113.77 ,173.50 
2023-03-01,860.00 ,,2113.17 ,160.50 
2023-03-02,860.00 ,,2078.35 ,170.50 
2023-03-03,860.00 ,,2080.30 ,149.20 
2023-03-04,,,2064.10 ,181.20 
2023-03-05,,,2088.04 ,196.50 
2023-03-06,860.00 ,,2181.39 ,215.20 
2023-03-07,860.00 ,,2209.15 ,219.40 
2023-03-08,860.00 ,,2211.00 ,197.70 
2023-03-09,860.00 ,,2204.43 ,196.50 
2023-03-10,860.00 ,,2184.60 ,199.40 
2023-03-11,,,2163.25 ,199.60 
2023-03-12,,,2205.85 ,189.90 
2023-03-13,860.00 ,,2191.86 ,196.10 
2023-03-14,860.00 ,,2192.38 ,203.70 
2023-03-15,780.00 ,,2179.89 ,189.80 
2023-03-16,750.00 ,,2167.56 ,201.90 
2023-03-17,750.00 ,,2173.75 ,209.30 
2023-03-18,,,2176.15 ,210.70 
2023-03-19,,,2165.74 ,207.30 
2023-03-20,750.00 ,,2166.95 ,211.00 
2023-03-21,750.00 ,,2169.40 ,210.50 
2023-03-22,420.00 ,,2178.74 ,191.90 
2023-03-23,420.00 ,,2181.82 ,208.60 
2023-03-24,420.00 ,,2189.91 ,207.50 
2023-03-25,,,2183.93 ,197.40 
2023-03-26,,,2191.69 ,191.10 
2023-03-27,420.00 ,,2198.91 ,208.40 
2023-03-28,420.00 ,,2212.15 ,208.60 
2023-03-29,420.00 ,,2209.30 ,192.30 
2023-03-30,30.00 ,,2225.66 ,193.20 
2023-03-31,0.00 ,,2240.70 ,221.20 
2023-04-01,,,2244.85 ,196.60 
2023-04-02,,,2251.33 ,210.80 
2023-04-03,,,2269.59 ,219.00 
2023-04-04,,,2287.38 ,218.00 
2023-04-05,,,2323.10 ,171.30 
2023-04-06,,,2420.70 ,204.50 
2023-04-07,,,2405.07 ,192.00 
2023-04-08,,,2377.77 ,172.00 
2023-04-09,,,2332.40 ,173.80 
2023-04-10,200.00 ,,2291.34 ,189.00 
2023-04-11,200.00 ,,2287.34 ,189.40 
2023-04-12,200.00 ,,2279.24 ,191.10 
2023-04-13,400.00 ,,2259.53 ,187.60 
2023-04-14,670.00 ,,2210.62 ,172.40 
2023-04-15,,,2227.12 ,183.30 
2023-04-16,,,2212.89 ,199.30 
2023-04-17,670.00 ,,2190.98 ,196.60 
2023-04-18,670.00 ,,2175.04 ,201.50 
2023-04-19,750.00 ,,2169.49 ,191.20 
2023-04-20,750.00 ,,2175.29 ,191.10 
2023-04-21,750.00 ,,2153.00 ,178.10 
2023-04-22,,,2130.92 ,188.50 
2023-04-23,,,2118.51 ,179.20 
2023-04-24,950.00 ,,2118.37 ,191.20 
2023-04-25,950.00 ,,2123.98 ,200.30 
2023-04-26,950.00 ,,2100.13 ,195.10 
2023-04-27,1100.00 ,200.00 ,2099.08 ,196.10 
2023-04-28,1100.00 ,200.00 ,2093.88 ,199.00 
2023-04-29,,,2049.97 ,175.50 
2023-04-30,,,2074.42 ,201.70 
2023-05-01,,,2064.31 ,185.40 
2023-05-02,,,2084.89 ,207.00 
2023-05-03,,,2062.54 ,198.30 
2023-05-04,1100.00 ,200.00 ,2070.39 ,190.40 
2023-05-05,1100.00 ,200.00 ,2071.09 ,185.40 
2023-05-06,,,2139.73 ,185.40 
2023-05-07,,,2179.67 ,200.10 
2023-05-08,1100.00 ,200.00 ,2218.35 ,210.70 
2023-05-09,1100.00 ,0.00 ,2222.93 ,223.20 
2023-05-10,1100.00 ,100.00 ,2222.36 ,182.00 
2023-05-11,1100.00 ,100.00 ,2249.68 ,188.70 
2023-05-12,1070.00 ,100.00 ,2263.24 ,155.10 
2023-05-13,,,2224.93 ,179.80 
2023-05-14,,,2228.95 ,203.10 
2023-05-15,1060.00 ,400.00 ,2231.52 ,211.50 
2023-05-16,1050.00 ,500.00 ,2239.94 ,217.50 
2023-05-17,1050.00 ,400.00 ,2235.36 ,204.10 
2023-05-18,1150.00 ,400.00 ,2263.41 ,200.10 
2023-05-19,1150.00 ,400.00 ,2287.61 ,207.40 
2023-05-20,,,2269.79 ,202.00 
2023-05-21,,,2317.94 ,205.40 
2023-05-22,1150.00 ,400.00 ,2334.21 ,216.00 
2023-05-23,1150.00 ,400.00 ,2340.27 ,217.90 
2023-05-24,1150.00 ,0.00 ,2324.41 ,195.20 
2023-05-25,1150.00 ,,2321.83 ,209.60 
2023-05-26,1150.00 ,,2344.15 ,212.90 
2023-05-27,,,2355.53 ,201.00 
2023-05-28,,,2344.20 ,204.90 
2023-05-29,1150.00 ,,2344.81 ,194.30 
2023-05-30,1150.00 ,,2389.67 ,195.00 
2023-05-31,1150.00 ,,2432.74 ,173.80 
2023-06-01,1150.00 ,,2431.94 ,176.50 
2023-06-02,1150.00 ,,2438.09 ,167.10 
2023-06-03,,,2431.00 ,185.00 
2023-06-04,,,2406.24 ,158.10 
2023-06-05,1150.00 ,,2390.07 ,182.80 
2023-06-06,1150.00 ,,2395.18 ,183.90 
2023-06-07,1150.00 ,,2394.79 ,166.10 
2023-06-08,1150.00 ,,2380.20 ,163.20 
2023-06-09,1150.00 ,,2410.07 ,194.80 
2023-06-10,,,2365.76 ,149.50 
2023-06-11,,,2357.04 ,186.30 
2023-06-12,1150.00 ,,2386.67 ,200.40 
2023-06-13,1150.00 ,,2377.88 ,193.70 
2023-06-14,1150.00 ,,2350.25 ,165.50 
2023-06-15,1150.00 ,,2338.98 ,199.50 
2023-06-16,1150.00 ,,2314.55 ,195.30 
2023-06-17,,,2310.16 ,190.30 
2023-06-18,,,2295.80 ,188.10 
2023-06-19,1150.00 ,,2280.86 ,198.90 
2023-06-20,1150.00 ,,2268.45 ,200.70 
2023-06-21,1150.00 ,,2270.98 ,181.50 
2023-06-22,,,2269.33 ,185.70 
2023-06-23,,,2264.64 ,201.50 
2023-06-24,,,2157.98 ,195.80 
2023-06-25,,,2205.69 ,193.10 
2023-06-26,1050.00 ,,2205.93 ,202.20 
2023-06-27,1050.00 ,,2183.13 ,187.00 
2023-06-28,1050.00 ,,2142.70 ,168.40 
2023-06-29,1050.00 ,,2143.38 ,203.10 
2023-06-30,1050.00 ,,2134.68 ,197.10 
2023-07-01,,,2110.69 ,173.70 
2023-07-02,,,2126.19 ,187.60 
2023-07-03,1050.00 ,,2105.00 ,204.30 
2023-07-04,1050.00 ,,2176.86 ,197.30 
2023-07-05,1050.00 ,,2094.74 ,167.30 
2023-07-06,1050.00 ,,2098.95 ,203.60 
2023-07-07,1050.00 ,,2103.62 ,197.20 
2023-07-08,,,2085.92 ,183.00 
2023-07-09,,,2104.82 ,193.90 
2023-07-10,1050.00 ,,2115.23 ,209.10 
2023-07-11,1050.00 ,,2117.91 ,212.20 
2023-07-12,1050.00 ,,2104.28 ,193.50 
2023-07-13,1050.00 ,,2124.75 ,208.60 
2023-07-14,1050.00 ,,2112.67 ,193.20 
2023-07-15,,,2093.29 ,198.70 
2023-07-16,,,2083.77 ,195.70 
2023-07-17,1050.00 ,,2102.76 ,213.60 
2023-07-18,1050.00 ,,2109.26 ,211.30 
2023-07-19,1050.00 ,,2139.22 ,202.00 
2023-07-20,1050.00 ,,2133.16 ,195.40 
2023-07-21,1050.00 ,,2114.40 ,196.20 
2023-07-22,,,2098.33 ,170.80 
2023-07-23,,,2081.90 ,169.40 
2023-07-24,1050.00 ,,2082.06 ,203.10 
2023-07-25,1050.00 ,,2103.72 ,194.80 
2023-07-26,1050.00 ,,2099.36 ,164.70 
2023-07-27,1050.00 ,,2097.16 ,193.60 
2023-07-28,1050.00 ,,2093.72 ,195.10 
2023-07-29,,,2101.35 ,169.90 
2023-07-30,,,2121.06 ,184.70 
2023-07-31,1050.00 ,,2121.76 ,167.50 
2023-08-01,1050.00 ,,2104.96 ,120.70 
2023-08-02,1050.00 ,,2053.71 ,90.40 
2023-08-03,1050.00 ,,2029.58 ,154.70 
2023-08-04,1050.00 ,,2038.95 ,183.50 
2023-08-05,,,2014.25 ,172.10 
2023-08-06,,,2021.17 ,164.60 
2023-08-07,1050.00 ,,2018.54 ,183.80 
2023-08-08,1050.00 ,,2028.68 ,172.00 
2023-08-09,1050.00 ,,2031.38 ,160.60 
2023-08-10,1050.00 ,,2035.09 ,179.00 
2023-08-11,1050.00 ,,2010.71 ,181.30 
2023-08-12,,,1976.76 ,135.50 
2023-08-13,,,1959.82 ,162.90 
2023-08-14,1050.00 ,,1942.00 ,185.50 
2023-08-15,1050.00 ,,1932.90 ,182.00 
2023-08-16,1050.00 ,,1928.95 ,171.50 
2023-08-17,1050.00 ,,1828.40 ,169.00 
2023-08-18,1050.00 ,,1924.41 ,178.50 
2023-08-19,,,1902.58 ,164.00 
2023-08-20,,,1897.56 ,183.30 
2023-08-21,1050.00 ,,1885.59 ,165.90 
2023-08-22,1050.00 ,,1785.78 ,150.30 
2023-08-23,1050.00 ,,1850.94 ,183.10 
2023-08-24,1050.00 ,,1859.96 ,183.10 
2023-08-25,1050.00 ,,1854.61 ,182.80 
2023-08-26,,,1831.94 ,139.70 
2023-08-27,,,1790.96 ,167.90 
2023-08-28,1050.00 ,,1770.91 ,184.40 
2023-08-29,1050.00 ,,1780.16 ,173.50 
2023-08-30,1150.00 ,,1805.40 ,158.00 
2023-08-31,1150.00 ,,1780.78 ,160.90 
2023-09-01,1160.00 ,,1775.64 ,149.10 
2023-09-02,,,1735.53 ,138.30 
2023-09-03,,,1732.31 ,159.70 
2023-09-04,1160.00 ,,1725.92 ,178.10 
2023-09-05,1160.00 ,,1707.21 ,165.10 
2023-09-06,1160.00 ,300.00 ,1674.16 ,155.60 
2023-09-07,1160.00 ,300.00 ,1672.74 ,178.70 
2023-09-08,1220.00 ,300.00 ,1664.91 ,168.20 
2023-09-09,,,1671.48 ,161.20 
2023-09-10,,,1669.23 ,181.30 
2023-09-11,1220.00 ,0.00 ,1668.32 ,183.50 
2023-09-12,1280.00 ,,1696.73 ,178.30 
2023-09-13,1280.00 ,,1700.91 ,177.90 
2023-09-14,1440.00 ,900.00 ,1699.83 ,175.60 
2023-09-15,1440.00 ,900.00 ,1713.08 ,187.50 
2023-09-16,,,1714.60 ,168.30 
2023-09-17,,,1723.48 ,192.40 
2023-09-18,1440.00 ,900.00 ,1729.59 ,204.20 
2023-09-19,1440.00 ,900.00 ,1755.34 ,197.80 
2023-09-20,1440.00 ,200.00 ,1741.78 ,190.10 
2023-09-21,1440.00 ,0.00 ,1756.02 ,183.40 
2023-09-22,1440.00 ,,1755.59 ,196.40 
2023-09-23,,,1767.58 ,186.20 
2023-09-24,,,1749.45 ,178.70 
2023-09-25,1430.00 ,,1770.55 ,213.70 
2023-09-26,1430.00 ,,1778.15 ,209.80 
2023-09-27,1360.00 ,,1759.82 ,188.10 
2023-09-28,1360.00 ,,1792.99 ,214.70 
2023-09-29,,,1809.83 ,202.20 
2023-09-30,,,1797.63 ,200.70 
2023-10-01,,,1824.41 ,207.10 
2023-10-02,,,1826.77 ,194.20 
2023-10-03,,,1847.23 ,205.00 
2023-10-04,,,1840.62 ,182.70 
2023-10-05,,,1847.94 ,181.80 
2023-10-06,,,1847.63 ,181.10 
2023-10-07,,,1864.34 ,185.60 
2023-10-08,,,1878.48 ,175.00 
2023-10-09,1360.00 ,,1904.53 ,179.20 
2023-10-10,1360.00 ,,1912.95 ,189.20 
2023-10-11,1360.00 ,,1910.55 ,177.20 
2023-10-12,1360.00 ,,1900.23 ,172.90 
2023-10-13,1360.00 ,,1907.13 ,198.30 
2023-10-14,,,1884.04 ,180.00 
2023-10-15,,,1861.10 ,175.60 
2023-10-16,1360.00 ,100.00 ,1885.66 ,204.00 
2023-10-17,1360.00 ,400.00 ,1922.77 ,202.60 
2023-10-18,1360.00 ,500.00 ,1930.11 ,184.10 
2023-10-19,1360.00 ,400.00 ,1942.67 ,194.60 
2023-10-20,1360.00 ,500.00 ,1946.50 ,179.60 
2023-10-21,,,1983.38 ,220.70 
2023-10-22,,,2003.99 ,209.60 
2023-10-23,1360.00 ,400.00 ,2045.30 ,209.80 
2023-10-24,1360.00 ,400.00 ,2053.24 ,190.80 
2023-10-25,1360.00 ,400.00 ,2073.20 ,205.30 
2023-10-26,1360.00 ,0.00 ,2111.62 ,209.40 
2023-10-27,1360.00 ,,2109.34 ,184.00 
2023-10-28,,,2084.12 ,199.20 
2023-10-29,,,2085.59 ,206.30 
2023-10-30,1360.00 ,,2113.27 ,210.40 
2023-10-31,1360.00 ,,2128.06 ,194.40 
2023-11-01,1360.00 ,,2175.58 ,190.50 
2023-11-02,1360.00 ,,2224.90 ,201.00 
2023-11-03,1360.00 ,,2215.39 ,185.50 
2023-11-04,,,2225.96 ,181.50 
2023-11-05,,,2233.53 ,194.40 
2023-11-06,1360.00 ,,2234.67 ,192.00 
2023-11-07,1360.00 ,,2305.16 ,185.10 
2023-11-08,1360.00 ,,2280.39 ,168.50 
2023-11-09,1360.00 ,,2277.28 ,163.60 
2023-11-10,1360.00 ,100.00 ,2310.40 ,198.50 
2023-11-11,,,2287.69 ,167.70 
2023-11-12,,,2292.07 ,188.50 
2023-11-13,1360.00 ,200.00 ,2311.65 ,196.50 
2023-11-14,1360.00 ,200.00 ,2319.95 ,186.70 
2023-11-15,1360.00 ,200.00 ,2312.18 ,180.60 
2023-11-16,1360.00 ,0.00 ,2321.96 ,197.80 
2023-11-17,1360.00 ,,2315.45 ,195.70 
2023-11-18,,,2344.09 ,170.20 
2023-11-19,,,2348.67 ,195.40 
2023-11-20,1360.00 ,,2330.25 ,192.40 
2023-11-21,1360.00 ,,2330.33 ,193.40 
2023-11-22,1360.00 ,,2297.37 ,179.30 
2023-11-23,1360.00 ,,2284.07 ,178.10 
2023-11-24,1360.00 ,,2309.49 ,191.30 
2023-11-25,,,2299.37 ,185.60 
2023-11-26,,,2293.92 ,173.40 
2023-11-27,1360.00 ,,2285.21 ,197.90 
2023-11-28,1360.00 ,,2280.82 ,193.60 
2023-11-29,1360.00 ,,2249.36 ,174.20 
2023-11-30,1360.00 ,,2273.21 ,187.20 
2023-12-01,1370.00 ,,2278.11 ,182.00 
2023-12-02,,,2289.35 ,196.20 
2023-12-03,,,2296.92 ,190.60 
2023-12-04,1370.00 ,,2295.39 ,204.60 
2023-12-05,1370.00 ,,2280.70 ,177.80 
2023-12-06,1370.00 ,,2260.42 ,180.50 
2023-12-07,1370.00 ,,2259.27 ,191.70 
2023-12-08,1370.00 ,,2237.81 ,188.30 
2023-12-09,,,2212.07 ,190.50 
2023-12-10,,,2252.04 ,186.20 
2023-12-11,1370.00 ,200.00 ,2381.45 ,193.40 
2023-12-12,1370.00 ,200.00 ,2468.89 ,164.10 
2023-12-13,1370.00 ,200.00 ,2449.95 ,177.10 
2023-12-14,1370.00 ,200.00 ,2390.99 ,166.10 
2023-12-15,1370.00 ,0.00 ,2430.40 ,160.00 
2023-12-16,,,2446.89 ,134.30 
2023-12-17,,,2427.71 ,126.00 
2023-12-18,1370.00 ,,2420.58 ,146.40 
2023-12-19,1370.00 ,,2371.19 ,145.60 
2023-12-20,1370.00 ,,2309.48 ,158.90 
2023-12-21,1370.00 ,,2260.09 ,139.60 
2023-12-22,1370.00 ,,2238.44 ,125.80 
2023-12-23,,,2237.46 ,149.40 
2023-12-24,,,2214.20 ,176.30 
2023-12-25,1370.00 ,,2195.97 ,176.90 
2023-12-26,1370.00 ,,2169.40 ,179.60 
2023-12-27,1370.00 ,,2131.72 ,161.30 
2023-12-28,1370.00 ,,2105.27 ,182.00 
2023-12-29,1370.00 ,,2082.71 ,196.10 
2023-12-30,,,2065.43 ,190.20 
2023-12-31,,,2092.94 ,167.60 
2024-01-01,,,2110.85 ,170.40 
2024-01-02,1370.00 ,,2089.82 ,181.60 
2024-01-03,1370.00 ,,2071.39 ,148.30 
2024-01-04,1370.00 ,,2061.92 ,186.00 
2024-01-05,1370.00 ,,2051.44 ,175.00 
2024-01-06,,,2012.54 ,159.80 
2024-01-07,,,1980.61 ,176.00 
2024-01-08,1560.00 ,200.00 ,1979.91 ,187.70 
2024-01-09,1560.00 ,300.00 ,1971.37 ,189.90 
2024-01-10,1640.00 ,300.00 ,1958.15 ,169.80 
2024-01-11,1550.00 ,600.00 ,1948.76 ,187.30 
2024-01-12,1510.00 ,500.00 ,1932.52 ,189.20 
2024-01-13,,,1924.36 ,163.60 
2024-01-14,,,1946.68 ,181.00 
2024-01-15,1450.00 ,400.00 ,1931.37 ,189.00 
2024-01-16,1450.00 ,300.00 ,1915.45 ,191.60 
2024-01-17,1450.00 ,300.00 ,1923.68 ,175.10 
2024-01-18,1450.00 ,300.00 ,1916.73 ,194.30 
2024-01-19,1310.00 ,0.00 ,1917.03 ,193.90 
2024-01-20,,,1900.47 ,166.00 
2024-01-21,,,1951.05 ,182.90 
2024-01-22,1310.00 ,,1936.43 ,170.60 
2024-01-23,1300.00 ,,1929.04 ,153.50 
2024-01-24,1250.00 ,,1924.90 ,150.00 
2024-01-25,1040.00 ,,1924.71 ,168.80 
2024-01-26,1000.00 ,,1926.01 ,186.50 
2024-01-27,,,1917.96 ,162.00 
2024-01-28,,,1924.38 ,185.00 
2024-01-29,1000.00 ,,1914.22 ,181.70 
2024-01-30,1000.00 ,,1907.60 ,183.70 
2024-01-31,1000.00 ,,1911.14 ,172.60 
2024-02-01,1000.00 ,,1933.03 ,175.90 
2024-02-02,1000.00 ,,1969.00 ,173.50 
2024-02-03,,,1924.10 ,156.00 
2024-02-04,,,1885.54 ,171.20 
2024-02-05,1000.00 ,,1856.67 ,175.70 
2024-02-06,1000.00 ,,1821.29 ,137.90 
2024-02-07,1160.00 ,,1773.24 ,118.40 
2024-02-08,1160.00 ,,1747.56 ,129.00 
2024-02-09,,,1775.98 ,152.40 
2024-02-10,,,1785.85 ,135.20 
2024-02-11,,,1751.63 ,137.80 
2024-02-12,,,1705.12 ,121.20 
2024-02-13,,,1652.75 ,123.40 
2024-02-14,,,1619.23 ,114.70 
2024-02-15,,,1615.90 ,139.10 
2024-02-16,,,1635.50 ,145.00 
2024-02-17,,,1647.64 ,156.60 
2024-02-18,,,1664.74 ,158.50 
2024-02-19,1160.00 ,,1705.87 ,177.80 
2024-02-20,1160.00 ,,1746.19 ,179.10 
2024-02-21,1130.00 ,,1787.40 ,138.50 
2024-02-22,1130.00 ,600.00 ,1974.69 ,138.20 
2024-02-23,1130.00 ,600.00 ,1879.32 ,157.60 
2024-02-24,,,1861.02 ,148.00 
2024-02-25,,,1849.44 ,177.80 
2024-02-26,1130.00 ,600.00 ,1830.98 ,171.30 
2024-02-27,1130.00 ,600.00 ,1824.19 ,170.20 
2024-02-28,1130.00 ,0.00 ,1808.48 ,165.40 
2024-02-29,1070.00 ,,1806.32 ,181.70 
2024-03-01,1070.00 ,,1815.52 ,172.40 
2024-03-02,,,1790.17 ,172.70 
2024-03-03,,,1806.02 ,184.70 
2024-03-04,1070.00 ,,1796.28 ,180.60 
2024-03-05,1070.00 ,,1808.42 ,200.70 
2024-03-06,1070.00 ,,1801.01 ,157.90 
2024-03-07,850.00 ,,1787.13 ,180.00 
2024-03-08,760.00 ,,1785.91 ,185.90 
2024-03-09,,,1766.92 ,170.70 
2024-03-10,,,1764.33 ,177.50 
2024-03-11,760.00 ,,1781.41 ,204.40 
2024-03-12,760.00 ,200.00 ,1787.21 ,210.20 
2024-03-13,760.00 ,200.00 ,1777.50 ,175.50 
2024-03-14,760.00 ,600.00 ,1760.63 ,176.40 
2024-03-15,760.00 ,400.00 ,1765.26 ,196.80 
2024-03-16,,,1737.36 ,182.00 
2024-03-17,,,1728.42 ,185.10 
2024-03-18,750.00 ,400.00 ,1742.56 ,198.20 
2024-03-19,750.00 ,400.00 ,1771.73 ,204.30 
2024-03-20,750.00 ,100.00 ,1776.83 ,174.60 
2024-03-21,750.00 ,0.00 ,1785.03 ,187.10 
2024-03-22,750.00 ,,1792.17 ,197.40 
2024-03-23,,,1790.89 ,167.50 
2024-03-24,,,1822.07 ,187.80 
2024-03-25,750.00 ,,1877.26 ,179.60 
2024-03-26,220.00 ,,1918.04 ,175.90 
2024-03-27,220.00 ,,1931.35 ,182.40 
2024-03-28,0.00 ,,1930.02 ,183.00 
2024-03-29,,,1933.20 ,199.00 
2024-03-30,,,1907.35 ,170.10 
2024-03-31,,,1910.17 ,176.80 
2024-04-01,,,1904.41 ,178.00 
2024-04-02,,,1897.42 ,172.80 
2024-04-03,750.00 ,,1892.79 ,144.60 
2024-04-04,,,1868.07 ,173.30 
2024-04-05,,,1834.97 ,173.70 
2024-04-06,,,1816.95 ,170.80 
2024-04-07,,,1798.28 ,166.70 
2024-04-08,750.00 ,,1804.27 ,178.30 
2024-04-09,750.00 ,,1832.08 ,169.20 
2024-04-10,750.00 ,,1856.14 ,169.80 
2024-04-11,750.00 ,,1837.35 ,160.30 
2024-04-12,800.00 ,,1844.30 ,173.00 
2024-04-13,,,1853.05 ,177.10 
2024-04-14,,,1848.70 ,177.50 
2024-04-15,800.00 ,,1825.86 ,169.50 
2024-04-16,800.00 ,600.00 ,1823.91 ,180.50 
2024-04-17,800.00 ,600.00 ,1835.71 ,173.80 
2024-04-18,800.00 ,600.00 ,1845.68 ,183.70 
2024-04-19,830.00 ,600.00 ,1872.74 ,195.30 
2024-04-20,,,1879.60 ,183.40 
2024-04-21,,,1922.89 ,198.90 
2024-04-22,830.00 ,0.00 ,1922.15 ,182.20 
2024-04-23,830.00 ,,1915.38 ,196.50 
2024-04-24,830.00 ,,1902.16 ,160.40 
2024-04-25,830.00 ,,1903.86 ,187.60 
2024-04-26,830.00 ,,1891.62 ,180.60 
2024-04-27,,,1854.65 ,160.50 
2024-04-28,,,1708.20 ,184.20 
2024-04-29,830.00 ,,1912.07 ,190.80 
2024-04-30,930.00 ,,1950.69 ,201.50 
2024-05-01,,,1905.08 ,184.10 
2024-05-02,,,1882.48 ,190.50 
2024-05-03,,,1845.77 ,185.40 
2024-05-04,,,1831.48 ,182.70 
2024-05-05,,,1829.80 ,202.10 
2024-05-06,930.00 ,,1835.59 ,198.40 
2024-05-07,940.00 ,400.00 ,1855.65 ,196.30 
2024-05-08,940.00 ,400.00 ,1851.81 ,181.10 
2024-05-09,940.00 ,500.00 ,1870.67 ,171.90 
2024-05-10,970.00 ,400.00 ,1877.53 ,177.10 
2024-05-11,,,1904.25 ,165.40 
2024-05-12,,,1913.47 ,178.40 
2024-05-13,1000.00 ,2600.00 ,1916.29 ,191.70 
2024-05-14,1040.00 ,2900.00 ,1926.14 ,199.90 
2024-05-15,1170.00 ,2800.00 ,1934.24 ,189.80 
2024-05-16,1170.00 ,1200.00 ,1935.03 ,189.50 
2024-05-17,1170.00 ,400.00 ,1943.33 ,189.40 
2024-05-18,,,1951.26 ,197.10 
2024-05-19,,,1959.48 ,197.40 
2024-05-20,1210.00 ,200.00 ,1969.10 ,196.30 
2024-05-21,1210.00 ,200.00 ,2025.29 ,199.00 
2024-05-22,1210.00 ,200.00 ,2022.04 ,182.40 
2024-05-23,1210.00 ,0.00 ,2034.96 ,202.50 
2024-05-24,1120.00 ,,2048.71 ,191.00 
2024-05-25,,,2071.60 ,182.10 
2024-05-26,,,2039.28 ,168.90 
2024-05-27,1030.00 ,,2024.27 ,197.50 
2024-05-28,1030.00 ,,2007.81 ,184.10 
2024-05-29,970.00 ,,2008.43 ,190.70 
2024-05-30,970.00 ,,2022.02 ,187.70 
2024-05-31,970.00 ,,2007.94 ,171.40 
2024-06-01,,,1997.71 ,179.00 
2024-06-02,,,1987.28 ,186.00 
2024-06-03,970.00 ,,1981.56 ,182.10 
2024-06-04,970.00 ,,2005.58 ,190.50 
2024-06-05,970.00 ,,2015.72 ,172.10 
2024-06-06,970.00 ,,2048.96 ,195.20 
2024-06-07,970.00 ,,2046.95 ,186.80 
2024-06-08,,,2041.53 ,173.20 
2024-06-09,,,2073.67 ,194.10 
2024-06-10,,,2079.55 ,197.30 
2024-06-11,940.00 ,,2106.42 ,193.30 
2024-06-12,940.00 ,300.00 ,2119.96 ,178.00 
2024-06-13,940.00 ,300.00 ,2120.69 ,172.60 
2024-06-14,940.00 ,300.00 ,2135.69 ,173.50 
2024-06-15,,,2142.75 ,163.60 
2024-06-16,,,2145.71 ,185.20 
2024-06-17,940.00 ,0.00 ,2155.40 ,194.10 
2024-06-18,940.00 ,,2181.27 ,192.90 
2024-06-19,940.00 ,,2208.15 ,159.60 
2024-06-20,940.00 ,,2216.02 ,179.70 
2024-06-21,940.00 ,,2199.19 ,169.80 
2024-06-22,,,2177.95 ,164.70 
2024-06-23,,,2195.53 ,178.10 
2024-06-24,890.00 ,,2212.26 ,167.40 
2024-06-25,890.00 ,,2208.37 ,182.60 
2024-06-26,890.00 ,,2203.45 ,175.50 
2024-06-27,890.00 ,,2202.76 ,193.80 
2024-06-28,890.00 ,,2211.30 ,180.20 
2024-06-29,,,2205.46 ,161.00 
2024-06-30,,,2220.29 ,179.50 
2024-07-01,890.00 ,,2198.32 ,181.20 
2024-07-02,890.00 ,,2170.49 ,172.30 
2024-07-03,890.00 ,,2190.01 ,153.80 
2024-07-04,890.00 ,,2223.47 ,183.90 
2024-07-05,890.00 ,,2231.26 ,172.30 
2024-07-06,,,2213.37 ,133.70 
2024-07-07,,,2211.40 ,167.30 
2024-07-08,890.00 ,,2223.03 ,167.20 
2024-07-09,890.00 ,,2239.17 ,175.50 
2024-07-10,890.00 ,,2217.88 ,151.90 
2024-07-11,890.00 ,,2189.46 ,154.30 
2024-07-12,890.00 ,,2152.48 ,153.10 
2024-07-13,,,2118.19 ,145.10 
2024-07-14,,,2093.06 ,155.00 
2024-07-15,890.00 ,,2065.01 ,151.30 
2024-07-16,890.00 ,,2065.20 ,158.70 
2024-07-17,890.00 ,,2062.43 ,149.60 
2024-07-18,890.00 ,,2061.79 ,165.30 
2024-07-19,890.00 ,,2034.53 ,156.50 
2024-07-20,,,2012.55 ,140.00 
2024-07-21,,,2006.93 ,168.40 
2024-07-22,890.00 ,,2007.46 ,174.00 
2024-07-23,670.00 ,,2010.49 ,168.50 
2024-07-24,670.00 ,,2003.24 ,171.00 
2024-07-25,670.00 ,,2018.70 ,165.30 
2024-07-26,890.00 ,,2019.79 ,149.80 
2024-07-27,,,2007.88 ,146.90 
2024-07-28,,,1993.95 ,166.40 
2024-07-29,890.00 ,,1994.28 ,182.30 
2024-07-30,890.00 ,,1996.94 ,178.10 
2024-07-31,890.00 ,,1959.21 ,126.10 
2024-08-01,890.00 ,,1971.59 ,139.80 
2024-08-02,890.00 ,,1985.47 ,187.30 
2024-08-03,,,1972.91 ,153.60 
2024-08-04,,,1992.95 ,168.10 
2024-08-05,890.00 ,,2010.50 ,166.90 
2024-08-06,920.00 ,,2026.18 ,172.10 
2024-08-07,920.00 ,,2019.26 ,163.20 
2024-08-08,920.00 ,,2012.82 ,165.80 
2024-08-09,920.00 ,,2014.28 ,171.00 
2024-08-10,,,2006.23 ,145.80 
2024-08-11,,,2016.48 ,146.10 
2024-08-12,920.00 ,,2005.31 ,161.50 
2024-08-13,920.00 ,,2006.79 ,168.80 
2024-08-14,920.00 ,,2003.80 ,141.80 
2024-08-15,920.00 ,,2011.08 ,170.30 
2024-08-16,920.00 ,,2009.51 ,169.40 
2024-08-17,,,1992.33 ,165.30 
2024-08-18,,,1962.16 ,175.60 
2024-08-19,920.00 ,,1946.08 ,172.90 
2024-08-20,920.00 ,,1937.38 ,177.40 
2024-08-21,920.00 ,,1922.43 ,152.20 
2024-08-22,920.00 ,,1932.03 ,180.00 
2024-08-23,920.00 ,,1919.79 ,177.70 
2024-08-24,,,1902.04 ,165.50 
2024-08-25,,,1899.87 ,190.80 
2024-08-26,920.00 ,,1888.62 ,199.80 
2024-08-27,970.00 ,,1893.31 ,162.70 
2024-08-28,970.00 ,,1893.47 ,135.40 
2024-08-29,970.00 ,500.00 ,1887.65 ,171.30 
2024-08-30,970.00 ,500.00 ,1872.91 ,172.90 
2024-08-31,,,1831.52 ,170.60 
2024-09-01,,,1827.54 ,179.10 
2024-09-02,970.00 ,500.00 ,1823.97 ,171.30 
2024-09-03,970.00 ,700.00 ,1839.21 ,171.70 
2024-09-04,970.00 ,700.00 ,1794.86 ,151.30 
2024-09-05,940.00 ,400.00 ,1811.06 ,178.10 
2024-09-06,870.00 ,600.00 ,1787.69 ,174.50 
2024-09-07,,,1773.40 ,145.40 
2024-09-08,,,1795.86 ,166.90 
2024-09-09,870.00 ,2300.00 ,1811.68 ,171.10 
2024-09-10,920.00 ,3100.00 ,1804.31 ,169.30 
2024-09-11,920.00 ,2900.00 ,1789.18 ,149.40 
2024-09-12,920.00 ,2000.00 ,1818.34 ,170.80 
2024-09-13,900.00 ,600.00 ,1816.57 ,167.10 
2024-09-14,,,1772.65 ,150.40 
2024-09-15,,,1783.84 ,172.00 
2024-09-16,,,1794.41 ,185.30 
2024-09-17,,,1795.25 ,181.60 
2024-09-18,890.00 ,500.00 ,1765.81 ,157.10 
2024-09-19,890.00 ,300.00 ,1731.45 ,155.80 
2024-09-20,910.00 ,100.00 ,1726.91 ,150.50 
2024-09-21,,,1770.20 ,158.70 
2024-09-22,,,1855.10 ,188.70 
2024-09-23,960.00 ,100.00 ,1841.40 ,163.90 
2024-09-24,960.00 ,0.00 ,1847.57 ,161.80 
2024-09-25,950.00 ,,1893.39 ,174.60 
2024-09-26,950.00 ,,1956.86 ,165.10 
2024-09-27,950.00 ,,1972.29 ,185.90 
2024-09-28,,,1916.56 ,168.40 
2024-09-29,,,1900.91 ,185.08 
2024-09-30,950.00 ,,1920.51 ,217.30 
2024-10-01,,,1896.03 ,186.30 
2024-10-02,,,1894.45 ,191.10 
2024-10-03,,,1920.01 ,190.80 
2024-10-04,,,1887.97 ,188.60 
2024-10-05,,,1909.87 ,214.00 
2024-10-06,,,1900.12 ,190.00 
2024-10-07,,,1875.33 ,183.70 
2024-10-08,950.00 ,,1863.58 ,179.50 
2024-10-09,950.00 ,,1864.35 ,176.60 
2024-10-10,950.00 ,,1895.42 ,190.60 
2024-10-11,950.00 ,,1901.64 ,156.60 
2024-10-12,,,1905.59 ,175.00 
2024-10-13,,,1901.40 ,164.90 
2024-10-14,950.00 ,,1916.50 ,189.80 
2024-10-15,930.00 ,,1929.81 ,187.80 
2024-10-16,930.00 ,,1947.34 ,180.80 
2024-10-17,930.00 ,,1954.23 ,201.40 
2024-10-18,930.00 ,,1918.52 ,161.10 
2024-10-19,,,1933.85 ,187.60 
2024-10-20,,,1991.11 ,176.60 
2024-10-21,930.00 ,,1968.77 ,192.10 
2024-10-22,930.00 ,,2004.10 ,185.00 
2024-10-23,930.00 ,,2024.39 ,175.60 
2024-10-24,930.00 ,,2027.75 ,199.90 
2024-10-25,930.00 ,,2026.82 ,190.00 
2024-10-26,,,2034.70 ,212.20 
2024-10-27,,,2032.48 ,189.00 
2024-10-28,930.00 ,,2044.92 ,194.50 
2024-10-29,930.00 ,,2066.64 ,211.90 
2024-10-30,930.00 ,,2085.36 ,200.00 
2024-10-31,930.00 ,,2080.84 ,195.30 
2024-11-01,930.00 ,,2056.22 ,181.10 
2024-11-02,,,2047.23 ,184.10 
2024-11-03,,,2055.08 ,199.60 
2024-11-04,930.00 ,,2047.78 ,189.70 
2024-11-05,930.00 ,100.00 ,2102.69 ,195.80 
2024-11-06,930.00 ,100.00 ,2107.98 ,166.40 
2024-11-07,930.00 ,100.00 ,2119.10 ,183.60 
2024-11-08,930.00 ,100.00 ,2139.02 ,200.80 
2024-11-09,,,2149.05 ,176.60 
2024-11-10,,,2158.58 ,183.60 
2024-11-11,960.00 ,0.00 ,2156.92 ,203.20 
2024-11-12,960.00 ,,2169.09 ,197.80 
2024-11-13,960.00 ,,2194.56 ,180.70 
2024-11-14,960.00 ,,2255.41 ,190.80 
2024-11-15,960.00 ,,2269.32 ,185.10 
2024-11-16,,,2277.57 ,188.60 
2024-11-17,,,2280.51 ,197.10 
2024-11-18,960.00 ,,2269.12 ,199.70 
2024-11-19,960.00 ,,2299.50 ,209.00 
2024-11-20,960.00 ,,2306.89 ,176.70 
2024-11-21,960.00 ,,2342.06 ,190.10 
2024-11-22,960.00 ,,2344.39 ,129.00 
2024-11-23,,,2327.43 ,178.70 
2024-11-24,,,2316.83 ,191.00 
2024-11-25,960.00 ,,2330.23 ,193.60 
2024-11-26,960.00 ,,2324.88 ,201.60 
2024-11-27,960.00 ,,2382.90 ,167.20 
2024-11-28,960.00 ,,2203.70 ,169.00 
2024-11-29,960.00 ,,2501.03 ,164.90 
2024-11-30,,,2491.29 ,171.20 
2024-12-01,,,2443.79 ,170.20 
2024-12-02,960.00 ,,2431.43 ,197.30 
2024-12-03,960.00 ,,2427.81 ,203.70 
2024-12-04,960.00 ,,2398.06 ,179.30 
2024-12-05,950.00 ,,2391.13 ,182.60 
2024-12-06,900.00 ,,2379.24 ,184.70 
2024-12-07,,,2364.98 ,184.30 
2024-12-08,,,2352.86 ,190.60 
2024-12-09,900.00 ,,2353.75 ,193.80 
2024-12-10,900.00 ,,2338.35 ,191.30 
2024-12-11,900.00 ,,2314.21 ,161.40 
2024-12-12,900.00 ,,2271.83 ,181.20 
2024-12-13,900.00 ,100.00 ,2264.00 ,174.20 
2024-12-14,,,2257.45 ,169.80 
2024-12-15,,,2251.49 ,177.90 
2024-12-16,900.00 ,100.00 ,2258.95 ,192.50 
2024-12-17,900.00 ,100.00 ,2254.00 ,178.70 
2024-12-18,900.00 ,100.00 ,2240.14 ,155.30 
2024-12-19,900.00 ,0.00 ,2237.13 ,167.40 
2024-12-20,900.00 ,,2223.67 ,166.20 
2024-12-21,,,2209.30 ,161.70 
2024-12-22,,,2218.64 ,186.40 
2024-12-23,900.00 ,,2201.83 ,173.40 
2024-12-24,900.00 ,,2190.46 ,167.10 
2024-12-25,900.00 ,,2166.30 ,146.20 
2024-12-26,900.00 ,,2169.16 ,152.70 
2024-12-27,900.00 ,,2149.78 ,160.50 
2024-12-28,,,2119.26 ,146.50 
2024-12-29,,,2102.27 ,149.90 
2024-12-30,900.00 ,,2089.65 ,151.20 
2024-12-31,900.00 ,,2074.64 ,159.80 
2025-01-01,,,2053.56 ,132.70 
2025-01-02,900.00 ,700.00 ,2060.27 ,155.60 
2025-01-03,910.00 ,700.00 ,2044.36 ,150.80 
2025-01-04,,,2039.44 ,140.00 
2025-01-05,,,2031.66 ,150.90 
2025-01-06,920.00 ,1300.00 ,2038.58 ,159.60 
2025-01-07,920.00 ,1200.00 ,2028.86 ,149.50 
2025-01-08,920.00 ,800.00 ,2040.16 ,146.80 
2025-01-09,930.00 ,500.00 ,2039.31 ,146.00 
2025-01-10,930.00 ,500.00 ,2076.47 ,167.20 
2025-01-11,,,2064.50 ,148.70 
2025-01-12,,,2082.50 ,156.60 
2025-01-13,930.00 ,1700.00 ,2080.67 ,165.50 
2025-01-14,930.00 ,2400.00 ,2089.09 ,172.00 
2025-01-15,1040.00 ,2400.00 ,2076.90 ,157.90 
2025-01-16,1040.00 ,2200.00 ,2099.66 ,163.10 
2025-01-17,1040.00 ,1800.00 ,2095.97 ,165.80 
2025-01-18,,,2070.97 ,153.60 
2025-01-19,,,2083.22 ,175.10 
2025-01-20,1040.00 ,1600.00 ,2082.63 ,179.80 
2025-01-21,1040.00 ,1200.00 ,2081.03 ,188.40 
2025-01-22,1040.00 ,0.00 ,1904.50 ,153.70 
2025-01-23,970.00 ,,2074.30 ,161.00 
2025-01-24,920.00 ,,2124.96 ,172.70 
2025-01-25,,,2104.90 ,144.50 
2025-01-26,,,2088.71 ,155.10 
2025-01-27,860.00 ,,2080.35 ,152.70 
2025-01-28,,,2091.04 ,144.70 
2025-01-29,,,2151.76 ,130.50 
2025-01-30,,,2124.23 ,123.60 
2025-01-31,,,2103.59 ,102.20 
2025-02-01,,,1884.10 ,104.30 
2025-02-02,,,2033.79 ,125.30 
2025-02-03,,,2021.29 ,123.90 
2025-02-04,,,2054.11 ,143.60 
2025-02-05,880.00 ,,2077.17 ,135.70 
2025-02-06,880.00 ,,2110.78 ,139.50 
2025-02-07,880.00 ,,2143.88 ,152.50 
2025-02-08,,,2168.66 ,119.10 
2025-02-09,,,2224.97 ,144.50 
2025-02-10,760.00 ,,2233.23 ,155.50 
2025-02-11,750.00 ,,2233.74 ,161.20 
2025-02-12,750.00 ,300.00 ,2239.81 ,149.20 
2025-02-13,750.00 ,300.00 ,2269.84 ,179.70 
2025-02-14,750.00 ,300.00 ,2283.42 ,181.50 
2025-02-15,,,2290.65 ,159.90 
2025-02-16,,,2290.79 ,172.80 
2025-02-17,750.00 ,0.00 ,2333.77 ,190.50 
2025-02-18,750.00 ,100.00 ,2339.71 ,191.10 
2025-02-19,750.00 ,100.00 ,2352.74 ,167.40 
2025-02-20,750.00 ,100.00 ,2368.25 ,178.40 
2025-02-21,780.00 ,100.00 ,2380.19 ,190.50 
2025-02-22,,,2404.71 ,160.20 
2025-02-23,,,2382.01 ,177.30 
2025-02-24,780.00 ,0.00 ,2388.16 ,188.70 
2025-02-25,840.00 ,,2404.87 ,183.90 
2025-02-26,840.00 ,,2393.70 ,167.50 
2025-02-27,840.00 ,,2387.42 ,188.30 
2025-02-28,840.00 ,,2383.52 ,190.10 
2025-03-01,,,2340.16 ,179.40 
2025-03-02,,,2383.13 ,174.40 
2025-03-03,840.00 ,,2279.00 ,194.80 
2025-03-04,840.00 ,,2558.45 ,189.60 
2025-03-05,840.00 ,200.00 ,2570.36 ,163.80 
2025-03-06,840.00 ,200.00 ,2588.45 ,188.40 
2025-03-07,870.00 ,300.00 ,2588.35 ,183.10 
2025-03-08,,,2565.88 ,156.60 
2025-03-09,,,2532.28 ,185.60 
2025-03-10,860.00 ,300.00 ,2549.84 ,185.00 
2025-03-11,860.00 ,300.00 ,2554.95 ,192.30 
2025-03-12,830.00 ,200.00 ,2537.00 ,172.30 
2025-03-13,830.00 ,200.00 ,2528.81 ,192.00 
2025-03-14,730.00 ,700.00 ,2325.00 ,187.00 
2025-03-15,,,2501.66 ,158.80 
2025-03-16,,,2537.57 ,206.00 
2025-03-17,730.00 ,500.00 ,2524.30 ,191.40 
2025-03-18,730.00 ,500.00 ,2525.20 ,184.10 
2025-03-19,730.00 ,500.00 ,2531.00 ,177.00 
2025-03-20,730.00 ,500.00 ,2536.50 ,203.20 
2025-03-21,730.00 ,500.00 ,2515.40 ,205.10 
2025-03-22,,,2486.60 ,174.90 
2025-03-23,,,2469.30 ,204.10 
2025-03-24,30.00 ,0.00 ,2478.10 ,207.80 
2025-03-25,30.00 ,,2511.70 ,212.20 
2025-03-26,0.00 ,,2525.00 ,186.30 
2025-03-27,,,2523.30 ,200.50 
2025-03-28,,,2507.70 ,191.50 
2025-03-29,,,2476.10 ,178.50 
2025-03-30,,,2486.50 ,202.60 
2025-03-31,,,2484.80 ,201.90 
2025-04-01,20.00 ,,2500.80 ,201.90 
2025-04-02,740.00 ,,2456.20 ,188.70 
2025-04-03,740.00 ,,2456.10 ,183.00 
2025-04-04,,,2432.60 ,173.80 
2025-04-05,,,2445.50 ,196.30 
2025-04-06,,,2439.50 ,180.50 
2025-04-07,740.00 ,,2410.20 ,187.00 
2025-04-08,740.00 ,200.00 ,2402.20 ,198.10 
2025-04-09,740.00 ,200.00 ,2383.10 ,167.70 
2025-04-10,860.00 ,200.00 ,2381.50 ,183.30 
2025-04-11,860.00 ,100.00 ,2369.80 ,177.20 
2025-04-12,,,2361.70 ,165.70 
2025-04-13,,,2484.10 ,195.70 
2025-04-14,860.00 ,0.00 ,2563.40 ,180.70 
2025-04-15,860.00 ,,2614.60 ,171.40 
2025-04-16,860.00 ,,2582.70 ,158.80 
2025-04-17,860.00 ,,2575.90 ,180.80 
2025-04-18,860.00 ,,2563.80 ,184.90 
2025-04-19,,,2537.20 ,177.30 
2025-04-20,,,2531.30 ,191.40 
2025-04-21,860.00 ,,2518.10 ,197.00 
2025-04-22,890.00 ,,2516.20 ,195.60 
2025-04-23,890.00 ,,2502.60 ,187.70 
2025-04-24,890.00 ,,2498.80 ,186.20 
2025-04-25,890.00 ,,2506.90 ,190.60 
2025-04-26,,,2501.80 ,191.50 
2025-04-27,,,2489.90 ,201.00 
2025-04-28,890.00 ,,2497.30 ,185.20 
2025-04-29,890.00 ,,2491.50 ,210.30 
2025-04-30,890.00 ,,2493.50 ,207.20 
2025-05-01,,,2501.20 ,213.60 
2025-05-02,,,2510.30 ,204.20 
2025-05-03,,,2526.70 ,216.50 
2025-05-04,,,2547.00 ,212.50 
2025-05-05,,,2566.70 ,211.90 
2025-05-06,940.00 ,2100.00 ,2581.10 ,217.40 
2025-05-07,1120.00 ,3300.00 ,2615.10 ,201.90 
2025-05-08,1140.00 ,3700.00 ,2650.30 ,191.10 
2025-05-09,1190.00 ,3700.00 ,2683.10 ,182.60 
2025-05-10,,,2694.70 ,172.80 
2025-05-11,,,2693.30 ,179.80 
2025-05-12,1290.00 ,3900.00 ,2679.90 ,188.50 
2025-05-13,1690.00 ,5100.00 ,2671.00 ,183.90 
2025-05-14,1740.00 ,3600.00 ,2649.70 ,155.90 
2025-05-15,1630.00 ,3700.00 ,2654.00 ,171.50 
2025-05-16,1570.00 ,3200.00 ,2641.30 ,171.50 
2025-05-17,,,2632.50 ,157.90 
2025-05-18,,,2615.10 ,169.00 
2025-05-19,1470.00 ,3900.00 ,2599.00 ,182.00 
2025-05-20,1470.00 ,3800.00 ,2595.30 ,190.20 
2025-05-21,1090.00 ,3400.00 ,2587.90 ,175.80 
2025-05-22,1090.00 ,3400.00 ,2604.50 ,178.20 
2025-05-23,1190.00 ,3100.00 ,2600.60 ,176.40 
2025-05-24,,,2578.40 ,163.40 
2025-05-25,,,2537.90 ,164.70 
2025-05-26,1090.00 ,2900.00 ,2531.20 ,193.20 
2025-05-27,430.00 ,0.00 ,2526.40 ,186.40 
2025-05-28,430.00 ,,2519.80 ,168.10 
2025-05-29,430.00 ,,2489.70 ,190.40 
2025-05-30,90.00 ,,2458.20 ,189.00 
2025-05-31,,,2438.50 ,176.90 
2025-06-01,,,2425.60 ,196.00 
2025-06-02,,,2402.20 ,185.60 
2025-06-03,90.00 ,,2386.70 ,177.60 
2025-06-04,80.00 ,200.00 ,2370.80 ,156.80 
2025-06-05,80.00 ,100.00 ,2365.30 ,163.10 
2025-06-06,80.00 ,100.00 ,2374.90 ,170.70 
2025-06-07,,,2365.50 ,151.30 
2025-06-08,,,2368.50 ,199.80 
2025-06-09,80.00 ,100.00 ,2375.80 ,190.50 
2025-06-10,80.00 ,100.00 ,2361.10 ,185.00 
2025-06-11,80.00 ,100.00 ,2351.80 ,184.90 
2025-06-12,90.00 ,0.00 ,2341.30 ,186.10 
2025-06-13,90.00 ,,2340.80 ,179.40 
2025-06-14,,,2322.10 ,167.30 
2025-06-15,,,2307.20 ,181.50 
2025-06-16,90.00 ,,2306.70 ,191.40 
2025-06-17,90.00 ,,2315.10 ,188.40 
2025-06-18,90.00 ,,2322.30 ,187.70 
2025-06-19,90.00 ,,2317.00 ,194.10 
2025-06-20,90.00 ,,2329.80 ,200.50 
2025-06-21,,,2298.00 ,172.00 
2025-06-22,,,2293.90 ,192.90 
2025-06-23,90.00 ,,2301.90 ,203.00 
2025-06-24,90.00 ,,2306.90 ,196.50 
2025-06-25,90.00 ,,2269.70 ,162.70 
2025-06-26,90.00 ,,2260.00 ,201.80 
2025-06-27,90.00 ,,2260.80 ,184.90 
2025-06-28,,,2244.80 ,192.30 
2025-06-29,,,2220.40 ,180.70 
2025-06-30,90.00 ,,2215.40 ,198.20 
2025-07-01,90.00 ,,2207.40 ,189.20 
2025-07-02,90.00 ,,2199.60 ,179.10 
2025-07-03,90.00 ,,2201.30 ,169.40 
2025-07-04,90.00 ,,2202.90 ,166.40 
2025-07-05,,,2201.30 ,172.50 
2025-07-06,,,2191.90 ,177.50 
2025-07-07,90.00 ,200.00 ,2181.50 ,184.90 
2025-07-08,90.00 ,200.00 ,2179.50 ,190.30 
2025-07-09,90.00 ,400.00 ,2167.30 ,166.20 
2025-07-10,90.00 ,200.00 ,2156.90 ,181.80 
2025-07-11,90.00 ,200.00 ,2146.00 ,163.20 
2025-07-12,,,2120.70 ,154.70 
2025-07-13,,,2122.30 ,174.90 
2025-07-14,90.00 ,1400.00 ,2130.90 ,188.80 
2025-07-15,90.00 ,1600.00 ,2148.40 ,183.00 
2025-07-16,90.00 ,1600.00 ,2134.00 ,156.60 
2025-07-17,760.00 ,1600.00 ,2142.50 ,185.90 
2025-07-18,760.00 ,500.00 ,2129.40 ,182.90 
2025-07-19,,,2124.90 ,167.60 
2025-07-20,,,2137.50 ,190.70 
2025-07-21,760.00 ,0.00 ,2124.70 ,184.10 
2025-07-22,760.00 ,,2133.20 ,189.50 
2025-07-23,760.00 ,,2112.90 ,166.30 
2025-07-24,760.00 ,,2120.70 ,193.00 
2025-07-25,760.00 ,,2114.30 ,166.40 
2025-07-26,,,2096.40 ,158.10 
2025-07-27,,,2070.20 ,155.50 
2025-07-28,760.00 ,,2052.60 ,156.50 
2025-07-29,760.00 ,,2021.60 ,150.60 
2025-07-30,760.00 ,,1996.60 ,137.60 
2025-07-31,760.00 ,,1955.70 ,150.30 
2025-08-01,760.00 ,,1954.70 ,166.10 
2025-08-02,,,1957.00 ,166.00 
2025-08-03,,,1971.80 ,172.70 
2025-08-04,760.00 ,,1983.00 ,165.20 
2025-08-05,760.00 ,,1992.40 ,157.20 
2025-08-06,800.00 ,,1982.20 ,139.60 
2025-08-07,800.00 ,,1989.90 ,165.60 
2025-08-08,800.00 ,,1978.90 ,156.60 
2025-08-09,,,1961.50 ,149.50 
2025-08-10,,,1939.40 ,169.10 
2025-08-11,800.00 ,100.00 ,1916.60 ,179.40 
2025-08-12,800.00 ,800.00 ,1887.30 ,164.20 
2025-08-13,800.00 ,800.00 ,1860.70 ,152.00 
2025-08-14,820.00 ,800.00 ,1857.60 ,166.70 
2025-08-15,820.00 ,0.00 ,1862.50 ,174.10 
2025-08-16,,,1853.30 ,149.40 
2025-08-17,,,1831.10 ,171.70 
2025-08-18,820.00 ,,1839.10 ,199.40 
2025-08-19,820.00 ,,1837.20 ,178.80 
2025-08-20,820.00 ,,1824.40 ,166.50 
2025-08-21,820.00 ,,1838.60 ,170.90 
2025-08-22,820.00 ,,1834.40 ,172.40 
2025-08-23,,,1848.80 ,186.90 
2025-08-24,,,1833.10 ,177.30 
2025-08-25,820.00 ,,1831.20 ,200.80 
2025-08-26,820.00 ,,1852.40 ,177.80 
2025-08-27,820.00 ,,1853.60 ,182.90 
2025-08-28,820.00 ,,1847.70 ,175.70 
2025-08-29,910.00 ,,1867.00 ,176.60 
2025-08-30,,,1816.20 ,177.80 
2025-08-31,,,1795.20 ,183.70 
2025-09-01,970.00 ,300.00 ,1795.40 ,184.60 
2025-09-02,1060.00 ,900.00 ,1830.60 ,187.30 
2025-09-03,1070.00 ,1700.00 ,1809.00 ,174.90 
2025-09-04,1070.00 ,1900.00 ,1840.20 ,196.30 
2025-09-05,1210.00 ,1500.00 ,1856.00 ,170.40 
2025-09-06,,,1835.30 ,157.60 
2025-09-07,,,1823.00 ,182.00 
2025-09-08,1210.00 ,2000.00 ,1808.80 ,141.60 
2025-09-09,1310.00 ,1500.00 ,1798.10 ,150.00 
2025-09-10,1430.00 ,1300.00 ,1805.30 ,142.50 
2025-09-11,1520.00 ,500.00 ,1817.90 ,178.50 
2025-09-12,1520.00 ,500.00 ,1836.70 ,177.20 
2025-09-13,,,1835.40 ,176.50 
2025-09-14,,,1859.80 ,182.80 
2025-09-15,1520.00 ,600.00 ,1860.90 ,194.00 
2025-09-16,1550.00 ,600.00 ,1852.50 ,178.30 
2025-09-17,1550.00 ,600.00 ,1826.70 ,161.90 
2025-09-18,1550.00 ,200.00 ,1836.00 ,174.00 
2025-09-19,1550.00 ,100.00 ,1827.60 ,169.80 
2025-09-20,,,1785.70 ,169.50 
2025-09-21,,,1780.00 ,177.40 
2025-09-22,1550.00 ,0.00 ,1779.60 ,190.80 
2025-09-23,1540.00 ,,1785.90 ,170.20 
2025-09-24,1690.00 ,,1777.80 ,168.50 
2025-09-25,1690.00 ,,1802.00 ,187.30 
2025-09-26,1690.00 ,,1807.90 ,175.00 
2025-09-27,,,1602.00 ,115.40 
2025-09-28,,,1607.00 ,129.60 
2025-09-29,1690.00 ,,1794.80 ,209.00 
2025-09-30,2140.00 ,,1782.70 ,191.80 
2025-10-01,,,1787.70 ,198.50 
2025-10-02,,,1783.50 ,191.10 
2025-10-03,,,1798.70 ,189.50 
2025-10-04,,,1819.60 ,193.30 
2025-10-05,,,1819.50 ,180.40 
2025-10-06,,,1845.10 ,179.60 
2025-10-07,,,1925.50 ,189.10 
2025-10-08,,,1917.80 ,181.30 
2025-10-09,2150.00 ,,1937.40 ,163.40 
2025-10-10,2150.00 ,200.00 ,1999.50 ,149.90 
2025-10-11,,,2041.60 ,146.70 
2025-10-12,,,1982.40 ,135.40 
2025-10-13,2190.00 ,200.00 ,1949.20 ,139.30 
2025-10-14,2190.00 ,200.00 ,1909.90 ,146.70 
2025-10-15,2190.00 ,200.00 ,1862.20 ,158.00 
2025-10-16,2190.00 ,200.00 ,1835.70 ,156.20 
2025-10-17,2110.00 ,200.00 ,1820.00 ,159.50 
2025-10-18,,,1826.00 ,163.10 
2025-10-19,,,1853.20 ,168.10 
2025-10-20,2050.00 ,200.00 ,1836.80 ,163.00 
2025-10-21,2050.00 ,200.00 ,1834.30 ,185.00 
2025-10-22,2070.00 ,200.00 ,1840.60 ,167.10 
2025-10-23,2070.00 ,100.00 ,1850.00 ,170.80 
2025-10-24,2070.00 ,100.00 ,1846.90 ,176.20 
2025-10-25,,,1832.60 ,190.00 
2025-10-26,,,1834.40 ,189.10 
2025-10-27,2070.00 ,100.00 ,1823.30 ,203.90 
2025-10-28,2070.00 ,0.00 ,1819.70 ,203.40 
2025-10-29,2070.00 ,,1814.20 ,179.60 
2025-10-30,2070.00 ,,1814.30 ,187.60 
2025-10-31,2070.00 ,,1786.90 ,180.40 
