mean_fit_time,std_fit_time,mean_score_time,std_score_time,param_learning_rate,param_max_depth,param_min_samples_split,param_n_estimators,param_subsample,params,split0_test_score,split1_test_score,split2_test_score,split3_test_score,split4_test_score,mean_test_score,std_test_score,rank_test_score,split0_train_score,split1_train_score,split2_train_score,split3_train_score,split4_train_score,mean_train_score,std_train_score
12.368807935714722,0.4721567982738108,0.0029982566833496095,0.0010952796278974688,0.01,3,2,50,0.8,"{'learning_rate': 0.01, 'max_depth': 3, 'min_samples_split': 2, 'n_estimators': 50, 'subsample': 0.8}",0.3854581673306773,0.40039840637450197,0.36354581673306774,0.47808764940239046,0.4123505976095618,0.40796812749003986,0.0386608175668783,3,0.5592629482071713,0.5428286852589641,0.5266434262948207,0.5625,0.5617529880478087,0.550597609561753,0.013966793060396136
13.339893198013305,0.4789498585679542,0.0025983333587646486,0.0004867107356317889,0.01,3,2,50,0.9,"{'learning_rate': 0.01, 'max_depth': 3, 'min_samples_split': 2, 'n_estimators': 50, 'subsample': 0.9}",0.3804780876494024,0.41733067729083667,0.3555776892430279,0.4820717131474104,0.40039840637450197,0.40717131474103585,0.04274011039103105,4,0.5577689243027888,0.5463147410358565,0.5194223107569721,0.5575199203187251,0.5642430278884463,0.5490537848605579,0.01589886050935054
15.305713367462157,0.2833780069524843,0.002600288391113281,0.0004884185681746339,0.01,3,2,50,1.0,"{'learning_rate': 0.01, 'max_depth': 3, 'min_samples_split': 2, 'n_estimators': 50, 'subsample': 1.0}",0.3794820717131474,0.41932270916334663,0.35856573705179284,0.46912350597609564,0.4063745019920319,0.4065737051792828,0.0377194272804081,7,0.561503984063745,0.5448207171314741,0.5097111553784861,0.5525398406374502,0.5607569721115537,0.5458665338645418,0.019074030246988102
22.916593647003175,0.3485394103494207,0.003997993469238281,3.8099259100796083e-06,0.01,3,2,100,0.8,"{'learning_rate': 0.01, 'max_depth': 3, 'min_samples_split': 2, 'n_estimators': 100, 'subsample': 0.8}",0.33266932270916333,0.4123505976095618,0.38147410358565736,0.44223107569721115,0.40537848605577687,0.3948207171314741,0.03662631080342597,10,0.5871513944223108,0.5806772908366534,0.5948705179282868,0.5951195219123506,0.5916334661354582,0.5898904382470119,0.005432625555097452
26.058320713043212,0.3767179056269036,0.004197883605957031,0.0003987468275292421,0.01,3,2,100,0.9,"{'learning_rate': 0.01, 'max_depth': 3, 'min_samples_split': 2, 'n_estimators': 100, 'subsample': 0.9}",0.32270916334661354,0.4103585657370518,0.3615537848605578,0.450199203187251,0.40537848605577687,0.39003984063745023,0.04384552203705122,23,0.585906374501992,0.5826693227091634,0.5861553784860558,0.5991035856573705,0.5918824701195219,0.5891434262948207,0.005797035222521319
29.18927893638611,0.5061499315821276,0.00419921875,0.0003985551873388894,0.01,3,2,100,1.0,"{'learning_rate': 0.01, 'max_depth': 3, 'min_samples_split': 2, 'n_estimators': 100, 'subsample': 1.0}",0.32171314741035856,0.4073705179282869,0.3705179282868526,0.4541832669322709,0.40139442231075695,0.39103585657370515,0.043791186025548906,17,0.5851593625498008,0.5734561752988048,0.5799302788844621,0.600597609561753,0.586902390438247,0.5852091633466135,0.009007476053103047
44.8744610786438,1.2285158678605639,0.006800127029418945,0.00040016390233507383,0.01,3,2,200,0.8,"{'learning_rate': 0.01, 'max_depth': 3, 'min_samples_split': 2, 'n_estimators': 200, 'subsample': 0.8}",0.3247011952191235,0.398406374501992,0.37749003984063745,0.41434262948207173,0.40239043824701193,0.3834661354581674,0.03169772793771488,29,0.647410358565737,0.6441733067729084,0.6663346613545816,0.6546314741035857,0.6533864541832669,0.6531872509960158,0.007610565524835554
50.724163722991946,1.0640682799949337,0.006902647018432617,0.0008033179157855792,0.01,3,2,200,0.9,"{'learning_rate': 0.01, 'max_depth': 3, 'min_samples_split': 2, 'n_estimators': 200, 'subsample': 0.9}",0.32270916334661354,0.398406374501992,0.38247011952191234,0.4073705179282869,0.40239043824701193,0.3826693227091633,0.031119083004268543,32,0.6449203187250996,0.6476593625498008,0.6665836653386454,0.6528884462151394,0.6499003984063745,0.6523904382470119,0.007564149238921149
56.02127709388733,0.1975227275417421,0.009398221969604492,0.0053143809010884144,0.01,3,2,200,1.0,"{'learning_rate': 0.01, 'max_depth': 3, 'min_samples_split': 2, 'n_estimators': 200, 'subsample': 1.0}",0.32669322709163345,0.3954183266932271,0.3804780876494024,0.4312749003984064,0.4213147410358566,0.3910358565737052,0.03689617321585853,15,0.6414342629482072,0.6411852589641435,0.6556274900398407,0.6558764940239044,0.6456673306772909,0.6479581673306772,0.006560487133491489
11.337361717224121,0.20106259342941837,0.003597879409790039,0.0012008485223153047,0.01,3,5,50,0.8,"{'learning_rate': 0.01, 'max_depth': 3, 'min_samples_split': 5, 'n_estimators': 50, 'subsample': 0.8}",0.3854581673306773,0.4043824701195219,0.36354581673306774,0.47808764940239046,0.4123505976095618,0.4087649402390438,0.038537451350404796,1,0.5595119521912351,0.5428286852589641,0.5266434262948207,0.5625,0.5617529880478087,0.5506474103585657,0.013998010944693924
12.506335020065308,0.3138037337281632,0.002302408218383789,0.0004091326450751139,0.01,3,5,50,0.9,"{'learning_rate': 0.01, 'max_depth': 3, 'min_samples_split': 5, 'n_estimators': 50, 'subsample': 0.9}",0.3804780876494024,0.41733067729083667,0.3555776892430279,0.4820717131474104,0.40039840637450197,0.40717131474103585,0.04274011039103105,4,0.5577689243027888,0.5463147410358565,0.5194223107569721,0.5575199203187251,0.5642430278884463,0.5490537848605579,0.01589886050935054
13.679725646972656,0.20047605235643481,0.002501821517944336,0.0004446207885328563,0.01,3,5,50,1.0,"{'learning_rate': 0.01, 'max_depth': 3, 'min_samples_split': 5, 'n_estimators': 50, 'subsample': 1.0}",0.3794820717131474,0.41932270916334663,0.35856573705179284,0.46912350597609564,0.4063745019920319,0.4065737051792828,0.0377194272804081,7,0.561503984063745,0.5448207171314741,0.5097111553784861,0.5525398406374502,0.5607569721115537,0.5458665338645418,0.019074030246988102
22.599479627609252,0.5557793184449075,0.004099750518798828,0.0002075315942659165,0.01,3,5,100,0.8,"{'learning_rate': 0.01, 'max_depth': 3, 'min_samples_split': 5, 'n_estimators': 100, 'subsample': 0.8}",0.33266932270916333,0.4103585657370518,0.3804780876494024,0.43824701195219123,0.40537848605577687,0.3934262948207171,0.035489488829789084,12,0.5871513944223108,0.5806772908366534,0.5961155378486056,0.5951195219123506,0.5918824701195219,0.5901892430278884,0.005692124327581485
24.952806091308595,0.1261605947302163,0.004401397705078125,0.0004930392315874759,0.01,3,5,100,0.9,"{'learning_rate': 0.01, 'max_depth': 3, 'min_samples_split': 5, 'n_estimators': 100, 'subsample': 0.9}",0.32270916334661354,0.40836653386454186,0.3615537848605578,0.450199203187251,0.40537848605577687,0.3896414342629482,0.0436677740909203,24,0.585906374501992,0.5826693227091634,0.5861553784860558,0.5991035856573705,0.5918824701195219,0.5891434262948207,0.005797035222521319
28.344397687911986,0.27636900886722554,0.004104042053222656,0.0002080767658488861,0.01,3,5,100,1.0,"{'learning_rate': 0.01, 'max_depth': 3, 'min_samples_split': 5, 'n_estimators': 100, 'subsample': 1.0}",0.32171314741035856,0.4073705179282869,0.3705179282868526,0.4541832669322709,0.40139442231075695,0.39103585657370515,0.043791186025548906,17,0.5851593625498008,0.5734561752988048,0.5799302788844621,0.600597609561753,0.586902390438247,0.5852091633466135,0.009007476053103047
45.01351399421692,1.0752146628299841,0.006798171997070312,0.00040158574917283877,0.01,3,5,200,0.8,"{'learning_rate': 0.01, 'max_depth': 3, 'min_samples_split': 5, 'n_estimators': 200, 'subsample': 0.8}",0.3247011952191235,0.4033864541832669,0.3784860557768924,0.4163346613545817,0.399402390438247,0.3844621513944223,0.03226230764129187,27,0.6476593625498008,0.6479083665338645,0.6663346613545816,0.6548804780876494,0.6541334661354582,0.6541832669322709,0.006783519342091457
50.714930057525635,0.6678406697802879,0.007201480865478516,0.00040375563464950325,0.01,3,5,200,0.9,"{'learning_rate': 0.01, 'max_depth': 3, 'min_samples_split': 5, 'n_estimators': 200, 'subsample': 0.9}",0.3237051792828685,0.4043824701195219,0.3834661354581673,0.4073705179282869,0.40039840637450197,0.38386454183266927,0.031196770987130893,28,0.6451693227091634,0.6469123505976095,0.6665836653386454,0.6526394422310757,0.6499003984063745,0.6522410358565738,0.007612520544482886
54.964413499832155,1.3828663797998848,0.006398487091064453,0.0004915019079709109,0.01,3,5,200,1.0,"{'learning_rate': 0.01, 'max_depth': 3, 'min_samples_split': 5, 'n_estimators': 200, 'subsample': 1.0}",0.32669322709163345,0.3954183266932271,0.38147410358565736,0.4302788844621514,0.4213147410358566,0.3910358565737052,0.03662631080342598,15,0.6414342629482072,0.6414342629482072,0.6536354581673307,0.6556274900398407,0.6456673306772909,0.6475597609561754,0.0060104424665866915
11.20494966506958,0.3937349635804312,0.002600240707397461,0.0004919881480820833,0.01,3,10,50,0.8,"{'learning_rate': 0.01, 'max_depth': 3, 'min_samples_split': 10, 'n_estimators': 50, 'subsample': 0.8}",0.3854581673306773,0.4033864541832669,0.36354581673306774,0.47808764940239046,0.4123505976095618,0.4085657370517929,0.03856215616709915,2,0.5592629482071713,0.5428286852589641,0.5266434262948207,0.5625,0.5620019920318725,0.5506474103585657,0.01400686697102851
12.492088842391968,0.2330024009503069,0.002404451370239258,0.0004981830690616286,0.01,3,10,50,0.9,"{'learning_rate': 0.01, 'max_depth': 3, 'min_samples_split': 10, 'n_estimators': 50, 'subsample': 0.9}",0.3804780876494024,0.41932270916334663,0.350597609561753,0.4820717131474104,0.40039840637450197,0.40657370517928293,0.04407930389631419,6,0.5577689243027888,0.5463147410358565,0.5191733067729084,0.5575199203187251,0.5639940239043825,0.5489541832669322,0.015944501103597172
13.80837149620056,0.3219328560858298,0.0030010700225830077,4.353604206281024e-06,0.01,3,10,50,1.0,"{'learning_rate': 0.01, 'max_depth': 3, 'min_samples_split': 10, 'n_estimators': 50, 'subsample': 1.0}",0.3794820717131474,0.41932270916334663,0.35856573705179284,0.46912350597609564,0.4063745019920319,0.4065737051792828,0.0377194272804081,7,0.561503984063745,0.5448207171314741,0.5097111553784861,0.5525398406374502,0.5607569721115537,0.5458665338645418,0.019074030246988102
22.28663773536682,0.15421610189102708,0.003999757766723633,4.305815775859569e-06,0.01,3,10,100,0.8,"{'learning_rate': 0.01, 'max_depth': 3, 'min_samples_split': 10, 'n_estimators': 100, 'subsample': 0.8}",0.33266932270916333,0.4043824701195219,0.38247011952191234,0.43824701195219123,0.40537848605577687,0.3926294820717131,0.03487136997949632,14,0.586902390438247,0.5799302788844621,0.5958665338645418,0.5946215139442231,0.5916334661354582,0.5897908366533865,0.005817534600672234
24.600211763381957,0.40379707166229734,0.004601669311523437,0.0012043975879442853,0.01,3,10,100,0.9,"{'learning_rate': 0.01, 'max_depth': 3, 'min_samples_split': 10, 'n_estimators': 100, 'subsample': 0.9}",0.32270916334661354,0.4123505976095618,0.36354581673306774,0.450199203187251,0.40537848605577687,0.3908366533864542,0.04378212346755249,20,0.585906374501992,0.5826693227091634,0.5864043824701195,0.5991035856573705,0.5916334661354582,0.5891434262948207,0.00574978183162216
27.93301134109497,0.4558141258673432,0.004401588439941406,0.0007988903706592284,0.01,3,10,100,1.0,"{'learning_rate': 0.01, 'max_depth': 3, 'min_samples_split': 10, 'n_estimators': 100, 'subsample': 1.0}",0.32171314741035856,0.4073705179282869,0.3705179282868526,0.4541832669322709,0.398406374501992,0.3904382470119522,0.0436659566071374,21,0.5851593625498008,0.5734561752988048,0.5799302788844621,0.600597609561753,0.5896414342629482,0.5857569721115538,0.009175518072712215
44.967978715896606,0.5911813748790278,0.006801033020019531,0.0004021862538388664,0.01,3,10,200,0.8,"{'learning_rate': 0.01, 'max_depth': 3, 'min_samples_split': 10, 'n_estimators': 200, 'subsample': 0.8}",0.3256972111553785,0.39741035856573703,0.37649402390438247,0.41434262948207173,0.3954183266932271,0.3818725099601593,0.030541168478241263,33,0.6479083665338645,0.6489043824701195,0.664093625498008,0.6551294820717132,0.6528884462151394,0.653784860557769,0.0057833286031410336
49.91173009872436,0.9096640269268534,0.006905412673950196,0.00019692985540060745,0.01,3,10,200,0.9,"{'learning_rate': 0.01, 'max_depth': 3, 'min_samples_split': 10, 'n_estimators': 200, 'subsample': 0.9}",0.32270916334661354,0.4043824701195219,0.3784860557768924,0.4033864541832669,0.399402390438247,0.3816733067729083,0.030946457170047702,34,0.6449203187250996,0.6491533864541833,0.6655876494023905,0.6518924302788844,0.6508964143426295,0.6524900398406375,0.006969621069135386
54.66998467445374,0.5634917569067658,0.006602048873901367,0.0004915375646528474,0.01,3,10,200,1.0,"{'learning_rate': 0.01, 'max_depth': 3, 'min_samples_split': 10, 'n_estimators': 200, 'subsample': 1.0}",0.32270916334661354,0.39243027888446214,0.38147410358565736,0.4312749003984064,0.4163346613545817,0.3888446215139443,0.03740885231323133,25,0.641683266932271,0.641683266932271,0.6563745019920318,0.6556274900398407,0.6454183266932271,0.6481573705179283,0.0065521649991989025
17.7627272605896,0.33066614095160285,0.0037980079650878906,0.0007499311992550641,0.01,5,2,50,0.8,"{'learning_rate': 0.01, 'max_depth': 5, 'min_samples_split': 2, 'n_estimators': 50, 'subsample': 0.8}",0.38147410358565736,0.35358565737051795,0.3336653386454183,0.4701195219123506,0.37749003984063745,0.38326693227091635,0.04673597162394539,30,0.6381972111553785,0.6673306772908366,0.6466633466135459,0.6526394422310757,0.6755478087649402,0.6560756972111553,0.013607925342711972
19.875458002090454,0.5781005188769335,0.0038002490997314452,0.00039808894014529804,0.01,5,2,50,0.9,"{'learning_rate': 0.01, 'max_depth': 5, 'min_samples_split': 2, 'n_estimators': 50, 'subsample': 0.9}",0.3396414342629482,0.3754980079681275,0.31175298804780877,0.4750996015936255,0.3884462151394422,0.3780876494023905,0.05550445702899302,36,0.6446713147410359,0.6658366533864541,0.6384462151394422,0.6583665338645418,0.6698207171314741,0.6554282868525897,0.012068244672845282
22.433490753173828,0.45327326191280226,0.003603506088256836,0.000490222769225319,0.01,5,2,50,1.0,"{'learning_rate': 0.01, 'max_depth': 5, 'min_samples_split': 2, 'n_estimators': 50, 'subsample': 1.0}",0.39143426294820716,0.4113545816733068,0.3187250996015936,0.44721115537848605,0.39641434262948205,0.3930278884462151,0.0419680979896524,13,0.637699203187251,0.6471613545816733,0.6292330677290837,0.6454183266932271,0.6678286852589641,0.6454681274900398,0.012859217644202801
34.943480014801025,0.4678022314667526,0.0062010765075683595,0.0007451464623457547,0.01,5,2,100,0.8,"{'learning_rate': 0.01, 'max_depth': 5, 'min_samples_split': 2, 'n_estimators': 100, 'subsample': 0.8}",0.3715139442231076,0.36254980079681276,0.3256972111553785,0.40039840637450197,0.38247011952191234,0.36852589641434264,0.024856535071416837,54,0.7178784860557769,0.7435258964143426,0.7599601593625498,0.725597609561753,0.7534860557768924,0.740089641434263,0.016059038945758837
40.093365573883055,1.127421119377533,0.0062005043029785155,0.00040033069149673597,0.01,5,2,100,0.9,"{'learning_rate': 0.01, 'max_depth': 5, 'min_samples_split': 2, 'n_estimators': 100, 'subsample': 0.9}",0.3256972111553785,0.38745019920318724,0.3147410358565737,0.42729083665338646,0.3715139442231076,0.3653386454183267,0.04122302882788156,61,0.7051792828685259,0.7410358565737052,0.7659362549800797,0.7216135458167331,0.7517430278884463,0.7371015936254981,0.021541593565224275
44.295698928833005,1.0372962291457761,0.006003808975219726,3.9591844090742245e-06,0.01,5,2,100,1.0,"{'learning_rate': 0.01, 'max_depth': 5, 'min_samples_split': 2, 'n_estimators': 100, 'subsample': 1.0}",0.34760956175298807,0.41434262948207173,0.3147410358565737,0.4103585657370518,0.3695219123505976,0.3713147410358566,0.03779299752249785,50,0.6919820717131474,0.7283366533864541,0.7407868525896414,0.713894422310757,0.7417828685258964,0.7233565737051793,0.018665668167525844
71.16054067611694,1.15935701426551,0.011403751373291016,0.0010161454372000123,0.01,5,2,200,0.8,"{'learning_rate': 0.01, 'max_depth': 5, 'min_samples_split': 2, 'n_estimators': 200, 'subsample': 0.8}",0.3386454183266932,0.3595617529880478,0.30876494023904383,0.38147410358565736,0.35258964143426297,0.3482071713147411,0.02409123518823876,69,0.8296812749003984,0.8426294820717132,0.8376494023904383,0.8194721115537849,0.8314243027888446,0.8321713147410359,0.007841055988408015
79.42956776618958,0.8483495144396477,0.011398410797119141,0.0013587420780230373,0.01,5,2,200,0.9,"{'learning_rate': 0.01, 'max_depth': 5, 'min_samples_split': 2, 'n_estimators': 200, 'subsample': 0.9}",0.33266932270916333,0.3665338645418327,0.2908366533864542,0.36852589641434264,0.3426294820717131,0.3402390438247012,0.028267206016042646,86,0.8301792828685259,0.8374003984063745,0.8326693227091634,0.8060258964143426,0.8299302788844621,0.8272410358565738,0.010941904867909368
88.37681932449341,0.7812038507726385,0.010399246215820312,0.0004904510810189155,0.01,5,2,200,1.0,"{'learning_rate': 0.01, 'max_depth': 5, 'min_samples_split': 2, 'n_estimators': 200, 'subsample': 1.0}",0.3396414342629482,0.37649402390438247,0.2798804780876494,0.3705179282868526,0.32768924302788843,0.33884462151394423,0.03470597485162663,91,0.8030378486055777,0.8286852589641435,0.8139940239043825,0.8020418326693227,0.8279382470119522,0.8151394422310757,0.011546484161308905
18.09206304550171,0.2797799794939963,0.0038023471832275392,0.00039713663763886345,0.01,5,5,50,0.8,"{'learning_rate': 0.01, 'max_depth': 5, 'min_samples_split': 5, 'n_estimators': 50, 'subsample': 0.8}",0.3794820717131474,0.3545816733067729,0.32768924302788843,0.4701195219123506,0.38247011952191234,0.38286852589641435,0.04789418000688693,31,0.637699203187251,0.6665836653386454,0.646414342629482,0.6523904382470119,0.6765438247011952,0.6559262948207172,0.013956134639231168
20.326530122756957,0.2017967744340277,0.0035968780517578124,0.0004911354351493612,0.01,5,5,50,0.9,"{'learning_rate': 0.01, 'max_depth': 5, 'min_samples_split': 5, 'n_estimators': 50, 'subsample': 0.9}",0.3256972111553785,0.3804780876494024,0.30378486055776893,0.4701195219123506,0.38745019920318724,0.37350597609561753,0.057834143703917935,46,0.6436752988047809,0.663097609561753,0.6379482071713147,0.6591135458167331,0.6713147410358565,0.6550298804780876,0.012390894612468967
22.077580213546753,0.19174475555108997,0.0035963535308837892,0.0004896523598411079,0.01,5,5,50,1.0,"{'learning_rate': 0.01, 'max_depth': 5, 'min_samples_split': 5, 'n_estimators': 50, 'subsample': 1.0}",0.3884462151394422,0.4113545816733068,0.32270916334661354,0.43824701195219123,0.4073705179282869,0.39362549800796814,0.038859431235494124,11,0.6374501992031872,0.6491533864541833,0.6294820717131474,0.6429282868525896,0.6678286852589641,0.6453685258964142,0.012960077305028746
35.39964513778686,0.25251025668372346,0.0061991214752197266,0.00040376494335805495,0.01,5,5,100,0.8,"{'learning_rate': 0.01, 'max_depth': 5, 'min_samples_split': 5, 'n_estimators': 100, 'subsample': 0.8}",0.3605577689243028,0.35856573705179284,0.3157370517928287,0.40039840637450197,0.3844621513944223,0.3639442231075697,0.02868525896414342,62,0.7158864541832669,0.7415338645418327,0.7599601593625498,0.7260956175298805,0.7539840637450199,0.73949203187251,0.016551855042104373
39.797704744338986,0.3675627415594176,0.006799507141113281,0.001597143944801989,0.01,5,5,100,0.9,"{'learning_rate': 0.01, 'max_depth': 5, 'min_samples_split': 5, 'n_estimators': 100, 'subsample': 0.9}",0.33067729083665337,0.39243027888446214,0.30776892430278885,0.4243027888446215,0.3794820717131474,0.3669322709163347,0.042222618111232534,58,0.703187250996016,0.7375498007968128,0.7686752988047809,0.7203685258964143,0.7497509960159362,0.735906374501992,0.022716261035222986
44.24981617927551,0.552140267213379,0.006004905700683594,6.9992808281279e-06,0.01,5,5,100,1.0,"{'learning_rate': 0.01, 'max_depth': 5, 'min_samples_split': 5, 'n_estimators': 100, 'subsample': 1.0}",0.35258964143426297,0.41434262948207173,0.3107569721115538,0.4123505976095618,0.3695219123505976,0.3719123505976095,0.0388706624327646,48,0.6922310756972112,0.7288346613545816,0.7455179282868526,0.712898406374502,0.7405378486055777,0.7240039840637451,0.01945459060320123
70.66459722518921,0.4932155687522375,0.010802841186523438,0.0004026403363865585,0.01,5,5,200,0.8,"{'learning_rate': 0.01, 'max_depth': 5, 'min_samples_split': 5, 'n_estimators': 200, 'subsample': 0.8}",0.33167330677290835,0.3615537848605578,0.3147410358565737,0.3754980079681275,0.350597609561753,0.34681274900398407,0.021504719875805735,74,0.8301792828685259,0.8396414342629482,0.8376494023904383,0.8224601593625498,0.8321713147410359,0.8324203187250996,0.006062620634873798
79.40847406387329,0.46083102524153774,0.01260223388671875,0.003197957439653821,0.01,5,5,200,0.9,"{'learning_rate': 0.01, 'max_depth': 5, 'min_samples_split': 5, 'n_estimators': 200, 'subsample': 0.9}",0.3386454183266932,0.36852589641434264,0.2818725099601594,0.3655378486055777,0.3346613545816733,0.33784860557768925,0.03115094577243366,94,0.8286852589641435,0.8361553784860558,0.833914342629482,0.8047808764940239,0.8294322709163346,0.826593625498008,0.011253878238207084
88.10585680007935,0.6170635410183187,0.011197805404663086,0.0007483414362470502,0.01,5,5,200,1.0,"{'learning_rate': 0.01, 'max_depth': 5, 'min_samples_split': 5, 'n_estimators': 200, 'subsample': 1.0}",0.33167330677290835,0.37350597609561753,0.2679282868525896,0.3745019920318725,0.3336653386454183,0.33625498007968124,0.038850239659099915,102,0.8037848605577689,0.8274402390438247,0.8172310756972112,0.797808764940239,0.827191235059761,0.814691235059761,0.012076462190257311
17.779555463790892,0.23207641109089724,0.003598308563232422,0.0004906423950717072,0.01,5,10,50,0.8,"{'learning_rate': 0.01, 'max_depth': 5, 'min_samples_split': 10, 'n_estimators': 50, 'subsample': 0.8}",0.38147410358565736,0.3565737051792829,0.3456175298804781,0.4701195219123506,0.38147410358565736,0.38705179282868524,0.04383647071224286,26,0.6357071713147411,0.6665836653386454,0.6426792828685259,0.6501494023904383,0.6795318725099602,0.6549302788844622,0.016021931049878785
19.936053705215453,0.24986871583363024,0.0037984848022460938,0.0007470575967342314,0.01,5,10,50,0.9,"{'learning_rate': 0.01, 'max_depth': 5, 'min_samples_split': 10, 'n_estimators': 50, 'subsample': 0.9}",0.399402390438247,0.3794820717131474,0.32171314741035856,0.4651394422310757,0.38645418326693226,0.3904382470119522,0.04586866967960651,21,0.6414342629482072,0.6643426294820717,0.6384462151394422,0.6576195219123506,0.6693227091633466,0.6542330677290836,0.012283344071493923
22.08875193595886,0.09583880275666637,0.003799581527709961,0.00040264217167898763,0.01,5,10,50,1.0,"{'learning_rate': 0.01, 'max_depth': 5, 'min_samples_split': 10, 'n_estimators': 50, 'subsample': 1.0}",0.399402390438247,0.4103585657370518,0.3097609561752988,0.4392430278884462,0.39641434262948205,0.39103585657370515,0.04336319843256412,17,0.6362051792828686,0.6486553784860558,0.6257470119521913,0.640687250996016,0.6690737051792829,0.644073705179283,0.014527499348806244
35.14208688735962,0.4126319670526858,0.0059032440185546875,0.0004936388827550562,0.01,5,10,100,0.8,"{'learning_rate': 0.01, 'max_depth': 5, 'min_samples_split': 10, 'n_estimators': 100, 'subsample': 0.8}",0.36354581673306774,0.3665338645418327,0.32669322709163345,0.4043824701195219,0.3804780876494024,0.3683266932270916,0.025326239163845125,55,0.7146414342629482,0.7402888446215139,0.7559760956175299,0.7238545816733067,0.7512450199203188,0.7372011952191235,0.015788187885765824
39.685242366790774,0.3674171433119745,0.006401491165161133,0.0004901178657767307,0.01,5,10,100,0.9,"{'learning_rate': 0.01, 'max_depth': 5, 'min_samples_split': 10, 'n_estimators': 100, 'subsample': 0.9}",0.3386454183266932,0.39243027888446214,0.3097609561752988,0.41334661354581675,0.3745019920318725,0.3657370517928287,0.037211027410479776,60,0.7044322709163346,0.7380478087649402,0.7681772908366534,0.7233565737051793,0.7487549800796812,0.7365537848605578,0.021712233615041786
44.300568389892575,0.44940422804542307,0.005702972412109375,0.000398458579444947,0.01,5,10,100,1.0,"{'learning_rate': 0.01, 'max_depth': 5, 'min_samples_split': 10, 'n_estimators': 100, 'subsample': 1.0}",0.35258964143426297,0.4113545816733068,0.30278884462151395,0.4113545816733068,0.3715139442231076,0.36992031872509956,0.040603258797859476,52,0.6897410358565738,0.7280876494023905,0.7328187250996016,0.7124003984063745,0.7375498007968128,0.7201195219123506,0.017383973780584705
70.35887088775635,0.6433421947165643,0.010902786254882812,0.00019557943254828943,0.01,5,10,200,0.8,"{'learning_rate': 0.01, 'max_depth': 5, 'min_samples_split': 10, 'n_estimators': 200, 'subsample': 0.8}",0.3426294820717131,0.3655378486055777,0.31175298804780877,0.37749003984063745,0.3436254980079681,0.348207171314741,0.02253374620299486,71,0.826195219123506,0.836902390438247,0.8366533864541833,0.8184760956175299,0.829183266932271,0.8294820717131476,0.006906708031435434
79.42940044403076,0.3048609935064056,0.011501169204711914,0.0013412822529305782,0.01,5,10,200,0.9,"{'learning_rate': 0.01, 'max_depth': 5, 'min_samples_split': 10, 'n_estimators': 200, 'subsample': 0.9}",0.33266932270916333,0.3645418326693227,0.2868525896414343,0.36852589641434264,0.34063745019920316,0.33864541832669326,0.029276769834061887,93,0.8244521912350598,0.8381474103585658,0.8289342629482072,0.8067729083665338,0.8316733067729084,0.8259960159362552,0.010587091881143304
87.83293461799622,0.27513092096334124,0.012099313735961913,0.0035275913125668774,0.01,5,10,200,1.0,"{'learning_rate': 0.01, 'max_depth': 5, 'min_samples_split': 10, 'n_estimators': 200, 'subsample': 1.0}",0.3396414342629482,0.37749003984063745,0.26195219123505975,0.3655378486055777,0.33067729083665337,0.3350597609561753,0.04028438138570371,105,0.8027888446215139,0.827191235059761,0.8129980079681275,0.796812749003984,0.825199203187251,0.8129980079681275,0.011970851966539957
24.215205192565918,0.3814726612068186,0.004999113082885742,0.0006322601149051214,0.01,7,2,50,0.8,"{'learning_rate': 0.01, 'max_depth': 7, 'min_samples_split': 2, 'n_estimators': 50, 'subsample': 0.8}",0.3804780876494024,0.34063745019920316,0.30278884462151395,0.4581673306772908,0.3615537848605578,0.3687250996015936,0.051625534288208645,53,0.7470119521912351,0.7791334661354582,0.7831175298804781,0.7866035856573705,0.8247011952191236,0.7841135458167331,0.0247219702829206
27.205009317398073,0.3607164380190767,0.004900741577148438,0.00019583716600337012,0.01,7,2,50,0.9,"{'learning_rate': 0.01, 'max_depth': 7, 'min_samples_split': 2, 'n_estimators': 50, 'subsample': 0.9}",0.37749003984063745,0.3545816733067729,0.31772908366533864,0.4551792828685259,0.3645418326693227,0.3739043824701195,0.04524412668521676,45,0.7482569721115537,0.7768924302788844,0.7746513944223108,0.786105577689243,0.8214641434262948,0.7814741035856574,0.023628680677572546
29.988000297546385,0.31930069902712627,0.005200099945068359,0.00039997791521714907,0.01,7,2,50,1.0,"{'learning_rate': 0.01, 'max_depth': 7, 'min_samples_split': 2, 'n_estimators': 50, 'subsample': 1.0}",0.3904382470119522,0.3645418326693227,0.299800796812749,0.42828685258964144,0.3346613545816733,0.36354581673306774,0.04430200062355935,63,0.7305776892430279,0.765687250996016,0.7507470119521913,0.7686752988047809,0.8072709163346613,0.7645916334661356,0.02525082110751457
48.21798396110535,0.29299635610766755,0.008998727798461914,1.302385357260481e-06,0.01,7,2,100,0.8,"{'learning_rate': 0.01, 'max_depth': 7, 'min_samples_split': 2, 'n_estimators': 100, 'subsample': 0.8}",0.37350597609561753,0.32171314741035856,0.28884462151394424,0.4123505976095618,0.34462151394422313,0.3482071713147411,0.04241016675387358,69,0.8523406374501992,0.8720119521912351,0.8695219123505976,0.8618027888446215,0.8904382470119522,0.8692231075697212,0.012633511051896426
54.344971084594725,0.5212712588251238,0.008999919891357422,0.0006343716822606302,0.01,7,2,100,0.9,"{'learning_rate': 0.01, 'max_depth': 7, 'min_samples_split': 2, 'n_estimators': 100, 'subsample': 0.9}",0.3207171314741036,0.34760956175298807,0.28286852589641437,0.4113545816733068,0.34960159362549803,0.34243027888446215,0.04206631771512387,81,0.850597609561753,0.8677788844621513,0.8725099601593626,0.8600597609561753,0.8884462151394422,0.8678784860557769,0.012682689833734299
60.37401375770569,0.4068976328898595,0.009305191040039063,0.0010719978851452454,0.01,7,2,100,1.0,"{'learning_rate': 0.01, 'max_depth': 7, 'min_samples_split': 2, 'n_estimators': 100, 'subsample': 1.0}",0.39641434262948205,0.3665338645418327,0.2848605577689243,0.42828685258964144,0.3147410358565737,0.35816733067729084,0.05236278487912739,65,0.8374003984063745,0.8635458167330677,0.8637948207171314,0.8573207171314741,0.8857071713147411,0.8615537848605579,0.015451093485580915
96.50863761901856,0.3130232118949375,0.016202783584594725,0.0003980402169592616,0.01,7,2,200,0.8,"{'learning_rate': 0.01, 'max_depth': 7, 'min_samples_split': 2, 'n_estimators': 200, 'subsample': 0.8}",0.32171314741035856,0.3047808764940239,0.2699203187250996,0.3754980079681275,0.33167330677290835,0.3207171314741036,0.03451450322002159,181,0.9549302788844621,0.9526892430278885,0.9457171314741036,0.9320219123505976,0.9497011952191236,0.947011952191235,0.008106064545031441
108.40694246292114,0.5032551232596179,0.01675872802734375,0.001343498779130393,0.01,7,2,200,0.9,"{'learning_rate': 0.01, 'max_depth': 7, 'min_samples_split': 2, 'n_estimators': 200, 'subsample': 0.9}",0.3346613545816733,0.33266932270916333,0.2699203187250996,0.37250996015936255,0.33266932270916333,0.3284860557768924,0.03298843274021427,128,0.9559262948207171,0.953187250996016,0.9447211155378487,0.9285358565737052,0.9467131474103586,0.9458167330677292,0.009562012363679916
120.58617496490479,0.6911562330902784,0.016765499114990236,0.0021225803767963357,0.01,7,2,200,1.0,"{'learning_rate': 0.01, 'max_depth': 7, 'min_samples_split': 2, 'n_estimators': 200, 'subsample': 1.0}",0.3754980079681275,0.3286852589641434,0.28087649402390436,0.3655378486055777,0.32270916334661354,0.33466135458167334,0.03374128024358754,106,0.9494521912350598,0.9412350597609562,0.9404880478087649,0.921812749003984,0.9409860557768924,0.9387948207171315,0.009116946875888479
23.91581630706787,0.31232384092947213,0.004796791076660156,0.0003980839081674181,0.01,7,5,50,0.8,"{'learning_rate': 0.01, 'max_depth': 7, 'min_samples_split': 5, 'n_estimators': 50, 'subsample': 0.8}",0.3854581673306773,0.34860557768924305,0.2958167330677291,0.4531872509960159,0.35358565737051795,0.3673306772908367,0.051679311701265336,56,0.7457669322709163,0.7783864541832669,0.7833665338645418,0.7838645418326693,0.8227091633466136,0.7828187250996016,0.0244340797572423
27.044431018829346,0.3955531743066812,0.005000448226928711,3.813504986406747e-06,0.01,7,5,50,0.9,"{'learning_rate': 0.01, 'max_depth': 7, 'min_samples_split': 5, 'n_estimators': 50, 'subsample': 0.9}",0.38247011952191234,0.35358565737051795,0.3147410358565737,0.45717131474103584,0.3655378486055777,0.3747011952191235,0.04687585811344516,43,0.7455179282868526,0.7756474103585658,0.7756474103585658,0.7848605577689243,0.8204681274900398,0.7804282868525897,0.02403031651493065
30.152445602416993,0.38511870605252474,0.004999494552612305,8.740569486533814e-07,0.01,7,5,50,1.0,"{'learning_rate': 0.01, 'max_depth': 7, 'min_samples_split': 5, 'n_estimators': 50, 'subsample': 1.0}",0.39143426294820716,0.3754980079681275,0.3057768924302789,0.43725099601593626,0.34860557768924305,0.3717131474103586,0.04377215248662292,49,0.7335657370517928,0.7641932270916335,0.7440239043824701,0.763695219123506,0.8082669322709163,0.7627490039840638,0.02560138794257599
48.08940978050232,0.18062904810035738,0.00860128402709961,0.0007997080405481911,0.01,7,5,100,0.8,"{'learning_rate': 0.01, 'max_depth': 7, 'min_samples_split': 5, 'n_estimators': 100, 'subsample': 0.8}",0.32669322709163345,0.3247011952191235,0.2898406374501992,0.41334661354581675,0.34163346613545814,0.33924302788844624,0.04075932821018347,87,0.852589641434263,0.8702689243027888,0.8705179282868526,0.8640438247011952,0.8901892430278885,0.8695219123505977,0.012209831076678872
53.89768786430359,0.5443879309372213,0.008799457550048828,0.000749901555517551,0.01,7,5,100,0.9,"{'learning_rate': 0.01, 'max_depth': 7, 'min_samples_split': 5, 'n_estimators': 100, 'subsample': 0.9}",0.38147410358565736,0.351593625498008,0.2749003984063745,0.4123505976095618,0.34860557768924305,0.353784860557769,0.0457187589221565,67,0.8530876494023905,0.8662848605577689,0.8685258964143426,0.8608067729083665,0.887699203187251,0.8672808764940239,0.01151357372678975
60.02704334259033,0.5832364167767062,0.008802175521850586,0.0009815190744608287,0.01,7,5,100,1.0,"{'learning_rate': 0.01, 'max_depth': 7, 'min_samples_split': 5, 'n_estimators': 100, 'subsample': 1.0}",0.3854581673306773,0.37749003984063745,0.28286852589641437,0.42729083665338646,0.3187250996015936,0.3583665338645418,0.051228150693126945,64,0.8401394422310757,0.8573207171314741,0.8645418326693227,0.8510956175298805,0.8849601593625498,0.8596115537848605,0.014991942408148816
95.56649808883667,0.41263616269287756,0.01904721260070801,0.004008607143576165,0.01,7,5,200,0.8,"{'learning_rate': 0.01, 'max_depth': 7, 'min_samples_split': 5, 'n_estimators': 200, 'subsample': 0.8}",0.32171314741035856,0.3247011952191235,0.27689243027888444,0.3745019920318725,0.33167330677290835,0.32589641434262945,0.03103608671774087,143,0.9536852589641435,0.9499501992031872,0.9444721115537849,0.9320219123505976,0.9479581673306773,0.945617529880478,0.007422825053341323
108.52244958877563,0.5290906620889911,0.01580195426940918,0.0011645951912523573,0.01,7,5,200,0.9,"{'learning_rate': 0.01, 'max_depth': 7, 'min_samples_split': 5, 'n_estimators': 200, 'subsample': 0.9}",0.33266932270916333,0.3296812749003984,0.2679282868525896,0.3784860557768924,0.3436254980079681,0.33047808764940234,0.03576460094627558,122,0.9556772908366534,0.951195219123506,0.9449701195219123,0.9285358565737052,0.9449701195219123,0.9450697211155378,0.009202508124164052
119.64912710189819,0.7595511501907665,0.015798377990722656,0.001471862243142679,0.01,7,5,200,1.0,"{'learning_rate': 0.01, 'max_depth': 7, 'min_samples_split': 5, 'n_estimators': 200, 'subsample': 1.0}",0.3784860557768924,0.3436254980079681,0.2729083665338645,0.3695219123505976,0.33067729083665337,0.3390438247011952,0.037281343498303865,89,0.9467131474103586,0.9357569721115537,0.9417330677290837,0.9175796812749004,0.9397410358565738,0.9363047808764942,0.01000537545400411
23.831230783462523,0.17302449015284568,0.005101966857910156,0.00020633154327879397,0.01,7,10,50,0.8,"{'learning_rate': 0.01, 'max_depth': 7, 'min_samples_split': 10, 'n_estimators': 50, 'subsample': 0.8}",0.3804780876494024,0.351593625498008,0.299800796812749,0.4581673306772908,0.3466135458167331,0.3673306772908367,0.05227100743360051,56,0.7450199203187251,0.7751494023904383,0.7766434262948207,0.7843625498007968,0.8217131474103586,0.7805776892430278,0.024559115383302046
26.882461023330688,0.25117996422490974,0.005303335189819336,0.00040394860708478685,0.01,7,10,50,0.9,"{'learning_rate': 0.01, 'max_depth': 7, 'min_samples_split': 10, 'n_estimators': 50, 'subsample': 0.9}",0.3834661354581673,0.3456175298804781,0.3047808764940239,0.4581673306772908,0.3595617529880478,0.37031872509960156,0.050815948274514265,51,0.7437749003984063,0.7741533864541833,0.7731573705179283,0.7843625498007968,0.8182270916334662,0.7787350597609561,0.02393994283954963
29.7868332862854,0.294538869674667,0.004999685287475586,0.0006303014109087922,0.01,7,10,50,1.0,"{'learning_rate': 0.01, 'max_depth': 7, 'min_samples_split': 10, 'n_estimators': 50, 'subsample': 1.0}",0.3934262948207171,0.37649402390438247,0.2908366533864542,0.44322709163346613,0.3296812749003984,0.36673306772908365,0.052520931813884945,59,0.733316733067729,0.7644422310756972,0.7368027888446215,0.7669322709163346,0.8032868525896414,0.7609561752988048,0.025247088496143526
48.11977133750916,0.291632108236854,0.008601045608520508,0.0008011354930927723,0.01,7,10,100,0.8,"{'learning_rate': 0.01, 'max_depth': 7, 'min_samples_split': 10, 'n_estimators': 100, 'subsample': 0.8}",0.3844621513944223,0.3256972111553785,0.28286852589641437,0.4163346613545817,0.33266932270916333,0.348406374501992,0.04684622012697584,68,0.848605577689243,0.8650398406374502,0.8697709163346613,0.8568227091633466,0.8857071713147411,0.8651892430278885,0.012546045412953084
54.103761720657346,0.4284410710035329,0.008802366256713868,0.00040017020932052065,0.01,7,10,100,0.9,"{'learning_rate': 0.01, 'max_depth': 7, 'min_samples_split': 10, 'n_estimators': 100, 'subsample': 0.9}",0.36852589641434264,0.3426294820717131,0.2729083665338645,0.4073705179282869,0.34462151394422313,0.34721115537848607,0.04386814217848863,72,0.8483565737051793,0.8642928286852589,0.8660358565737052,0.8565737051792829,0.8849601593625498,0.8640438247011953,0.012193570265632767
59.91415100097656,0.6569569292815304,0.008201026916503906,0.0007495041156002236,0.01,7,10,100,1.0,"{'learning_rate': 0.01, 'max_depth': 7, 'min_samples_split': 10, 'n_estimators': 100, 'subsample': 1.0}",0.3934262948207171,0.3705179282868526,0.2848605577689243,0.41832669322709165,0.3157370517928287,0.3565737051792829,0.04934854410312761,66,0.8356573705179283,0.8555776892430279,0.8580677290836654,0.8570717131474104,0.8822211155378487,0.8577191235059761,0.014779681763551501
95.5908441066742,0.651533025378536,0.015905237197875975,0.0010186233677580891,0.01,7,10,200,0.8,"{'learning_rate': 0.01, 'max_depth': 7, 'min_samples_split': 10, 'n_estimators': 200, 'subsample': 0.8}",0.33266932270916333,0.3097609561752988,0.2699203187250996,0.3794820717131474,0.33266932270916333,0.32490039840637447,0.03564234364752023,152,0.950199203187251,0.9464641434262948,0.9399900398406374,0.9272908366533864,0.9469621513944223,0.9421812749003984,0.008148786156840039
107.66584391593933,0.8802342287035488,0.016701793670654295,0.0016034956393101017,0.01,7,10,200,0.9,"{'learning_rate': 0.01, 'max_depth': 7, 'min_samples_split': 10, 'n_estimators': 200, 'subsample': 0.9}",0.3296812749003984,0.32270916334661354,0.2639442231075697,0.3784860557768924,0.3386454183266932,0.32669322709163345,0.03684451295149366,140,0.9554282868525896,0.9469621513944223,0.9422310756972112,0.9230577689243028,0.9427290836653387,0.942081673306773,0.010623573397924226
119.72440681457519,0.49001955471204767,0.01590256690979004,0.0015648704478571967,0.01,7,10,200,1.0,"{'learning_rate': 0.01, 'max_depth': 7, 'min_samples_split': 10, 'n_estimators': 200, 'subsample': 1.0}",0.3954183266932271,0.3207171314741036,0.27091633466135456,0.3695219123505976,0.3157370517928287,0.3344621513944223,0.04364050388649279,108,0.9447211155378487,0.9332669322709163,0.9345119521912351,0.914093625498008,0.93550796812749,0.9324203187250996,0.010018009290803867
11.12053360939026,0.03206034823202532,0.0025985240936279297,0.0004906636980431928,0.05,3,2,50,0.8,"{'learning_rate': 0.05, 'max_depth': 3, 'min_samples_split': 2, 'n_estimators': 50, 'subsample': 0.8}",0.32669322709163345,0.399402390438247,0.3794820717131474,0.40239043824701193,0.3705179282868526,0.3756972111553785,0.027265379117086156,42,0.6780378486055777,0.6743027888446215,0.6964641434262948,0.68550796812749,0.68949203187251,0.6847609561752988,0.007930688939200957
12.386315870285035,0.09895462742192809,0.003902292251586914,0.002577298649578441,0.05,3,2,50,0.9,"{'learning_rate': 0.05, 'max_depth': 3, 'min_samples_split': 2, 'n_estimators': 50, 'subsample': 0.9}",0.32171314741035856,0.4123505976095618,0.37250996015936255,0.40139442231075695,0.3904382470119522,0.37968127490039844,0.03183139778760799,35,0.6770418326693227,0.6700697211155379,0.6917330677290837,0.6735557768924303,0.6867529880478087,0.6798306772908367,0.008148786156840015
13.731894969940186,0.15708107598610033,0.0023985862731933593,0.0004899055131103116,0.05,3,2,50,1.0,"{'learning_rate': 0.05, 'max_depth': 3, 'min_samples_split': 2, 'n_estimators': 50, 'subsample': 1.0}",0.3237051792828685,0.38745019920318724,0.3844621513944223,0.40139442231075695,0.38645418326693226,0.37669322709163344,0.027163310384135882,41,0.6703187250996016,0.6688247011952191,0.6797808764940239,0.6790338645418327,0.6762948207171314,0.6748505976095618,0.004488706908065245
22.053081130981447,0.19863828752986146,0.003999233245849609,3.73031753837737e-06,0.05,3,2,100,0.8,"{'learning_rate': 0.05, 'max_depth': 3, 'min_samples_split': 2, 'n_estimators': 100, 'subsample': 0.8}",0.3247011952191235,0.3715139442231076,0.34960159362549803,0.3436254980079681,0.3396414342629482,0.34581673306772903,0.01525433443751128,77,0.7841135458167331,0.7758964143426295,0.7833665338645418,0.763695219123506,0.771414342629482,0.7756972111553786,0.007643083898561661
24.73696165084839,0.23584750956593958,0.003795909881591797,0.0004029517025361184,0.05,3,2,100,0.9,"{'learning_rate': 0.05, 'max_depth': 3, 'min_samples_split': 2, 'n_estimators': 100, 'subsample': 0.9}",0.32171314741035856,0.3844621513944223,0.3426294820717131,0.36254980079681276,0.3207171314741036,0.346414342629482,0.024465525287400865,75,0.7761454183266933,0.7719123505976095,0.7739043824701195,0.7607071713147411,0.7773904382470119,0.7720119521912351,0.005956558369538592
27.524210357666014,0.23546595582746063,0.004199075698852539,0.0004013722615942961,0.05,3,2,100,1.0,"{'learning_rate': 0.05, 'max_depth': 3, 'min_samples_split': 2, 'n_estimators': 100, 'subsample': 1.0}",0.33067729083665337,0.351593625498008,0.34760956175298807,0.3605577689243028,0.30378486055776893,0.33884462151394423,0.020033542767768336,91,0.7696713147410359,0.7582171314741036,0.7793824701195219,0.7502490039840638,0.7649402390438247,0.76449203187251,0.009909482633615891
44.00988669395447,0.12309684790489508,0.0065975189208984375,0.0008009739212099569,0.05,3,2,200,0.8,"{'learning_rate': 0.05, 'max_depth': 3, 'min_samples_split': 2, 'n_estimators': 200, 'subsample': 0.8}",0.3256972111553785,0.35258964143426297,0.3336653386454183,0.34163346613545814,0.31274900398406374,0.3332669322709163,0.013578002540200779,115,0.8757470119521913,0.8697709163346613,0.8742529880478087,0.8563247011952191,0.8528386454183267,0.8657868525896415,0.009422752952402656
49.58562340736389,0.34936862332408886,0.010602235794067383,0.007709370032535892,0.05,3,2,200,0.9,"{'learning_rate': 0.05, 'max_depth': 3, 'min_samples_split': 2, 'n_estimators': 200, 'subsample': 0.9}",0.3207171314741036,0.3595617529880478,0.31772908366533864,0.3466135458167331,0.30677290836653387,0.3302788844621514,0.019625305516733575,123,0.8715139442231076,0.8682768924302788,0.8720119521912351,0.8493525896414342,0.8620517928286853,0.8646414342629483,0.008428849226186775
54.91336884498596,0.23486336123513482,0.006599617004394531,0.0004899490871556477,0.05,3,2,200,1.0,"{'learning_rate': 0.05, 'max_depth': 3, 'min_samples_split': 2, 'n_estimators': 200, 'subsample': 1.0}",0.3157370517928287,0.3237051792828685,0.3157370517928287,0.3456175298804781,0.30278884462151395,0.32071713147410363,0.014142023385895503,180,0.8682768924302788,0.8528386454183267,0.8647908366533864,0.8406374501992032,0.8441235059760956,0.854133466135458,0.010932834609072033
10.969962549209594,0.12807591628457304,0.002799320220947266,0.0003984247508756511,0.05,3,5,50,0.8,"{'learning_rate': 0.05, 'max_depth': 3, 'min_samples_split': 5, 'n_estimators': 50, 'subsample': 0.8}",0.32669322709163345,0.3944223107569721,0.3794820717131474,0.40537848605577687,0.3665338645418327,0.3745019920318725,0.027291563662634508,44,0.6780378486055777,0.6743027888446215,0.6962151394422311,0.6837649402390438,0.6879980079681275,0.6840637450199203,0.0076786950545228525
12.359102725982666,0.08773853114756107,0.0029990673065185547,0.0006333969069120305,0.05,3,5,50,0.9,"{'learning_rate': 0.05, 'max_depth': 3, 'min_samples_split': 5, 'n_estimators': 50, 'subsample': 0.9}",0.32171314741035856,0.40537848605577687,0.3645418326693227,0.4043824701195219,0.3904382470119522,0.3772908366533865,0.031455186205558545,39,0.6770418326693227,0.6695717131474104,0.686503984063745,0.6730577689243028,0.6867529880478087,0.6785856573705179,0.006979933006154157
13.691107416152954,0.13498171779241266,0.0027977943420410155,0.0004001622829579075,0.05,3,5,50,1.0,"{'learning_rate': 0.05, 'max_depth': 3, 'min_samples_split': 5, 'n_estimators': 50, 'subsample': 1.0}",0.3237051792828685,0.3894422310756972,0.3834661354581673,0.4043824701195219,0.38645418326693226,0.3774900398406375,0.027838600873750074,38,0.6703187250996016,0.6688247011952191,0.6760458167330677,0.6777888446215139,0.6762948207171314,0.6738545816733068,0.0035787339090083067
22.034057760238646,0.19285058716123,0.003800773620605469,0.00040002063880798644,0.05,3,5,100,0.8,"{'learning_rate': 0.05, 'max_depth': 3, 'min_samples_split': 5, 'n_estimators': 100, 'subsample': 0.8}",0.3247011952191235,0.37749003984063745,0.35358565737051795,0.3466135458167331,0.3256972111553785,0.3456175298804781,0.019568608271303294,78,0.7838645418326693,0.7761454183266933,0.790089641434263,0.7651892430278885,0.771414342629482,0.7773406374501992,0.008823880511873486
24.677973651885985,0.05553746540659476,0.005400848388671875,0.0028003705090256406,0.05,3,5,100,0.9,"{'learning_rate': 0.05, 'max_depth': 3, 'min_samples_split': 5, 'n_estimators': 100, 'subsample': 0.9}",0.3207171314741036,0.37250996015936255,0.34063745019920316,0.35358565737051795,0.3237051792828685,0.3422310756972111,0.01925791081849714,83,0.7768924302788844,0.7716633466135459,0.7758964143426295,0.7607071713147411,0.7746513944223108,0.7719621513944224,0.005895455262799497
27.63634181022644,0.26783588111498374,0.003998899459838867,2.623037822623266e-06,0.05,3,5,100,1.0,"{'learning_rate': 0.05, 'max_depth': 3, 'min_samples_split': 5, 'n_estimators': 100, 'subsample': 1.0}",0.3296812749003984,0.35756972111553786,0.34462151394422313,0.351593625498008,0.30278884462151395,0.3372509960159362,0.019584824232877225,98,0.771414342629482,0.7599601593625498,0.7674302788844621,0.7554780876494024,0.7676792828685259,0.7643924302788845,0.005804303698937636
44.16596555709839,0.3568831597316205,0.006705284118652344,0.0005965369495134923,0.05,3,5,200,0.8,"{'learning_rate': 0.05, 'max_depth': 3, 'min_samples_split': 5, 'n_estimators': 200, 'subsample': 0.8}",0.3286852589641434,0.36254980079681276,0.33266932270916333,0.32768924302788843,0.3256972111553785,0.33545816733067724,0.01373491169397467,103,0.8735059760956175,0.8662848605577689,0.8725099601593626,0.860308764940239,0.8508466135458167,0.864691235059761,0.008393465948618912
49.332238578796385,0.0995547132032247,0.0065974235534667965,0.0008000876609500588,0.05,3,5,200,0.9,"{'learning_rate': 0.05, 'max_depth': 3, 'min_samples_split': 5, 'n_estimators': 200, 'subsample': 0.9}",0.3207171314741036,0.3466135458167331,0.32171314741035856,0.33665338645418325,0.31175298804780877,0.3274900398406374,0.01246254368096977,136,0.8754980079681275,0.8657868525896414,0.8742529880478087,0.8493525896414342,0.8568227091633466,0.8643426294820717,0.010059760956175301
54.877903079986574,0.28130041102810377,0.010999965667724609,0.008507966980406996,0.05,3,5,200,1.0,"{'learning_rate': 0.05, 'max_depth': 3, 'min_samples_split': 5, 'n_estimators': 200, 'subsample': 1.0}",0.3187250996015936,0.33167330677290835,0.3137450199203187,0.34462151394422313,0.299800796812749,0.3217131474103586,0.015339938890978852,173,0.8690239043824701,0.8560756972111554,0.8625498007968128,0.8443725099601593,0.8466135458167331,0.855727091633466,0.009332302586049942
11.082059049606324,0.11348223474097509,0.002806854248046875,0.0007455977949198867,0.05,3,10,50,0.8,"{'learning_rate': 0.05, 'max_depth': 3, 'min_samples_split': 10, 'n_estimators': 50, 'subsample': 0.8}",0.32768924302788843,0.39641434262948205,0.37250996015936255,0.40239043824701193,0.3655378486055777,0.37290836653386455,0.026536675969405323,47,0.6782868525896414,0.6745517928286853,0.6949701195219123,0.6852589641434262,0.6872509960159362,0.6840637450199203,0.007132823327152518
12.442839622497559,0.132874202111591,0.003402042388916016,0.0008023768544687675,0.05,3,10,50,0.9,"{'learning_rate': 0.05, 'max_depth': 3, 'min_samples_split': 10, 'n_estimators': 50, 'subsample': 0.9}",0.32270916334661354,0.41334661354581675,0.3715139442231076,0.4033864541832669,0.37749003984063745,0.37768924302788837,0.031599930039208655,37,0.6762948207171314,0.6700697211155379,0.7016932270916335,0.672808764940239,0.68949203187251,0.6820717131474103,0.01185991102680194
13.722346830368043,0.17519924610977253,0.0026999473571777343,0.0003982190012733836,0.05,3,10,50,1.0,"{'learning_rate': 0.05, 'max_depth': 3, 'min_samples_split': 10, 'n_estimators': 50, 'subsample': 1.0}",0.32270916334661354,0.3894422310756972,0.3695219123505976,0.4103585657370518,0.39243027888446214,0.37689243027888447,0.030030169536047785,40,0.6710657370517928,0.6688247011952191,0.6792828685258964,0.6777888446215139,0.6775398406374502,0.6749003984063745,0.004150531182473028
22.107707262039185,0.24105960630705484,0.0041980743408203125,0.0003983035653277339,0.05,3,10,100,0.8,"{'learning_rate': 0.05, 'max_depth': 3, 'min_samples_split': 10, 'n_estimators': 100, 'subsample': 0.8}",0.3286852589641434,0.3715139442231076,0.350597609561753,0.3555776892430279,0.3237051792828685,0.34601593625498006,0.017667424899316123,76,0.7858565737051793,0.7694223107569721,0.7816235059760956,0.762699203187251,0.772410358565737,0.7744023904382471,0.008355558633248251
24.845048475265504,0.21307350653826318,0.004199314117431641,0.00040065188863653043,0.05,3,10,100,0.9,"{'learning_rate': 0.05, 'max_depth': 3, 'min_samples_split': 10, 'n_estimators': 100, 'subsample': 0.9}",0.31673306772908366,0.3834661354581673,0.33665338645418325,0.3705179282868526,0.32768924302788843,0.34701195219123504,0.025608265102030025,73,0.7766434262948207,0.7709163346613546,0.7781374501992032,0.7599601593625498,0.7711653386454184,0.7713645418326693,0.006388104883440896
27.523933744430543,0.27061599943008197,0.003999948501586914,6.832262843926274e-06,0.05,3,10,100,1.0,"{'learning_rate': 0.05, 'max_depth': 3, 'min_samples_split': 10, 'n_estimators': 100, 'subsample': 1.0}",0.3207171314741036,0.3605577689243028,0.3396414342629482,0.3645418326693227,0.3097609561752988,0.3390438247011952,0.021478870628181723,89,0.7716633466135459,0.7574701195219123,0.7706673306772909,0.7482569721115537,0.7664342629482072,0.762898406374502,0.008871533569304924
44.092595911026,0.3305644304641152,0.006198310852050781,0.00040071040024856934,0.05,3,10,200,0.8,"{'learning_rate': 0.05, 'max_depth': 3, 'min_samples_split': 10, 'n_estimators': 200, 'subsample': 0.8}",0.33167330677290835,0.350597609561753,0.3376494023904382,0.33665338645418325,0.30278884462151395,0.3318725099601593,0.015828821135712295,116,0.8732569721115537,0.8700199203187251,0.8705179282868526,0.8565737051792829,0.8558266932270916,0.8652390438247013,0.007465802205269916
49.20926933288574,0.25581698193408287,0.007302379608154297,0.000612459131432911,0.05,3,10,200,0.9,"{'learning_rate': 0.05, 'max_depth': 3, 'min_samples_split': 10, 'n_estimators': 200, 'subsample': 0.9}",0.2968127490039841,0.3426294820717131,0.3247011952191235,0.34462151394422313,0.31673306772908366,0.3250996015936255,0.017656191080605843,150,0.8710159362549801,0.8657868525896414,0.8692729083665338,0.8473605577689243,0.8530876494023905,0.861304780876494,0.009379223518616111
54.89966425895691,0.40585359166368074,0.0073051929473876955,0.0011719601915761903,0.05,3,10,200,1.0,"{'learning_rate': 0.05, 'max_depth': 3, 'min_samples_split': 10, 'n_estimators': 200, 'subsample': 1.0}",0.3097609561752988,0.33167330677290835,0.3187250996015936,0.3466135458167331,0.29282868525896416,0.31992031872509963,0.018380744819796454,184,0.8657868525896414,0.8543326693227091,0.8632968127490039,0.8466135458167331,0.8466135458167331,0.8553286852589641,0.008071724454592206
17.79226498603821,0.17125882739308335,0.003597736358642578,0.0004885244276188224,0.05,5,2,50,0.8,"{'learning_rate': 0.05, 'max_depth': 5, 'min_samples_split': 2, 'n_estimators': 50, 'subsample': 0.8}",0.33067729083665337,0.3237051792828685,0.2649402390438247,0.3645418326693227,0.3396414342629482,0.3247011952191235,0.03291979582162064,155,0.8735059760956175,0.8715139442231076,0.8687749003984063,0.8406374501992032,0.8670318725099602,0.8642928286852591,0.012034906348201752
19.861572456359863,0.12806575494089176,0.003801298141479492,0.00040114072669045686,0.05,5,2,50,0.9,"{'learning_rate': 0.05, 'max_depth': 5, 'min_samples_split': 2, 'n_estimators': 50, 'subsample': 0.9}",0.3237051792828685,0.3426294820717131,0.2679282868525896,0.3436254980079681,0.32270916334661354,0.3201195219123506,0.027577952850724265,182,0.874003984063745,0.8717629482071713,0.8595617529880478,0.8463645418326693,0.8498505976095617,0.860308764940239,0.011163601479810707
22.082121896743775,0.28511952914044,0.003801298141479492,0.00040147908753470236,0.05,5,2,50,1.0,"{'learning_rate': 0.05, 'max_depth': 5, 'min_samples_split': 2, 'n_estimators': 50, 'subsample': 1.0}",0.3187250996015936,0.3645418326693227,0.2739043824701195,0.3745019920318725,0.30776892430278885,0.3278884462151394,0.03720036186312249,131,0.8677788844621513,0.8558266932270916,0.8418824701195219,0.828187250996016,0.8456175298804781,0.8478585657370518,0.013326715559268771
35.391067552566525,0.24715450717111423,0.006599998474121094,0.0013571906914692285,0.05,5,2,100,0.8,"{'learning_rate': 0.05, 'max_depth': 5, 'min_samples_split': 2, 'n_estimators': 100, 'subsample': 0.8}",0.3386454183266932,0.3187250996015936,0.28286852589641437,0.33565737051792827,0.3197211155378486,0.3191235059760956,0.01984647668437757,190,0.9457171314741036,0.9427290836653387,0.93949203187251,0.9295318725099602,0.9352589641434262,0.9385458167330677,0.00568994535712018
39.684112024307254,0.34983606569074277,0.009198188781738281,0.006400943453146044,0.05,5,2,100,0.9,"{'learning_rate': 0.05, 'max_depth': 5, 'min_samples_split': 2, 'n_estimators': 100, 'subsample': 0.9}",0.3256972111553785,0.33067729083665337,0.27589641434262946,0.30876494023904383,0.31274900398406374,0.3107569721115538,0.019200128701229467,232,0.9487051792828686,0.9407370517928287,0.9412350597609562,0.9272908366533864,0.9295318725099602,0.9375,0.00797123943215814
44.332563638687134,0.3027614403332377,0.006503009796142578,0.0007784589045736223,0.05,5,2,100,1.0,"{'learning_rate': 0.05, 'max_depth': 5, 'min_samples_split': 2, 'n_estimators': 100, 'subsample': 1.0}",0.34860557768924305,0.3555776892430279,0.2948207171314741,0.35258964143426297,0.32171314741035856,0.3346613545816733,0.023273548696310604,107,0.93949203187251,0.9332669322709163,0.9312749003984063,0.9235557768924303,0.9307768924302788,0.9316733067729082,0.005109377302263185
70.93446679115296,0.21141962612965012,0.012806272506713868,0.003359837619068848,0.05,5,2,200,0.8,"{'learning_rate': 0.05, 'max_depth': 5, 'min_samples_split': 2, 'n_estimators': 200, 'subsample': 0.8}",0.3346613545816733,0.30378486055776893,0.30378486055776893,0.34462151394422313,0.3296812749003984,0.32330677290836657,0.01664985951710507,162,0.9885458167330677,0.9848107569721115,0.9850597609561753,0.9835657370517928,0.9808266932270916,0.9845617529880478,0.002495014950174386
79.48808531761169,0.3337830930253094,0.010999917984008789,0.0006338499149968284,0.05,5,2,200,0.9,"{'learning_rate': 0.05, 'max_depth': 5, 'min_samples_split': 2, 'n_estimators': 200, 'subsample': 0.9}",0.32768924302788843,0.3137450199203187,0.2968127490039841,0.3157370517928287,0.3147410358565737,0.3137450199203187,0.009860054717740695,220,0.9890438247011952,0.9877988047808764,0.987300796812749,0.9858067729083665,0.9818227091633466,0.9863545816733067,0.0024920310763340346
89.16533651351929,0.5921830136927793,0.011507225036621094,0.0013404695482742083,0.05,5,2,200,1.0,"{'learning_rate': 0.05, 'max_depth': 5, 'min_samples_split': 2, 'n_estimators': 200, 'subsample': 1.0}",0.3336653386454183,0.3286852589641434,0.2958167330677291,0.33565737051792827,0.32768924302788843,0.3243027888446215,0.01455138037270889,158,0.9838147410358565,0.983316733067729,0.9845617529880478,0.9770916334661355,0.9783366533864541,0.9814243027888445,0.0030804117717514105
17.761315202713014,0.20407029763928386,0.0040016651153564455,1.9509575410345827e-06,0.05,5,5,50,0.8,"{'learning_rate': 0.05, 'max_depth': 5, 'min_samples_split': 5, 'n_estimators': 50, 'subsample': 0.8}",0.3426294820717131,0.31673306772908366,0.2798804780876494,0.36254980079681276,0.35258964143426297,0.3308764940239044,0.029710005079684725,119,0.8712649402390438,0.8737549800796812,0.8682768924302788,0.8510956175298805,0.8672808764940239,0.8663346613545816,0.007953173218198032
19.858178901672364,0.13657524946327756,0.004000186920166016,0.0006312792732614619,0.05,5,5,50,0.9,"{'learning_rate': 0.05, 'max_depth': 5, 'min_samples_split': 5, 'n_estimators': 50, 'subsample': 0.9}",0.3376494023904382,0.351593625498008,0.28087649402390436,0.34063745019920316,0.3286852589641434,0.3278884462151394,0.024619128547788464,131,0.8707669322709163,0.875,0.8575697211155379,0.8468625498007968,0.8491035856573705,0.8598605577689241,0.011296550876852012
22.063076782226563,0.20385889384907313,0.003997993469238281,3.051012663468626e-06,0.05,5,5,50,1.0,"{'learning_rate': 0.05, 'max_depth': 5, 'min_samples_split': 5, 'n_estimators': 50, 'subsample': 1.0}",0.3336653386454183,0.36354581673306774,0.27689243027888444,0.36752988047808766,0.3286852589641434,0.3340637450199203,0.03251713654094896,110,0.862300796812749,0.8610557768924303,0.8426294820717132,0.825199203187251,0.8476095617529881,0.8477589641434264,0.01359078252686518
35.12344403266907,0.17657038617908094,0.006001615524291992,5.148074942117989e-06,0.05,5,5,100,0.8,"{'learning_rate': 0.05, 'max_depth': 5, 'min_samples_split': 5, 'n_estimators': 100, 'subsample': 0.8}",0.33067729083665337,0.31772908366533864,0.2858565737051793,0.351593625498008,0.31175298804780877,0.31952191235059757,0.021679311331335122,187,0.9462151394422311,0.93949203187251,0.9372509960159362,0.9305278884462151,0.936503984063745,0.9379980079681275,0.005066481561099568
39.900063037872314,0.1573076407645844,0.005798625946044922,0.00039950845665067314,0.05,5,5,100,0.9,"{'learning_rate': 0.05, 'max_depth': 5, 'min_samples_split': 5, 'n_estimators': 100, 'subsample': 0.9}",0.3256972111553785,0.32270916334661354,0.2968127490039841,0.32270916334661354,0.3256972111553785,0.3187250996015936,0.011037366675055822,192,0.9484561752988048,0.9399900398406374,0.93949203187251,0.9243027888446215,0.9305278884462151,0.9365537848605578,0.00834872892019757
44.26363015174866,0.25295483243755806,0.0060999393463134766,0.00020089399040586144,0.05,5,5,100,1.0,"{'learning_rate': 0.05, 'max_depth': 5, 'min_samples_split': 5, 'n_estimators': 100, 'subsample': 1.0}",0.3466135458167331,0.3436254980079681,0.28386454183266935,0.33266932270916333,0.33565737051792827,0.3284860557768924,0.022881501656266897,128,0.9397410358565738,0.9337649402390438,0.9305278884462151,0.9223107569721115,0.9257968127490039,0.9304282868525895,0.006086301242012853
70.91368708610534,0.3730920883467816,0.011102056503295899,0.00048507944990913894,0.05,5,5,200,0.8,"{'learning_rate': 0.05, 'max_depth': 5, 'min_samples_split': 5, 'n_estimators': 200, 'subsample': 0.8}",0.3336653386454183,0.3207171314741036,0.2948207171314741,0.351593625498008,0.2948207171314741,0.3191235059760956,0.022133975208399756,190,0.9877988047808764,0.985308764940239,0.9828187250996016,0.9820717131474104,0.9803286852589641,0.9836653386454183,0.0026144232566547095
79.85193386077881,0.28263992558793516,0.010798978805541991,0.0003978343999376038,0.05,5,5,200,0.9,"{'learning_rate': 0.05, 'max_depth': 5, 'min_samples_split': 5, 'n_estimators': 200, 'subsample': 0.9}",0.3247011952191235,0.30278884462151395,0.300796812749004,0.3157370517928287,0.33167330677290835,0.3151394422310757,0.01202831007127531,213,0.9887948207171314,0.9860557768924303,0.9835657370517928,0.9825697211155379,0.9805776892430279,0.984312749003984,0.0028521555902940744
88.68044576644897,0.5054238475525006,0.010602331161499024,0.0004927962332723285,0.05,5,5,200,1.0,"{'learning_rate': 0.05, 'max_depth': 5, 'min_samples_split': 5, 'n_estimators': 200, 'subsample': 1.0}",0.3456175298804781,0.33167330677290835,0.28884462151394424,0.31772908366533864,0.3386454183266932,0.32450199203187247,0.02007311914527587,156,0.9850597609561753,0.9820717131474104,0.9838147410358565,0.9803286852589641,0.9788346613545816,0.9820219123505977,0.002257025735781818
17.582906770706177,0.19293086126095094,0.004199314117431641,0.0007518865836540144,0.05,5,10,50,0.8,"{'learning_rate': 0.05, 'max_depth': 5, 'min_samples_split': 10, 'n_estimators': 50, 'subsample': 0.8}",0.3346613545816733,0.35856573705179284,0.2848605577689243,0.39143426294820716,0.33565737051792827,0.34103585657370517,0.0348497422038399,85,0.8722609561752988,0.8717629482071713,0.8665338645418327,0.8391434262948207,0.8533366533864541,0.8606075697211155,0.012719595376347112
19.82021384239197,0.15432064682621402,0.0037985801696777343,0.0004013187586414349,0.05,5,10,50,0.9,"{'learning_rate': 0.05, 'max_depth': 5, 'min_samples_split': 10, 'n_estimators': 50, 'subsample': 0.9}",0.32768924302788843,0.3456175298804781,0.2908366533864542,0.3605577689243028,0.34163346613545814,0.33326693227091636,0.023659100147582462,114,0.8697709163346613,0.8650398406374502,0.8610557768924303,0.8461155378486056,0.848605577689243,0.8581175298804782,0.009239893341282144
22.063192796707153,0.2139027350839111,0.0037006855010986326,0.0003986518744853867,0.05,5,10,50,1.0,"{'learning_rate': 0.05, 'max_depth': 5, 'min_samples_split': 10, 'n_estimators': 50, 'subsample': 1.0}",0.3555776892430279,0.3715139442231076,0.28286852589641437,0.3665338645418327,0.3197211155378486,0.33924302788844624,0.033502873024752425,87,0.8588147410358565,0.8545816733067729,0.8503486055776892,0.8334163346613546,0.8466135458167331,0.8487549800796812,0.008689632565967428
35.407752227783206,0.2483351863229426,0.0065959453582763675,0.00119943694601242,0.05,5,10,100,0.8,"{'learning_rate': 0.05, 'max_depth': 5, 'min_samples_split': 10, 'n_estimators': 100, 'subsample': 0.8}",0.33167330677290835,0.33167330677290835,0.2699203187250996,0.35856573705179284,0.30876494023904383,0.3201195219123506,0.02964448641271119,182,0.9417330677290837,0.9370019920318725,0.9379980079681275,0.9252988047808764,0.9272908366533864,0.9338645418326694,0.006409809464447314
40.14247369766235,0.3224096816109634,0.0061972618103027345,0.0004008923552934029,0.05,5,10,100,0.9,"{'learning_rate': 0.05, 'max_depth': 5, 'min_samples_split': 10, 'n_estimators': 100, 'subsample': 0.9}",0.3296812749003984,0.3296812749003984,0.31274900398406374,0.3456175298804781,0.32171314741035856,0.3278884462151394,0.010845145489096581,131,0.9479581673306773,0.9387450199203188,0.9342629482071713,0.9245517928286853,0.9272908366533864,0.9345617529880478,0.00836801589985089
44.378891181945804,0.2882636581748944,0.006001091003417969,3.413967575010061e-06,0.05,5,10,100,1.0,"{'learning_rate': 0.05, 'max_depth': 5, 'min_samples_split': 10, 'n_estimators': 100, 'subsample': 1.0}",0.35358565737051795,0.34760956175298807,0.29780876494023906,0.3396414342629482,0.3286852589641434,0.3334661354581673,0.019683855501251995,113,0.9449701195219123,0.936503984063745,0.9265438247011952,0.9210657370517928,0.9245517928286853,0.930727091633466,0.008777381608314051
70.71576323509217,0.46991816204287146,0.010502147674560546,0.0006388988285926615,0.05,5,10,200,0.8,"{'learning_rate': 0.05, 'max_depth': 5, 'min_samples_split': 10, 'n_estimators': 200, 'subsample': 0.8}",0.32270916334661354,0.33266932270916333,0.29282868525896416,0.34760956175298807,0.301792828685259,0.31952191235059757,0.0199938880519914,187,0.9858067729083665,0.9823207171314741,0.9838147410358565,0.9820717131474104,0.9790836653386454,0.9826195219123506,0.0022126354473628322
79.6918679714203,0.4172285787668968,0.011101627349853515,0.0006652180620387983,0.05,5,10,200,0.9,"{'learning_rate': 0.05, 'max_depth': 5, 'min_samples_split': 10, 'n_estimators': 200, 'subsample': 0.9}",0.3336653386454183,0.33167330677290835,0.30876494023904383,0.3296812749003984,0.3187250996015936,0.32450199203187247,0.009415380317208337,156,0.9882968127490039,0.9845617529880478,0.9838147410358565,0.9823207171314741,0.9800796812749004,0.9838147410358566,0.0027140292018802067
88.49644107818604,0.23379957447950833,0.010800409317016601,0.0007475823464270317,0.05,5,10,200,1.0,"{'learning_rate': 0.05, 'max_depth': 5, 'min_samples_split': 10, 'n_estimators': 200, 'subsample': 1.0}",0.351593625498008,0.35358565737051795,0.2908366533864542,0.32669322709163345,0.32669322709163345,0.32988047808764936,0.022707415883000744,125,0.9835657370517928,0.9820717131474104,0.9813247011952191,0.9750996015936255,0.9773406374501992,0.9798804780876494,0.0031551860680193553
24.165057277679445,0.25136482007664507,0.005010461807250977,1.504842469477923e-05,0.05,7,2,50,0.8,"{'learning_rate': 0.05, 'max_depth': 7, 'min_samples_split': 2, 'n_estimators': 50, 'subsample': 0.8}",0.3456175298804781,0.28884462151394424,0.29282868525896416,0.39143426294820716,0.33565737051792827,0.3308764940239044,0.03774046198385006,119,0.9651394422310757,0.9688745019920318,0.9596613545816733,0.9457171314741036,0.9624003984063745,0.9603585657370518,0.007929750710721292
27.125457668304442,0.2994444263625059,0.004997730255126953,0.0006340229730366948,0.05,7,2,50,0.9,"{'learning_rate': 0.05, 'max_depth': 7, 'min_samples_split': 2, 'n_estimators': 50, 'subsample': 0.9}",0.3545816733067729,0.32270916334661354,0.2599601593625498,0.3615537848605578,0.34063745019920316,0.32788844621513946,0.03646778750355386,130,0.9661354581673307,0.9666334661354582,0.9611553784860558,0.9492031872509961,0.9591633466135459,0.9604581673306773,0.0063119440309780265
30.082998180389403,0.2456151896364038,0.0051978111267089845,0.0003998098414803403,0.05,7,2,50,1.0,"{'learning_rate': 0.05, 'max_depth': 7, 'min_samples_split': 2, 'n_estimators': 50, 'subsample': 1.0}",0.3754980079681275,0.3157370517928287,0.2679282868525896,0.38645418326693226,0.3237051792828685,0.3338645418326693,0.04307766045643052,112,0.9648904382470119,0.9611553784860558,0.9584163346613546,0.9424800796812749,0.9586653386454184,0.9571215139442231,0.0076819242464122904
48.59929847717285,0.3836015387576032,0.008397912979125977,0.0004910913366922495,0.05,7,2,100,0.8,"{'learning_rate': 0.05, 'max_depth': 7, 'min_samples_split': 2, 'n_estimators': 100, 'subsample': 0.8}",0.33565737051792827,0.2968127490039841,0.30378486055776893,0.37350597609561753,0.29780876494023906,0.32151394422310753,0.029629758228132345,175,0.9957669322709163,0.9937749003984063,0.9922808764940239,0.9895418326693227,0.9935258964143426,0.9929780876494023,0.002049712711878138
54.5661120891571,0.341622575174518,0.008901882171630859,0.000802054804804353,0.05,7,2,100,0.9,"{'learning_rate': 0.05, 'max_depth': 7, 'min_samples_split': 2, 'n_estimators': 100, 'subsample': 0.9}",0.33665338645418325,0.29382470119521914,0.2818725099601594,0.3396414342629482,0.34760956175298807,0.3199203187250996,0.026699172793253387,185,0.9972609561752988,0.9962649402390438,0.9930278884462151,0.9915338645418327,0.9932768924302788,0.9942729083665338,0.002142013263705811
60.66673002243042,0.1960382375487234,0.009200143814086913,0.0019388979027339462,0.05,7,2,100,1.0,"{'learning_rate': 0.05, 'max_depth': 7, 'min_samples_split': 2, 'n_estimators': 100, 'subsample': 1.0}",0.35856573705179284,0.3107569721115538,0.2858565737051793,0.34860557768924305,0.3247011952191235,0.3256972111553785,0.026140437772628287,145,0.9945219123505976,0.9927788844621513,0.9922808764940239,0.9892928286852589,0.9922808764940239,0.9922310756972111,0.0016844157893713047
97.82606086730956,1.249921028495214,0.01590142250061035,0.00019388673807491522,0.05,7,2,200,0.8,"{'learning_rate': 0.05, 'max_depth': 7, 'min_samples_split': 2, 'n_estimators': 200, 'subsample': 0.8}",0.3286852589641434,0.28784860557768926,0.29282868525896416,0.37649402390438247,0.3047808764940239,0.31812749003984064,0.03241324180261601,198,1.0,1.0,1.0,1.0,1.0,1.0,0.0
109.76184220314026,1.0566195325186656,0.016802406311035155,0.0013290054740810627,0.05,7,2,200,0.9,"{'learning_rate': 0.05, 'max_depth': 7, 'min_samples_split': 2, 'n_estimators': 200, 'subsample': 0.9}",0.33167330677290835,0.2898406374501992,0.2958167330677291,0.32768924302788843,0.3456175298804781,0.31812749003984064,0.021580243129802133,198,1.0,1.0,1.0,1.0,1.0,1.0,0.0
121.95558443069459,1.6774993033161725,0.01580023765563965,0.0004001911637079585,0.05,7,2,200,1.0,"{'learning_rate': 0.05, 'max_depth': 7, 'min_samples_split': 2, 'n_estimators': 200, 'subsample': 1.0}",0.34860557768924305,0.31673306772908366,0.29880478087649404,0.33565737051792827,0.3386454183266932,0.32768924302788843,0.017750334191191604,135,1.0,1.0,1.0,1.0,1.0,1.0,0.0
24.439798736572264,0.6034763519588399,0.0049991607666015625,2.3554018087822855e-06,0.05,7,5,50,0.8,"{'learning_rate': 0.05, 'max_depth': 7, 'min_samples_split': 5, 'n_estimators': 50, 'subsample': 0.8}",0.3436254980079681,0.2778884462151394,0.2848605577689243,0.37250996015936255,0.32768924302788843,0.3213147410358565,0.03570463603772978,178,0.9658864541832669,0.9648904382470119,0.9564243027888446,0.9419820717131474,0.960906374501992,0.9580179282868526,0.008685350341271563
27.20465021133423,0.5633163063990966,0.005704498291015625,0.0011647440822355533,0.05,7,5,50,0.9,"{'learning_rate': 0.05, 'max_depth': 7, 'min_samples_split': 5, 'n_estimators': 50, 'subsample': 0.9}",0.3466135458167331,0.3097609561752988,0.25199203187250996,0.34860557768924305,0.32768924302788843,0.3169322709163347,0.03540777116068343,209,0.9648904382470119,0.9671314741035857,0.958914342629482,0.9482071713147411,0.961902390438247,0.9602091633466137,0.006609449482607104
29.918734979629516,0.2075726450373931,0.005002212524414062,7.704130336235317e-06,0.05,7,5,50,1.0,"{'learning_rate': 0.05, 'max_depth': 7, 'min_samples_split': 5, 'n_estimators': 50, 'subsample': 1.0}",0.32171314741035856,0.31274900398406374,0.2908366533864542,0.3595617529880478,0.33266932270916333,0.32350597609561754,0.022672438326988915,161,0.9668824701195219,0.9554282868525896,0.9554282868525896,0.9392430278884463,0.9584163346613546,0.9550796812749004,0.008960822758121474
48.573453950881955,0.3281785734286618,0.009904813766479493,0.0018053313717947793,0.05,7,5,100,0.8,"{'learning_rate': 0.05, 'max_depth': 7, 'min_samples_split': 5, 'n_estimators': 100, 'subsample': 0.8}",0.3456175298804781,0.2898406374501992,0.28386454183266935,0.35358565737051795,0.3137450199203187,0.3173306772908367,0.028295268373808295,204,0.9947709163346613,0.9927788844621513,0.9932768924302788,0.9905378486055777,0.9905378486055777,0.9923804780876493,0.0016411610610840453
54.9627429485321,1.005941056678285,0.008605384826660156,0.0005895383605700922,0.05,7,5,100,0.9,"{'learning_rate': 0.05, 'max_depth': 7, 'min_samples_split': 5, 'n_estimators': 100, 'subsample': 0.9}",0.33067729083665337,0.30278884462151395,0.2679282868525896,0.3286852589641434,0.3256972111553785,0.3111553784860558,0.023826233478154445,229,0.9955179282868526,0.9952689243027888,0.9922808764940239,0.9902888446215139,0.9930278884462151,0.9932768924302788,0.0019479688461761001
59.812887001037595,0.7872091601210564,0.008704233169555663,0.00040074378622942467,0.05,7,5,100,1.0,"{'learning_rate': 0.05, 'max_depth': 7, 'min_samples_split': 5, 'n_estimators': 100, 'subsample': 1.0}",0.3237051792828685,0.30876494023904383,0.29382470119521914,0.3376494023904382,0.32669322709163345,0.31812749003984064,0.015256935568818,198,0.9960159362549801,0.9915338645418327,0.9940239043824701,0.987300796812749,0.9932768924302788,0.9924302788844621,0.0029403564579931433
97.39748983383178,1.968886853352254,0.01610088348388672,0.0013587200841770294,0.05,7,5,200,0.8,"{'learning_rate': 0.05, 'max_depth': 7, 'min_samples_split': 5, 'n_estimators': 200, 'subsample': 0.8}",0.34462151394422313,0.2868525896414343,0.29880478087649404,0.34462151394422313,0.30876494023904383,0.3167330677290837,0.023804572504047265,211,1.0,1.0,1.0,1.0,1.0,1.0,0.0
109.12166056632995,1.5073003596152517,0.01580524444580078,0.0005160040601330654,0.05,7,5,200,0.9,"{'learning_rate': 0.05, 'max_depth': 7, 'min_samples_split': 5, 'n_estimators': 200, 'subsample': 0.9}",0.3296812749003984,0.30378486055776893,0.27689243027888444,0.3286852589641434,0.33067729083665337,0.3139442231075697,0.021076036117444727,219,1.0,1.0,1.0,1.0,1.0,1.0,0.0
121.67200016975403,2.287907638792467,0.016304922103881837,0.0014060717734696898,0.05,7,5,200,1.0,"{'learning_rate': 0.05, 'max_depth': 7, 'min_samples_split': 5, 'n_estimators': 200, 'subsample': 1.0}",0.3396414342629482,0.2898406374501992,0.300796812749004,0.32171314741035856,0.34063745019920316,0.3185258964143426,0.020406419616291464,194,1.0,1.0,1.0,1.0,1.0,1.0,0.0
24.251928567886353,0.41872631889365985,0.005196666717529297,0.00039955103126474665,0.05,7,10,50,0.8,"{'learning_rate': 0.05, 'max_depth': 7, 'min_samples_split': 10, 'n_estimators': 50, 'subsample': 0.8}",0.351593625498008,0.32669322709163345,0.28386454183266935,0.3715139442231076,0.3256972111553785,0.3318725099601593,0.029428183765130494,116,0.9626494023904383,0.9606573705179283,0.9534362549800797,0.9404880478087649,0.9579183266932271,0.9550298804780878,0.00790029644341949
27.124344253540038,0.5807758403736917,0.005201101303100586,0.00039899589625039744,0.05,7,10,50,0.9,"{'learning_rate': 0.05, 'max_depth': 7, 'min_samples_split': 10, 'n_estimators': 50, 'subsample': 0.9}",0.3754980079681275,0.30378486055776893,0.27091633466135456,0.3655378486055777,0.3157370517928287,0.32629482071713145,0.03910475772172712,142,0.963894422310757,0.9648904382470119,0.9551792828685259,0.9454681274900398,0.9564243027888446,0.9571713147410359,0.007018202800778005
29.759503412246705,0.7379869872783879,0.005202341079711914,0.0004058903432797304,0.05,7,10,50,1.0,"{'learning_rate': 0.05, 'max_depth': 7, 'min_samples_split': 10, 'n_estimators': 50, 'subsample': 1.0}",0.3844621513944223,0.3147410358565737,0.2898406374501992,0.3754980079681275,0.3436254980079681,0.3416334661354582,0.03575128410296436,84,0.9636454183266933,0.9554282868525896,0.9576693227091634,0.9360059760956175,0.9574203187250996,0.9540338645418327,0.009423542535490138
47.68262557983398,0.5624521593649388,0.008998298645019531,2.745853433396906e-06,0.05,7,10,100,0.8,"{'learning_rate': 0.05, 'max_depth': 7, 'min_samples_split': 10, 'n_estimators': 100, 'subsample': 0.8}",0.3386454183266932,0.2908366533864542,0.31772908366533864,0.35856573705179284,0.3187250996015936,0.32490039840637447,0.022681187772892877,152,0.9940239043824701,0.9900398406374502,0.9900398406374502,0.9868027888446215,0.9902888446215139,0.9902390438247013,0.002289753771428829
54.141165781021115,0.6580664432324067,0.008602476119995118,0.0004908984143667619,0.05,7,10,100,0.9,"{'learning_rate': 0.05, 'max_depth': 7, 'min_samples_split': 10, 'n_estimators': 100, 'subsample': 0.9}",0.35258964143426297,0.3097609561752988,0.2858565737051793,0.3376494023904382,0.33067729083665337,0.3233067729083665,0.023253079432283323,163,0.9952689243027888,0.9955179282868526,0.9902888446215139,0.9885458167330677,0.9925298804780877,0.9924302788844621,0.002730428319098162
60.375323390960695,0.9133275631949807,0.0086090087890625,0.0007372744501048541,0.05,7,10,100,1.0,"{'learning_rate': 0.05, 'max_depth': 7, 'min_samples_split': 10, 'n_estimators': 100, 'subsample': 1.0}",0.37250996015936255,0.3187250996015936,0.30876494023904383,0.34960159362549803,0.3396414342629482,0.3378486055776892,0.02260232083008822,95,0.9932768924302788,0.9900398406374502,0.9910358565737052,0.986304780876494,0.9915338645418327,0.990438247011952,0.0023177442785299036
96.9379487991333,1.3729061191696859,0.01640610694885254,0.0013615418741631635,0.05,7,10,200,0.8,"{'learning_rate': 0.05, 'max_depth': 7, 'min_samples_split': 10, 'n_estimators': 200, 'subsample': 0.8}",0.33167330677290835,0.2848605577689243,0.31175298804780877,0.34760956175298807,0.31673306772908366,0.3185258964143426,0.02098168504774435,194,1.0,1.0,1.0,1.0,1.0,1.0,0.0
108.19984173774719,1.4133698119308105,0.015605878829956055,0.0007911691756458734,0.05,7,10,200,0.9,"{'learning_rate': 0.05, 'max_depth': 7, 'min_samples_split': 10, 'n_estimators': 200, 'subsample': 0.9}",0.32171314741035856,0.30278884462151395,0.2898406374501992,0.32669322709163345,0.3256972111553785,0.3133466135458167,0.014592228344073643,222,1.0,1.0,1.0,1.0,1.0,1.0,0.0
122.91802268028259,2.2784339808448366,0.01550307273864746,0.00044713367895284935,0.05,7,10,200,1.0,"{'learning_rate': 0.05, 'max_depth': 7, 'min_samples_split': 10, 'n_estimators': 200, 'subsample': 1.0}",0.3386454183266932,0.3107569721115538,0.3147410358565737,0.33565737051792827,0.34960159362549803,0.32988047808764936,0.014792094195806354,125,1.0,1.0,1.0,1.0,1.0,1.0,0.0
10.955681562423706,0.15500658344656973,0.0027985572814941406,0.0003995149902506675,0.1,3,2,50,0.8,"{'learning_rate': 0.1, 'max_depth': 3, 'min_samples_split': 2, 'n_estimators': 50, 'subsample': 0.8}",0.32669322709163345,0.33565737051792827,0.3466135458167331,0.36752988047808766,0.30776892430278885,0.3368525896414343,0.019934258071142436,100,0.7796314741035857,0.786105577689243,0.7878486055776892,0.762699203187251,0.7773904382470119,0.7787350597609561,0.008912255759646558
12.330614757537841,0.20651198777878996,0.0026025295257568358,0.0004938660572774762,0.1,3,2,50,0.9,"{'learning_rate': 0.1, 'max_depth': 3, 'min_samples_split': 2, 'n_estimators': 50, 'subsample': 0.9}",0.32171314741035856,0.37749003984063745,0.30278884462151395,0.33565737051792827,0.3207171314741036,0.33167330677290835,0.025173797879560356,118,0.7783864541832669,0.765687250996016,0.7741533864541833,0.7572211155378487,0.7701693227091634,0.7691235059760957,0.007289312535271687
13.70542106628418,0.2657167562100468,0.002601146697998047,0.0004878642352237111,0.1,3,2,50,1.0,"{'learning_rate': 0.1, 'max_depth': 3, 'min_samples_split': 2, 'n_estimators': 50, 'subsample': 1.0}",0.3237051792828685,0.34960159362549803,0.3376494023904382,0.37350597609561753,0.33665338645418325,0.34422310756972113,0.016780430030798963,79,0.7798804780876494,0.7629482071713147,0.7597111553784861,0.7400398406374502,0.7674302788844621,0.7620019920318726,0.012942842897406572
22.0684054851532,0.2816118309507597,0.0041999340057373045,0.0004020036288051375,0.1,3,2,100,0.8,"{'learning_rate': 0.1, 'max_depth': 3, 'min_samples_split': 2, 'n_estimators': 100, 'subsample': 0.8}",0.3247011952191235,0.3147410358565737,0.31673306772908366,0.3426294820717131,0.30876494023904383,0.32151394422310753,0.011724254159013663,175,0.8735059760956175,0.8682768924302788,0.8675298804780877,0.8451195219123506,0.853585657370518,0.8616035856573705,0.010557768924302772
24.315750551223754,0.30522459455201234,0.004100179672241211,0.0002131521087615301,0.1,3,2,100,0.9,"{'learning_rate': 0.1, 'max_depth': 3, 'min_samples_split': 2, 'n_estimators': 100, 'subsample': 0.9}",0.31274900398406374,0.34163346613545814,0.3107569721115538,0.3237051792828685,0.29780876494023906,0.31733067729083664,0.014673583155938549,205,0.874003984063745,0.8600597609561753,0.8642928286852589,0.8473605577689243,0.8545816733067729,0.8600597609561753,0.008984869797145778
27.474546813964842,0.40433932723867033,0.004502058029174805,0.0007780832317859099,0.1,3,2,100,1.0,"{'learning_rate': 0.1, 'max_depth': 3, 'min_samples_split': 2, 'n_estimators': 100, 'subsample': 1.0}",0.3107569721115538,0.3336653386454183,0.30378486055776893,0.36254980079681276,0.30378486055776893,0.32290836653386457,0.022654929297945225,165,0.8687749003984063,0.8550796812749004,0.8647908366533864,0.8381474103585658,0.8431274900398407,0.8539840637450199,0.011877881549086295
43.967710971832275,0.12172206445777553,0.006352519989013672,0.00037015307458766045,0.1,3,2,200,0.8,"{'learning_rate': 0.1, 'max_depth': 3, 'min_samples_split': 2, 'n_estimators': 200, 'subsample': 0.8}",0.33665338645418325,0.3137450199203187,0.32171314741035856,0.3187250996015936,0.30278884462151395,0.3187250996015936,0.011037366675055822,192,0.9424800796812749,0.9347609561752988,0.9347609561752988,0.9257968127490039,0.9287848605577689,0.9333167330677291,0.005748487661557016
49.62581877708435,0.45814797145185826,0.0073035240173339845,0.0008687055991607783,0.1,3,2,200,0.9,"{'learning_rate': 0.1, 'max_depth': 3, 'min_samples_split': 2, 'n_estimators': 200, 'subsample': 0.9}",0.32171314741035856,0.31274900398406374,0.3147410358565737,0.31772908366533864,0.28784860557768926,0.31095617529880476,0.011942226922168803,231,0.9407370517928287,0.9352589641434262,0.9367529880478087,0.9287848605577689,0.9310258964143426,0.9345119521912351,0.004225737736174606
54.98183727264404,0.38010108430844947,0.006699180603027344,0.0004006460205473288,0.1,3,2,200,1.0,"{'learning_rate': 0.1, 'max_depth': 3, 'min_samples_split': 2, 'n_estimators': 200, 'subsample': 1.0}",0.3137450199203187,0.32768924302788843,0.2958167330677291,0.3555776892430279,0.31772908366533864,0.32211155378486056,0.019655611766604,171,0.9342629482071713,0.9262948207171314,0.9362549800796812,0.9210657370517928,0.9240537848605578,0.9283864541832669,0.005885350204213625
10.950990438461304,0.13804190575847353,0.0030015945434570313,3.916456069637503e-06,0.1,3,5,50,0.8,"{'learning_rate': 0.1, 'max_depth': 3, 'min_samples_split': 5, 'n_estimators': 50, 'subsample': 0.8}",0.32669322709163345,0.36354581673306774,0.34063745019920316,0.36852589641434264,0.3147410358565737,0.3428286852589641,0.020705635793125555,80,0.7796314741035857,0.7905876494023905,0.7831175298804781,0.7609561752988048,0.7756474103585658,0.777988047808765,0.00983184277231321
12.309190225601196,0.06773206134514145,0.002803325653076172,0.0003956790888672503,0.1,3,5,50,0.9,"{'learning_rate': 0.1, 'max_depth': 3, 'min_samples_split': 5, 'n_estimators': 50, 'subsample': 0.9}",0.32669322709163345,0.36354581673306774,0.32669322709163345,0.3346613545816733,0.3207171314741036,0.33446215139442226,0.01520221834927404,109,0.7826195219123506,0.7694223107569721,0.772410358565737,0.7567231075697212,0.7701693227091634,0.7702689243027889,0.008262430973449777
13.704191541671753,0.11328032133838567,0.002398061752319336,0.0004899440751078257,0.1,3,5,50,1.0,"{'learning_rate': 0.1, 'max_depth': 3, 'min_samples_split': 5, 'n_estimators': 50, 'subsample': 1.0}",0.31772908366533864,0.3605577689243028,0.32768924302788843,0.3754980079681275,0.33067729083665337,0.3424302788844621,0.021852507926209234,82,0.7749003984063745,0.7674302788844621,0.7756474103585658,0.7400398406374502,0.7701693227091634,0.7656374501992033,0.01315287976298675
21.9611035823822,0.20732992569440148,0.0039997100830078125,0.0006324243789830866,0.1,3,5,100,0.8,"{'learning_rate': 0.1, 'max_depth': 3, 'min_samples_split': 5, 'n_estimators': 100, 'subsample': 0.8}",0.3336653386454183,0.3346613545816733,0.3197211155378486,0.34163346613545814,0.3047808764940239,0.3268924302788844,0.01314439178193116,139,0.8787350597609562,0.8650398406374502,0.8692729083665338,0.8493525896414342,0.8538346613545816,0.8632470119521912,0.010592946732044375
24.723635864257812,0.2455079134397965,0.004103565216064453,0.0006642883741460313,0.1,3,5,100,0.9,"{'learning_rate': 0.1, 'max_depth': 3, 'min_samples_split': 5, 'n_estimators': 100, 'subsample': 0.9}",0.32171314741035856,0.33067729083665337,0.3187250996015936,0.3346613545816733,0.3057768924302789,0.32231075697211153,0.010090777005509106,170,0.87699203187251,0.8618027888446215,0.8705179282868526,0.8508466135458167,0.8553286852589641,0.8630976095617531,0.009594120597805601
27.493211126327516,0.114192437513184,0.003993844985961914,5.3239461286486845e-06,0.1,3,5,100,1.0,"{'learning_rate': 0.1, 'max_depth': 3, 'min_samples_split': 5, 'n_estimators': 100, 'subsample': 1.0}",0.31673306772908366,0.33565737051792827,0.30278884462151395,0.35756972111553786,0.29780876494023906,0.32211155378486056,0.022062146444559255,171,0.8702689243027888,0.8488545816733067,0.8615537848605578,0.8416334661354582,0.849601593625498,0.8543824701195218,0.010195671777206424
43.87085556983948,0.10274852776494468,0.006592702865600586,0.0004890975564100401,0.1,3,5,200,0.8,"{'learning_rate': 0.1, 'max_depth': 3, 'min_samples_split': 5, 'n_estimators': 200, 'subsample': 0.8}",0.3376494023904382,0.3207171314741036,0.3247011952191235,0.3137450199203187,0.299800796812749,0.3193227091633466,0.012481633623761377,189,0.9377490039840638,0.9360059760956175,0.936503984063745,0.9233067729083665,0.9325199203187251,0.9332171314741036,0.005250147293403791
49.29308114051819,0.3574822314918489,0.006800794601440429,0.00120535066812599,0.1,3,5,200,0.9,"{'learning_rate': 0.1, 'max_depth': 3, 'min_samples_split': 5, 'n_estimators': 200, 'subsample': 0.9}",0.3157370517928287,0.31274900398406374,0.3256972111553785,0.3336653386454183,0.28784860557768926,0.3151394422310757,0.015527629697135505,213,0.9407370517928287,0.9337649402390438,0.9392430278884463,0.9280378486055777,0.9275398406374502,0.9338645418326692,0.005479445684621241
55.137908124923705,0.48408214939444016,0.0068015575408935545,0.0004003086822620862,0.1,3,5,200,1.0,"{'learning_rate': 0.1, 'max_depth': 3, 'min_samples_split': 5, 'n_estimators': 200, 'subsample': 1.0}",0.31274900398406374,0.32171314741035856,0.3057768924302789,0.3595617529880478,0.2918326693227092,0.3183266932270916,0.02281376621867794,197,0.9347609561752988,0.9262948207171314,0.9377490039840638,0.922808764940239,0.9233067729083665,0.92898406374502,0.00612853388960766
11.031778907775879,0.1071532414487374,0.00279693603515625,0.00040116657274622,0.1,3,10,50,0.8,"{'learning_rate': 0.1, 'max_depth': 3, 'min_samples_split': 10, 'n_estimators': 50, 'subsample': 0.8}",0.32171314741035856,0.35756972111553786,0.3436254980079681,0.34860557768924305,0.3157370517928287,0.3374501992031872,0.016040495728444147,97,0.7803784860557769,0.7801294820717132,0.7813745019920318,0.7641932270916335,0.7736553784860558,0.7759462151394423,0.006480612725365527
12.33594970703125,0.06686878676228614,0.0027994155883789063,0.00039896730511417087,0.1,3,10,50,0.9,"{'learning_rate': 0.1, 'max_depth': 3, 'min_samples_split': 10, 'n_estimators': 50, 'subsample': 0.9}",0.3237051792828685,0.35258964143426297,0.30876494023904383,0.3346613545816733,0.3137450199203187,0.32669322709163345,0.015697918968004425,140,0.7796314741035857,0.7796314741035857,0.7739043824701195,0.7569721115537849,0.7651892430278885,0.7710657370517928,0.008808689709406105
13.683620071411132,0.13366050272069588,0.0030025959014892576,4.233927322468398e-06,0.1,3,10,50,1.0,"{'learning_rate': 0.1, 'max_depth': 3, 'min_samples_split': 10, 'n_estimators': 50, 'subsample': 1.0}",0.3097609561752988,0.3595617529880478,0.3286852589641434,0.3715139442231076,0.3137450199203187,0.33665338645418325,0.024704407964824697,101,0.7798804780876494,0.7619521912350598,0.7756474103585658,0.7562250996015937,0.7681772908366534,0.7683764940239044,0.008650729545231156
22.061006832122803,0.224112346720719,0.0038965225219726564,0.00019411122973419023,0.1,3,10,100,0.8,"{'learning_rate': 0.1, 'max_depth': 3, 'min_samples_split': 10, 'n_estimators': 100, 'subsample': 0.8}",0.3705179282868526,0.34860557768924305,0.3247011952191235,0.34860557768924305,0.29282868525896416,0.33705179282868525,0.02643929884149332,99,0.8754980079681275,0.8635458167330677,0.8687749003984063,0.8508466135458167,0.851593625498008,0.8620517928286853,0.00962457574207554
24.768204164505004,0.11699496657279428,0.004305267333984375,0.0008653567728773348,0.1,3,10,100,0.9,"{'learning_rate': 0.1, 'max_depth': 3, 'min_samples_split': 10, 'n_estimators': 100, 'subsample': 0.9}",0.3107569721115538,0.3157370517928287,0.3047808764940239,0.33565737051792827,0.30776892430278885,0.3149402390438247,0.010972461636589959,215,0.8697709163346613,0.8575697211155379,0.8670318725099602,0.8451195219123506,0.8533366533864541,0.8585657370517928,0.00901518227944187
27.41415719985962,0.122470672532243,0.0040008544921875,3.883808649882743e-06,0.1,3,10,100,1.0,"{'learning_rate': 0.1, 'max_depth': 3, 'min_samples_split': 10, 'n_estimators': 100, 'subsample': 1.0}",0.3047808764940239,0.3207171314741036,0.3157370517928287,0.3376494023904382,0.2868525896414343,0.31314741035856575,0.016886509523922486,224,0.8715139442231076,0.8555776892430279,0.8687749003984063,0.8411354581673307,0.851593625498008,0.8577191235059761,0.011221877774466553
44.17213506698609,0.38363712612725726,0.007103872299194336,0.00020391919745839187,0.1,3,10,200,0.8,"{'learning_rate': 0.1, 'max_depth': 3, 'min_samples_split': 10, 'n_estimators': 200, 'subsample': 0.8}",0.38247011952191234,0.3247011952191235,0.31673306772908366,0.32669322709163345,0.30278884462151395,0.33067729083665337,0.027226055080908185,121,0.9377490039840638,0.9342629482071713,0.936503984063745,0.9200697211155379,0.9312749003984063,0.9319721115537849,0.006345254742084089
49.47917237281799,0.47710015857246557,0.006603050231933594,0.000493079720432484,0.1,3,10,200,0.9,"{'learning_rate': 0.1, 'max_depth': 3, 'min_samples_split': 10, 'n_estimators': 200, 'subsample': 0.9}",0.33067729083665337,0.30776892430278885,0.301792828685259,0.3247011952191235,0.2958167330677291,0.31215139442231077,0.013371861710628204,228,0.9389940239043825,0.9297808764940239,0.9367529880478087,0.9240537848605578,0.9290338645418327,0.931723107569721,0.005440380913157297
54.74876546859741,0.23458649775244472,0.006800794601440429,0.000751501920836039,0.1,3,10,200,1.0,"{'learning_rate': 0.1, 'max_depth': 3, 'min_samples_split': 10, 'n_estimators': 200, 'subsample': 1.0}",0.2968127490039841,0.29282868525896416,0.30278884462151395,0.31772908366533864,0.29382470119521914,0.300796812749004,0.009150345878769594,243,0.9352589641434262,0.9240537848605578,0.9345119521912351,0.9188247011952191,0.9230577689243028,0.9271414342629483,0.0065665329701699755
17.889244174957277,0.09677708397246709,0.004103708267211914,0.00020526376975624463,0.1,5,2,50,0.8,"{'learning_rate': 0.1, 'max_depth': 5, 'min_samples_split': 2, 'n_estimators': 50, 'subsample': 0.8}",0.33565737051792827,0.3296812749003984,0.3137450199203187,0.33167330677290835,0.3256972111553785,0.32729083665338643,0.007495971204074407,138,0.9407370517928287,0.9404880478087649,0.9397410358565738,0.9257968127490039,0.9257968127490039,0.9345119521912352,0.007123429101967656
20.020257186889648,0.1900447437843503,0.003600740432739258,0.000489709268171729,0.1,5,2,50,0.9,"{'learning_rate': 0.1, 'max_depth': 5, 'min_samples_split': 2, 'n_estimators': 50, 'subsample': 0.9}",0.3296812749003984,0.3107569721115538,0.3057768924302789,0.32669322709163345,0.3456175298804781,0.32370517928286857,0.014239893227618743,160,0.9439741035856574,0.9367529880478087,0.9340139442231076,0.9225597609561753,0.9310258964143426,0.9336653386454182,0.007017495997533271
22.124822235107423,0.19747653860678457,0.004201221466064453,0.0003994845523254504,0.1,5,2,50,1.0,"{'learning_rate': 0.1, 'max_depth': 5, 'min_samples_split': 2, 'n_estimators': 50, 'subsample': 1.0}",0.3565737051792829,0.33665338645418325,0.301792828685259,0.3336653386454183,0.34760956175298807,0.3352589641434263,0.018608179518974897,104,0.9479581673306773,0.9402390438247012,0.9382470119521913,0.9245517928286853,0.9225597609561753,0.9347111553784859,0.009689295040094203
35.33036046028137,0.20468085573843925,0.006201362609863282,0.00040061653692219455,0.1,5,2,100,0.8,"{'learning_rate': 0.1, 'max_depth': 5, 'min_samples_split': 2, 'n_estimators': 100, 'subsample': 0.8}",0.3336653386454183,0.2868525896414343,0.3256972111553785,0.31673306772908366,0.3047808764940239,0.3135458167330677,0.016443616799592768,221,0.9848107569721115,0.9858067729083665,0.9815737051792829,0.9813247011952191,0.9820717131474104,0.983117529880478,0.0018325069216109488
40.0485122680664,0.36758539180078054,0.006195926666259765,0.0003962258159492505,0.1,5,2,100,0.9,"{'learning_rate': 0.1, 'max_depth': 5, 'min_samples_split': 2, 'n_estimators': 100, 'subsample': 0.9}",0.3286852589641434,0.29382470119521914,0.31673306772908366,0.3376494023904382,0.33067729083665337,0.32151394422310753,0.01539674411070883,175,0.9868027888446215,0.985308764940239,0.9865537848605578,0.9815737051792829,0.9828187250996016,0.9846115537848605,0.002073771196579376
44.54430661201477,0.3235827877890818,0.006606388092041016,0.0004880906036469296,0.1,5,2,100,1.0,"{'learning_rate': 0.1, 'max_depth': 5, 'min_samples_split': 2, 'n_estimators': 100, 'subsample': 1.0}",0.32768924302788843,0.3247011952191235,0.28884462151394424,0.3157370517928287,0.3286852589641434,0.31713147410358566,0.014861679245892009,208,0.986304780876494,0.9840637450199203,0.9838147410358565,0.975597609561753,0.9798306772908366,0.9819223107569721,0.003788135509110864
71.1330852985382,0.1418030612858815,0.011308765411376953,0.0005094392964643738,0.1,5,2,200,0.8,"{'learning_rate': 0.1, 'max_depth': 5, 'min_samples_split': 2, 'n_estimators': 200, 'subsample': 0.8}",0.33167330677290835,0.2898406374501992,0.31274900398406374,0.3097609561752988,0.300796812749004,0.3089641434262948,0.013878616293506247,236,0.9997509960159362,1.0,0.9997509960159362,1.0,0.9997509960159362,0.9998505976095616,0.00012198654097528496
80.05016679763794,0.2985960059278933,0.01090245246887207,0.0004907855432755574,0.1,5,2,200,0.9,"{'learning_rate': 0.1, 'max_depth': 5, 'min_samples_split': 2, 'n_estimators': 200, 'subsample': 0.9}",0.3247011952191235,0.28087649402390436,0.3207171314741036,0.3346613545816733,0.3296812749003984,0.3181274900398406,0.019206327957281197,203,0.9997509960159362,1.0,0.9997509960159362,1.0,0.9995019920318725,0.9998007968127489,0.00018633751926165623
89.24214601516724,0.26934329236931864,0.010699272155761719,0.000403526836504976,0.1,5,2,200,1.0,"{'learning_rate': 0.1, 'max_depth': 5, 'min_samples_split': 2, 'n_estimators': 200, 'subsample': 1.0}",0.33565737051792827,0.299800796812749,0.301792828685259,0.30677290836653387,0.3286852589641434,0.3145418326693227,0.01473834367577203,216,1.0,1.0,0.9995019920318725,0.9997509960159362,0.9995019920318725,0.9997509960159363,0.0002227159340139231
17.859637641906737,0.20136029010963755,0.0038023471832275392,0.00040403640646911735,0.1,5,5,50,0.8,"{'learning_rate': 0.1, 'max_depth': 5, 'min_samples_split': 5, 'n_estimators': 50, 'subsample': 0.8}",0.33067729083665337,0.3396414342629482,0.28386454183266935,0.3207171314741036,0.3386454183266932,0.32270916334661354,0.020576831089429034,168,0.9399900398406374,0.9360059760956175,0.9327689243027888,0.924800796812749,0.9282868525896414,0.9323705179282868,0.005392761783418968
19.997737693786622,0.1965493175911311,0.0034455776214599608,0.00046043849818783053,0.1,5,5,50,0.9,"{'learning_rate': 0.1, 'max_depth': 5, 'min_samples_split': 5, 'n_estimators': 50, 'subsample': 0.9}",0.32768924302788843,0.34163346613545814,0.2749003984063745,0.32768924302788843,0.3436254980079681,0.32310756972111554,0.025020427837621644,164,0.9472111553784861,0.9417330677290837,0.9307768924302788,0.9223107569721115,0.9325199203187251,0.9349103585657371,0.008711012113181801
22.143236255645753,0.12130595405962523,0.0039014816284179688,0.0004946449523779717,0.1,5,5,50,1.0,"{'learning_rate': 0.1, 'max_depth': 5, 'min_samples_split': 5, 'n_estimators': 50, 'subsample': 1.0}",0.33665338645418325,0.3256972111553785,0.26294820717131473,0.34163346613545814,0.3197211155378486,0.31733067729083664,0.028274224216616572,205,0.9434760956175299,0.9325199203187251,0.9302788844621513,0.9195717131474104,0.9310258964143426,0.9313745019920319,0.007594580693509259
35.46580147743225,0.20939307457768763,0.007599592208862305,0.0031971961397616417,0.1,5,5,100,0.8,"{'learning_rate': 0.1, 'max_depth': 5, 'min_samples_split': 5, 'n_estimators': 100, 'subsample': 0.8}",0.3396414342629482,0.31772908366533864,0.29382470119521914,0.3376494023904382,0.31673306772908366,0.3211155378486056,0.01668557098914096,179,0.9865537848605578,0.9825697211155379,0.9845617529880478,0.9818227091633466,0.9788346613545816,0.9828685258964143,0.0026039674227891375
39.92811245918274,0.21369440838824402,0.006503963470458984,0.0004472280745879017,0.1,5,5,100,0.9,"{'learning_rate': 0.1, 'max_depth': 5, 'min_samples_split': 5, 'n_estimators': 100, 'subsample': 0.9}",0.33067729083665337,0.2868525896414343,0.29282868525896416,0.299800796812749,0.3426294820717131,0.31055776892430276,0.02202434256746652,233,0.9865537848605578,0.9848107569721115,0.983316733067729,0.9798306772908366,0.9825697211155379,0.9834163346613545,0.0022526260712945594
44.3800253868103,0.40484991859592495,0.006403970718383789,0.0004886878684240856,0.1,5,5,100,1.0,"{'learning_rate': 0.1, 'max_depth': 5, 'min_samples_split': 5, 'n_estimators': 100, 'subsample': 1.0}",0.33266932270916333,0.31673306772908366,0.27689243027888444,0.3137450199203187,0.32669322709163345,0.3133466135458167,0.019452678272085584,222,0.9865537848605578,0.9810756972111554,0.9818227091633466,0.9768426294820717,0.9795816733067729,0.9811752988047809,0.003183357931174689
70.99712181091309,0.09631111523091286,0.010597658157348634,0.0004890672450277104,0.1,5,5,200,0.8,"{'learning_rate': 0.1, 'max_depth': 5, 'min_samples_split': 5, 'n_estimators': 200, 'subsample': 0.8}",0.3456175298804781,0.2868525896414343,0.2948207171314741,0.3207171314741036,0.3137450199203187,0.31235059760956174,0.020669190623358855,226,1.0,1.0,1.0,0.9992529880478087,0.9997509960159362,0.999800796812749,0.0002903860505401272
80.38588743209839,0.6452190461038229,0.011802339553833007,0.003599455950827009,0.1,5,5,200,0.9,"{'learning_rate': 0.1, 'max_depth': 5, 'min_samples_split': 5, 'n_estimators': 200, 'subsample': 0.9}",0.3247011952191235,0.29780876494023906,0.2908366533864542,0.3097609561752988,0.3207171314741036,0.30876494023904383,0.01295586656693951,237,1.0,1.0,0.9995019920318725,1.0,0.9997509960159362,0.9998505976095619,0.0001992031872510014
88.91960620880127,1.3239362430655552,0.010701990127563477,0.0007522660686892712,0.1,5,5,200,1.0,"{'learning_rate': 0.1, 'max_depth': 5, 'min_samples_split': 5, 'n_estimators': 200, 'subsample': 1.0}",0.33167330677290835,0.28884462151394424,0.28286852589641437,0.29282868525896416,0.34960159362549803,0.30916334661354583,0.026506751877828708,235,0.9997509960159362,1.0,0.9995019920318725,0.9997509960159362,0.9992529880478087,0.9996513944223107,0.00025393523474068506
18.14720129966736,0.6369632873804301,0.0044003486633300785,0.0004882514840232376,0.1,5,10,50,0.8,"{'learning_rate': 0.1, 'max_depth': 5, 'min_samples_split': 10, 'n_estimators': 50, 'subsample': 0.8}",0.32669322709163345,0.34860557768924305,0.30278884462151395,0.33266932270916333,0.3157370517928287,0.32529880478087647,0.015476433943868556,149,0.9362549800796812,0.9335159362549801,0.9307768924302788,0.9235557768924303,0.9245517928286853,0.9297310756972111,0.00495861909876258
20.295151281356812,0.4798631459225597,0.0053985595703125,0.0019614649723090393,0.1,5,10,50,0.9,"{'learning_rate': 0.1, 'max_depth': 5, 'min_samples_split': 10, 'n_estimators': 50, 'subsample': 0.9}",0.3187250996015936,0.32171314741035856,0.29282868525896416,0.33266932270916333,0.3247011952191235,0.31812749003984064,0.013475326314970316,198,0.9409860557768924,0.9360059760956175,0.9317729083665338,0.9200697211155379,0.9295318725099602,0.9316733067729084,0.006996258696747382
22.33136854171753,0.40155326387158036,0.0038015365600585936,0.0004012769948679696,0.1,5,10,50,1.0,"{'learning_rate': 0.1, 'max_depth': 5, 'min_samples_split': 10, 'n_estimators': 50, 'subsample': 1.0}",0.34860557768924305,0.3565737051792829,0.26095617529880477,0.3286852589641434,0.3336653386454183,0.3256972111553785,0.0338879693981367,145,0.9404880478087649,0.9357569721115537,0.9282868525896414,0.9243027888446215,0.9210657370517928,0.9299800796812748,0.007188240870518337
35.16399626731872,0.47711919179486273,0.006400966644287109,0.0004923983502317318,0.1,5,10,100,0.8,"{'learning_rate': 0.1, 'max_depth': 5, 'min_samples_split': 10, 'n_estimators': 100, 'subsample': 0.8}",0.34860557768924305,0.31772908366533864,0.3057768924302789,0.33067729083665337,0.31175298804780877,0.3229083665338645,0.01526733566243803,167,0.986304780876494,0.9850597609561753,0.9795816733067729,0.9800796812749004,0.9798306772908366,0.9821713147410358,0.0028978758019872724
39.846645307540896,0.5406022030247462,0.006901788711547852,0.0011121900835813453,0.1,5,10,100,0.9,"{'learning_rate': 0.1, 'max_depth': 5, 'min_samples_split': 10, 'n_estimators': 100, 'subsample': 0.9}",0.33167330677290835,0.2958167330677291,0.301792828685259,0.3247011952191235,0.33266932270916333,0.31733067729083664,0.015489248746050784,205,0.9860557768924303,0.9820717131474104,0.9848107569721115,0.9805776892430279,0.9813247011952191,0.9829681274900398,0.002104636116445758
44.667682600021365,0.6339358186037257,0.006203174591064453,0.00040745817477889207,0.1,5,10,100,1.0,"{'learning_rate': 0.1, 'max_depth': 5, 'min_samples_split': 10, 'n_estimators': 100, 'subsample': 1.0}",0.350597609561753,0.3386454183266932,0.27191235059760954,0.3256972111553785,0.34163346613545814,0.3256972111553785,0.028051600160262615,145,0.9850597609561753,0.9803286852589641,0.9815737051792829,0.9763446215139442,0.9793326693227091,0.9805278884462151,0.002849545717314754
71.29850354194642,0.726319997883371,0.011306476593017579,0.001075201554806355,0.1,5,10,200,0.8,"{'learning_rate': 0.1, 'max_depth': 5, 'min_samples_split': 10, 'n_estimators': 200, 'subsample': 0.8}",0.34960159362549803,0.2968127490039841,0.31673306772908366,0.33665338645418325,0.3207171314741036,0.3241035856573705,0.017990154430080698,159,0.9997509960159362,1.0,1.0,0.9995019920318725,0.9995019920318725,0.9997509960159363,0.0002227159340139231
79.9948625087738,0.7088970973090458,0.010801458358764648,0.00039933873911781893,0.1,5,10,200,0.9,"{'learning_rate': 0.1, 'max_depth': 5, 'min_samples_split': 10, 'n_estimators': 200, 'subsample': 0.9}",0.3386454183266932,0.29282868525896416,0.31175298804780877,0.32171314741035856,0.32768924302788843,0.3185258964143426,0.015525073919042787,194,1.0,0.9997509960159362,0.999003984063745,1.0,0.9995019920318725,0.9996513944223107,0.0003726750385232976
88.77195000648499,0.31551814458762484,0.010506772994995117,0.00044743167048276694,0.1,5,10,200,1.0,"{'learning_rate': 0.1, 'max_depth': 5, 'min_samples_split': 10, 'n_estimators': 200, 'subsample': 1.0}",0.35358565737051795,0.3197211155378486,0.28087649402390436,0.3296812749003984,0.34063745019920316,0.32490039840637447,0.02473169945284931,152,0.9995019920318725,0.9997509960159362,0.9987549800796812,0.9992529880478087,0.9995019920318725,0.9993525896414341,0.00033776543740664635
24.310631370544435,0.25086643449767987,0.004999589920043945,1.4805006691226983e-06,0.1,7,2,50,0.8,"{'learning_rate': 0.1, 'max_depth': 7, 'min_samples_split': 2, 'n_estimators': 50, 'subsample': 0.8}",0.3426294820717131,0.2868525896414343,0.30677290836653387,0.3296812749003984,0.299800796812749,0.31314741035856575,0.02026200974494247,224,0.9965139442231076,0.9957669322709163,0.9922808764940239,0.9882968127490039,0.9907868525896414,0.9927290836653386,0.0030715426185476753
27.19606328010559,0.2744393361123042,0.005200242996215821,0.00040001941673566935,0.1,7,2,50,0.9,"{'learning_rate': 0.1, 'max_depth': 7, 'min_samples_split': 2, 'n_estimators': 50, 'subsample': 0.9}",0.3187250996015936,0.30876494023904383,0.25298804780876494,0.3256972111553785,0.3456175298804781,0.3103585657370518,0.03112035814135463,234,0.9967629482071713,0.9950199203187251,0.9915338645418327,0.9932768924302788,0.9920318725099602,0.9937250996015937,0.0019377566193569276
30.459794807434083,0.1790444718555021,0.005198240280151367,0.0003982815297061115,0.1,7,2,50,1.0,"{'learning_rate': 0.1, 'max_depth': 7, 'min_samples_split': 2, 'n_estimators': 50, 'subsample': 1.0}",0.33266932270916333,0.31175298804780877,0.29282868525896416,0.35358565737051795,0.3376494023904382,0.32569721115537853,0.02118495692612815,144,0.9955179282868526,0.9922808764940239,0.9902888446215139,0.9880478087649402,0.9932768924302788,0.9918824701195218,0.0025520175249639323
48.678228759765624,0.22181086818190296,0.008401441574096679,0.0008010048824770143,0.1,7,2,100,0.8,"{'learning_rate': 0.1, 'max_depth': 7, 'min_samples_split': 2, 'n_estimators': 100, 'subsample': 0.8}",0.3396414342629482,0.28286852589641437,0.30278884462151395,0.3187250996015936,0.31175298804780877,0.3111553784860558,0.01865078071831939,229,1.0,1.0,1.0,1.0,1.0,1.0,0.0
54.649957227706906,0.3565732759058493,0.008799982070922852,0.0004001731923195524,0.1,7,2,100,0.9,"{'learning_rate': 0.1, 'max_depth': 7, 'min_samples_split': 2, 'n_estimators': 100, 'subsample': 0.9}",0.32171314741035856,0.300796812749004,0.2898406374501992,0.33167330677290835,0.32669322709163345,0.3141434262948207,0.016067685123566346,218,1.0,1.0,1.0,1.0,1.0,1.0,0.0
61.07154078483582,0.369380523353105,0.008902883529663086,0.00019436888626609767,0.1,7,2,100,1.0,"{'learning_rate': 0.1, 'max_depth': 7, 'min_samples_split': 2, 'n_estimators': 100, 'subsample': 1.0}",0.33067729083665337,0.31175298804780877,0.2968127490039841,0.3286852589641434,0.3595617529880478,0.32549800796812745,0.02101947629783333,148,1.0,1.0,1.0,1.0,1.0,1.0,0.0
98.07626819610596,0.7053013976866248,0.01656961441040039,0.001305519845209783,0.1,7,2,200,0.8,"{'learning_rate': 0.1, 'max_depth': 7, 'min_samples_split': 2, 'n_estimators': 200, 'subsample': 0.8}",0.34063745019920316,0.28884462151394424,0.3147410358565737,0.3207171314741036,0.30677290836653387,0.3143426294820717,0.01696855732194967,217,1.0,1.0,1.0,1.0,1.0,1.0,0.0
110.27036423683167,0.32023994956356955,0.01560068130493164,0.000490758801725645,0.1,7,2,200,0.9,"{'learning_rate': 0.1, 'max_depth': 7, 'min_samples_split': 2, 'n_estimators': 200, 'subsample': 0.9}",0.3256972111553785,0.29780876494023906,0.301792828685259,0.33266932270916333,0.32669322709163345,0.31693227091633464,0.014245465481100485,210,1.0,1.0,1.0,1.0,1.0,1.0,0.0
122.3280641078949,0.26045402540379725,0.01590423583984375,0.0006609518508079803,0.1,7,2,200,1.0,"{'learning_rate': 0.1, 'max_depth': 7, 'min_samples_split': 2, 'n_estimators': 200, 'subsample': 1.0}",0.33266932270916333,0.3286852589641434,0.29780876494023906,0.33067729083665337,0.3804780876494024,0.3340637450199203,0.0264992655750054,110,1.0,1.0,1.0,1.0,1.0,1.0,0.0
24.07460837364197,0.13635518908206706,0.005004692077636719,0.00031641483130829336,0.1,7,5,50,0.8,"{'learning_rate': 0.1, 'max_depth': 7, 'min_samples_split': 5, 'n_estimators': 50, 'subsample': 0.8}",0.32669322709163345,0.27191235059760954,0.2908366533864542,0.3396414342629482,0.299800796812749,0.30577689243027883,0.024454168987129727,239,0.9930278884462151,0.9920318725099602,0.9907868525896414,0.9912848605577689,0.9875498007968128,0.9909362549800796,0.0018540349072695475
27.153145265579223,0.3629748492963003,0.004801225662231445,0.00040076494891355316,0.1,7,5,50,0.9,"{'learning_rate': 0.1, 'max_depth': 7, 'min_samples_split': 5, 'n_estimators': 50, 'subsample': 0.9}",0.3396414342629482,0.27191235059760954,0.2818725099601594,0.3157370517928287,0.30876494023904383,0.3035856573705179,0.024286455225702254,242,0.9960159362549801,0.9937749003984063,0.9920318725099602,0.9910358565737052,0.9917828685258964,0.9929282868525895,0.001785898513649513
30.087979364395142,0.19642062452752476,0.007799005508422852,0.005112759227909207,0.1,7,5,50,1.0,"{'learning_rate': 0.1, 'max_depth': 7, 'min_samples_split': 5, 'n_estimators': 50, 'subsample': 1.0}",0.36852589641434264,0.3107569721115538,0.300796812749004,0.34163346613545814,0.3665338645418327,0.3376494023904383,0.027874213784401282,96,0.9952689243027888,0.9925298804780877,0.9922808764940239,0.9895418326693227,0.9920318725099602,0.9923306772908367,0.0018189225465885938
48.52732648849487,0.11977753844975059,0.00850992202758789,0.0005552800830733404,0.1,7,5,100,0.8,"{'learning_rate': 0.1, 'max_depth': 7, 'min_samples_split': 5, 'n_estimators': 100, 'subsample': 0.8}",0.3256972111553785,0.2788844621513944,0.3057768924302789,0.33067729083665337,0.3207171314741036,0.3123505976095617,0.018693284831598572,227,1.0,1.0,1.0,1.0,1.0,1.0,0.0
54.551821899414065,0.30767890898451633,0.008399677276611329,0.0004887613529003177,0.1,7,5,100,0.9,"{'learning_rate': 0.1, 'max_depth': 7, 'min_samples_split': 5, 'n_estimators': 100, 'subsample': 0.9}",0.34760956175298807,0.2858565737051793,0.2868525896414343,0.2968127490039841,0.30776892430278885,0.3049800796812749,0.02274233964384475,241,1.0,1.0,1.0,1.0,1.0,1.0,0.0
60.98125534057617,0.5953852478044959,0.00859832763671875,0.0004926123192386143,0.1,7,5,100,1.0,"{'learning_rate': 0.1, 'max_depth': 7, 'min_samples_split': 5, 'n_estimators': 100, 'subsample': 1.0}",0.3456175298804781,0.31274900398406374,0.3097609561752988,0.31772908366533864,0.3615537848605578,0.32948207171314736,0.020474366784907733,127,1.0,1.0,1.0,1.0,1.0,1.0,0.0
97.19029693603515,0.2434130088769305,0.01711273193359375,0.003737215250490691,0.1,7,5,200,0.8,"{'learning_rate': 0.1, 'max_depth': 7, 'min_samples_split': 5, 'n_estimators': 200, 'subsample': 0.8}",0.32270916334661354,0.26693227091633465,0.32171314741035856,0.3187250996015936,0.31175298804780877,0.30836653386454177,0.021068503581064962,238,1.0,1.0,1.0,1.0,1.0,1.0,0.0
109.79326062202453,0.92950683390559,0.015001392364501953,0.0006324220708151718,0.1,7,5,200,0.9,"{'learning_rate': 0.1, 'max_depth': 7, 'min_samples_split': 5, 'n_estimators': 200, 'subsample': 0.9}",0.351593625498008,0.27589641434262946,0.2908366533864542,0.30378486055776893,0.3047808764940239,0.3053784860557769,0.025374764404671082,240,1.0,1.0,1.0,1.0,1.0,1.0,0.0
122.16660366058349,0.5299896869163996,0.015609264373779297,0.0005871389665260457,0.1,7,5,200,1.0,"{'learning_rate': 0.1, 'max_depth': 7, 'min_samples_split': 5, 'n_estimators': 200, 'subsample': 1.0}",0.35258964143426297,0.3137450199203187,0.30278884462151395,0.3057768924302789,0.37649402390438247,0.33027888446215137,0.02919940948372394,124,1.0,1.0,1.0,1.0,1.0,1.0,0.0
24.00628528594971,0.0905267009116036,0.005398321151733399,0.0004911386711951472,0.1,7,10,50,0.8,"{'learning_rate': 0.1, 'max_depth': 7, 'min_samples_split': 10, 'n_estimators': 50, 'subsample': 0.8}",0.3386454183266932,0.2818725099601594,0.2918326693227092,0.3296812749003984,0.3386454183266932,0.3161354581673307,0.0243370537624898,212,0.9940239043824701,0.9892928286852589,0.9902888446215139,0.987300796812749,0.9877988047808764,0.9897410358565738,0.00239043824701197
27.06909942626953,0.20226226240777084,0.005202007293701172,0.000401904466710546,0.1,7,10,50,0.9,"{'learning_rate': 0.1, 'max_depth': 7, 'min_samples_split': 10, 'n_estimators': 50, 'subsample': 0.9}",0.3595617529880478,0.3097609561752988,0.2689243027888446,0.32768924302788843,0.34860557768924305,0.32290836653386457,0.031980643262254194,165,0.9962649402390438,0.9930278884462151,0.9877988047808764,0.9865537848605578,0.9922808764940239,0.9911852589641434,0.0035585796981971686
30.107518339157103,0.1374034819867036,0.0052001953125,0.00040124415759146525,0.1,7,10,50,1.0,"{'learning_rate': 0.1, 'max_depth': 7, 'min_samples_split': 10, 'n_estimators': 50, 'subsample': 1.0}",0.33266932270916333,0.3296812749003984,0.2908366533864542,0.33565737051792827,0.34960159362549803,0.3276892430278885,0.01964955425602819,134,0.9940239043824701,0.9910358565737052,0.9890438247011952,0.983316733067729,0.9905378486055777,0.9895916334661354,0.0035298894714480946
48.34641857147217,0.36017688768488754,0.008801460266113281,0.0004006732150686705,0.1,7,10,100,0.8,"{'learning_rate': 0.1, 'max_depth': 7, 'min_samples_split': 10, 'n_estimators': 100, 'subsample': 0.8}",0.35358565737051795,0.28087649402390436,0.30776892430278885,0.33565737051792827,0.33067729083665337,0.32171314741035856,0.025110665998656457,174,1.0,1.0,0.9997509960159362,1.0,1.0,0.9999501992031872,9.960159362552013e-05
54.340182876586915,0.20818976415111262,0.008199548721313477,0.0003995427796220759,0.1,7,10,100,0.9,"{'learning_rate': 0.1, 'max_depth': 7, 'min_samples_split': 10, 'n_estimators': 100, 'subsample': 0.9}",0.34760956175298807,0.301792828685259,0.301792828685259,0.3157370517928287,0.3456175298804781,0.32250996015936256,0.020338245447171673,169,1.0,1.0,1.0,1.0,1.0,1.0,0.0
60.664163732528685,0.2934761467805055,0.008400201797485352,0.0008016897807444011,0.1,7,10,100,1.0,"{'learning_rate': 0.1, 'max_depth': 7, 'min_samples_split': 10, 'n_estimators': 100, 'subsample': 1.0}",0.3376494023904382,0.32171314741035856,0.300796812749004,0.3137450199203187,0.350597609561753,0.3249003984063745,0.01754119518944328,151,1.0,1.0,1.0,1.0,1.0,1.0,0.0
94.75418572425842,0.5103381794041321,0.014208221435546875,0.0010288170787593944,0.1,7,10,200,0.8,"{'learning_rate': 0.1, 'max_depth': 7, 'min_samples_split': 10, 'n_estimators': 200, 'subsample': 0.8}",0.3466135458167331,0.2848605577689243,0.301792828685259,0.3336653386454183,0.3237051792828685,0.31812749003984064,0.022169802320239417,198,1.0,1.0,1.0,1.0,1.0,1.0,0.0
102.36403841972351,1.6100129262452931,0.010799646377563477,0.0004004242129891732,0.1,7,10,200,0.9,"{'learning_rate': 0.1, 'max_depth': 7, 'min_samples_split': 10, 'n_estimators': 200, 'subsample': 0.9}",0.3376494023904382,0.29282868525896416,0.2958167330677291,0.32171314741035856,0.351593625498008,0.3199203187250996,0.022959409616293076,185,1.0,1.0,1.0,1.0,1.0,1.0,0.0
107.21009869575501,1.4882232939097404,0.0121124267578125,0.0016200975485285072,0.1,7,10,200,1.0,"{'learning_rate': 0.1, 'max_depth': 7, 'min_samples_split': 10, 'n_estimators': 200, 'subsample': 1.0}",0.3376494023904382,0.3286852589641434,0.300796812749004,0.32270916334661354,0.3466135458167331,0.3272908366533865,0.015527629697135519,137,1.0,1.0,1.0,1.0,1.0,1.0,0.0
