mm,dd,unit,price,yyyy,prod_spec,region,prod_name,date,price_numeric
10,30,元/吨,8651.13,2025,大连商品交易所最近合约收盘价,国内,棕榈油(大连期结算),2025-10-30,8651.13
10,29,元/吨,8661.13,2025,大连商品交易所最近合约收盘价,国内,棕榈油(大连期结算),2025-10-29,8661.13
10,28,元/吨,8831.11,2025,大连商品交易所最近合约收盘价,国内,棕榈油(大连期结算),2025-10-28,8831.11
10,27,元/吨,8975.10,2025,大连商品交易所最近合约收盘价,国内,棕榈油(大连期结算),2025-10-27,8975.1
10,24,元/吨,9035.09,2025,大连商品交易所最近合约收盘价,国内,棕榈油(大连期结算),2025-10-24,9035.09
10,23,元/吨,9053.09,2025,大连商品交易所最近合约收盘价,国内,棕榈油(大连期结算),2025-10-23,9053.09
10,22,元/吨,9401.05,2025,大连商品交易所最近合约收盘价,国内,棕榈油(大连期结算),2025-10-22,9401.05
10,21,元/吨,9119.08,2025,大连商品交易所最近合约收盘价,国内,棕榈油(大连期结算),2025-10-21,9119.08
10,20,元/吨,9119.08,2025,大连商品交易所最近合约收盘价,国内,棕榈油(大连期结算),2025-10-20,9119.08
10,17,元/吨,9119.08,2025,大连商品交易所最近合约收盘价,国内,棕榈油(大连期结算),2025-10-17,9119.08
10,16,元/吨,9119.08,2025,大连商品交易所最近合约收盘价,国内,棕榈油(大连期结算),2025-10-16,9119.08
10,15,元/吨,9119.08,2025,大连商品交易所最近合约收盘价,国内,棕榈油(大连期结算),2025-10-15,9119.08
10,14,元/吨,9183.08,2025,大连商品交易所最近合约收盘价,国内,棕榈油(大连期结算),2025-10-14,9183.08
10,13,元/吨,9213.07,2025,大连商品交易所最近合约收盘价,国内,棕榈油(大连期结算),2025-10-13,9213.07
10,10,元/吨,9415.05,2025,大连商品交易所最近合约收盘价,国内,棕榈油(大连期结算),2025-10-10,9415.05
10,09,元/吨,9421.05,2025,大连商品交易所最近合约收盘价,国内,棕榈油(大连期结算),2025-10-09,9421.05
10,08,元/吨,9421.05,2025,大连商品交易所最近合约收盘价,国内,棕榈油(大连期结算),2025-10-08,9421.05
10,07,元/吨,9421.05,2025,大连商品交易所最近合约收盘价,国内,棕榈油(大连期结算),2025-10-07,9421.05
10,06,元/吨,9421.05,2025,大连商品交易所最近合约收盘价,国内,棕榈油(大连期结算),2025-10-06,9421.05
10,03,元/吨,9421.05,2025,大连商品交易所最近合约收盘价,国内,棕榈油(大连期结算),2025-10-03,9421.05
10,02,元/吨,9421.05,2025,大连商品交易所最近合约收盘价,国内,棕榈油(大连期结算),2025-10-02,9421.05
10,01,元/吨,9421.05,2025,大连商品交易所最近合约收盘价,国内,棕榈油(大连期结算),2025-10-01,9421.05
09,30,元/吨,9057.09,2025,大连商品交易所最近合约收盘价,国内,棕榈油(大连期结算),2025-09-30,9057.09
09,29,元/吨,9101.08,2025,大连商品交易所最近合约收盘价,国内,棕榈油(大连期结算),2025-09-29,9101.08
09,26,元/吨,9125.08,2025,大连商品交易所最近合约收盘价,国内,棕榈油(大连期结算),2025-09-26,9125.08
09,25,元/吨,9071.09,2025,大连商品交易所最近合约收盘价,国内,棕榈油(大连期结算),2025-09-25,9071.09
09,24,元/吨,8903.10,2025,大连商品交易所最近合约收盘价,国内,棕榈油(大连期结算),2025-09-24,8903.1
09,23,元/吨,8947.10,2025,大连商品交易所最近合约收盘价,国内,棕榈油(大连期结算),2025-09-23,8947.1
09,22,元/吨,9243.07,2025,大连商品交易所最近合约收盘价,国内,棕榈油(大连期结算),2025-09-22,9243.07
09,19,元/吨,9241.07,2025,大连商品交易所最近合约收盘价,国内,棕榈油(大连期结算),2025-09-19,9241.07
09,18,元/吨,9253.07,2025,大连商品交易所最近合约收盘价,国内,棕榈油(大连期结算),2025-09-18,9253.07
09,17,元/吨,9407.05,2025,大连商品交易所最近合约收盘价,国内,棕榈油(大连期结算),2025-09-17,9407.05
09,16,元/吨,9405.05,2025,大连商品交易所最近合约收盘价,国内,棕榈油(大连期结算),2025-09-16,9405.05
09,15,元/吨,9309.06,2025,大连商品交易所最近合约收盘价,国内,棕榈油(大连期结算),2025-09-15,9309.06
09,12,元/吨,9383.06,2025,大连商品交易所最近合约收盘价,国内,棕榈油(大连期结算),2025-09-12,9383.06
09,11,元/吨,9445.05,2025,大连商品交易所最近合约收盘价,国内,棕榈油(大连期结算),2025-09-11,9445.05
09,10,元/吨,9445.05,2025,大连商品交易所最近合约收盘价,国内,棕榈油(大连期结算),2025-09-10,9445.05
09,09,元/吨,9477.05,2025,大连商品交易所最近合约收盘价,国内,棕榈油(大连期结算),2025-09-09,9477.05
09,08,元/吨,9319.06,2025,大连商品交易所最近合约收盘价,国内,棕榈油(大连期结算),2025-09-08,9319.06
09,05,元/吨,9353.06,2025,大连商品交易所最近合约收盘价,国内,棕榈油(大连期结算),2025-09-05,9353.06
09,04,元/吨,9351.06,2025,大连商品交易所最近合约收盘价,国内,棕榈油(大连期结算),2025-09-04,9351.06
09,03,元/吨,9395.06,2025,大连商品交易所最近合约收盘价,国内,棕榈油(大连期结算),2025-09-03,9395.06
09,02,元/吨,9407.05,2025,大连商品交易所最近合约收盘价,国内,棕榈油(大连期结算),2025-09-02,9407.05
09,01,元/吨,9313.06,2025,大连商品交易所最近合约收盘价,国内,棕榈油(大连期结算),2025-09-01,9313.06
08,29,元/吨,9309.06,2025,大连商品交易所最近合约收盘价,国内,棕榈油(大连期结算),2025-08-29,9309.06
08,28,元/吨,9387.06,2025,大连商品交易所最近合约收盘价,国内,棕榈油(大连期结算),2025-08-28,9387.06
08,27,元/吨,9431.05,2025,大连商品交易所最近合约收盘价,国内,棕榈油(大连期结算),2025-08-27,9431.05
08,26,元/吨,9459.05,2025,大连商品交易所最近合约收盘价,国内,棕榈油(大连期结算),2025-08-26,9459.05
08,25,元/吨,9529.04,2025,大连商品交易所最近合约收盘价,国内,棕榈油(大连期结算),2025-08-25,9529.04
08,22,元/吨,9471.05,2025,大连商品交易所最近合约收盘价,国内,棕榈油(大连期结算),2025-08-22,9471.05
08,21,元/吨,9481.05,2025,大连商品交易所最近合约收盘价,国内,棕榈油(大连期结算),2025-08-21,9481.05
08,20,元/吨,9463.05,2025,大连商品交易所最近合约收盘价,国内,棕榈油(大连期结算),2025-08-20,9463.05
08,19,元/吨,9615.03,2025,大连商品交易所最近合约收盘价,国内,棕榈油(大连期结算),2025-08-19,9615.03
08,18,元/吨,9551.04,2025,大连商品交易所最近合约收盘价,国内,棕榈油(大连期结算),2025-08-18,9551.04
08,15,元/吨,9329.06,2025,大连商品交易所最近合约收盘价,国内,棕榈油(大连期结算),2025-08-15,9329.06
08,14,元/吨,8889.11,2025,大连商品交易所最近合约收盘价,国内,棕榈油(大连期结算),2025-08-14,8889.11
08,13,元/吨,8801.11,2025,大连商品交易所最近合约收盘价,国内,棕榈油(大连期结算),2025-08-13,8801.11
08,12,元/吨,8801.11,2025,大连商品交易所最近合约收盘价,国内,棕榈油(大连期结算),2025-08-12,8801.11
08,11,元/吨,8801.11,2025,大连商品交易所最近合约收盘价,国内,棕榈油(大连期结算),2025-08-11,8801.11
08,08,元/吨,8807.11,2025,大连商品交易所最近合约收盘价,国内,棕榈油(大连期结算),2025-08-08,8807.11
08,07,元/吨,8807.11,2025,大连商品交易所最近合约收盘价,国内,棕榈油(大连期结算),2025-08-07,8807.11
08,06,元/吨,8807.11,2025,大连商品交易所最近合约收盘价,国内,棕榈油(大连期结算),2025-08-06,8807.11
08,05,元/吨,8807.11,2025,大连商品交易所最近合约收盘价,国内,棕榈油(大连期结算),2025-08-05,8807.11
08,04,元/吨,8807.11,2025,大连商品交易所最近合约收盘价,国内,棕榈油(大连期结算),2025-08-04,8807.11
08,01,元/吨,8807.11,2025,大连商品交易所最近合约收盘价,国内,棕榈油(大连期结算),2025-08-01,8807.11
07,31,元/吨,8807.11,2025,大连商品交易所最近合约收盘价,国内,棕榈油(大连期结算),2025-07-31,8807.11
07,30,元/吨,8877.11,2025,大连商品交易所最近合约收盘价,国内,棕榈油(大连期结算),2025-07-30,8877.11
07,29,元/吨,8837.11,2025,大连商品交易所最近合约收盘价,国内,棕榈油(大连期结算),2025-07-29,8837.11
07,28,元/吨,8827.11,2025,大连商品交易所最近合约收盘价,国内,棕榈油(大连期结算),2025-07-28,8827.11
07,25,元/吨,8893.11,2025,大连商品交易所最近合约收盘价,国内,棕榈油(大连期结算),2025-07-25,8893.11
07,24,元/吨,8969.10,2025,大连商品交易所最近合约收盘价,国内,棕榈油(大连期结算),2025-07-24,8969.1
07,23,元/吨,8897.11,2025,大连商品交易所最近合约收盘价,国内,棕榈油(大连期结算),2025-07-23,8897.11
07,22,元/吨,8881.11,2025,大连商品交易所最近合约收盘价,国内,棕榈油(大连期结算),2025-07-22,8881.11
07,18,元/吨,8903.10,2025,大连商品交易所最近合约收盘价,国内,棕榈油(大连期结算),2025-07-18,8903.1
07,17,元/吨,8757.12,2025,大连商品交易所最近合约收盘价,国内,棕榈油(大连期结算),2025-07-17,8757.12
07,16,元/吨,8739.12,2025,大连商品交易所最近合约收盘价,国内,棕榈油(大连期结算),2025-07-16,8739.12
07,15,元/吨,8767.12,2025,大连商品交易所最近合约收盘价,国内,棕榈油(大连期结算),2025-07-15,8767.12
07,14,元/吨,8445.15,2025,大连商品交易所最近合约收盘价,国内,棕榈油(大连期结算),2025-07-14,8445.15
07,11,元/吨,8619.13,2025,大连商品交易所最近合约收盘价,国内,棕榈油(大连期结算),2025-07-11,8619.13
07,10,元/吨,8619.13,2025,大连商品交易所最近合约收盘价,国内,棕榈油(大连期结算),2025-07-10,8619.13
07,09,元/吨,8619.13,2025,大连商品交易所最近合约收盘价,国内,棕榈油(大连期结算),2025-07-09,8619.13
07,08,元/吨,8467.15,2025,大连商品交易所最近合约收盘价,国内,棕榈油(大连期结算),2025-07-08,8467.15
07,07,元/吨,8467.15,2025,大连商品交易所最近合约收盘价,国内,棕榈油(大连期结算),2025-07-07,8467.15
07,04,元/吨,8467.15,2025,大连商品交易所最近合约收盘价,国内,棕榈油(大连期结算),2025-07-04,8467.15
07,03,元/吨,8451.15,2025,大连商品交易所最近合约收盘价,国内,棕榈油(大连期结算),2025-07-03,8451.15
07,02,元/吨,8451.15,2025,大连商品交易所最近合约收盘价,国内,棕榈油(大连期结算),2025-07-02,8451.15
07,01,元/吨,8327.16,2025,大连商品交易所最近合约收盘价,国内,棕榈油(大连期结算),2025-07-01,8327.16
06,30,元/吨,8397.16,2025,大连商品交易所最近合约收盘价,国内,棕榈油(大连期结算),2025-06-30,8397.16
06,27,元/吨,8423.15,2025,大连商品交易所最近合约收盘价,国内,棕榈油(大连期结算),2025-06-27,8423.15
06,26,元/吨,8425.15,2025,大连商品交易所最近合约收盘价,国内,棕榈油(大连期结算),2025-06-26,8425.15
06,25,元/吨,8439.15,2025,大连商品交易所最近合约收盘价,国内,棕榈油(大连期结算),2025-06-25,8439.15
06,24,元/吨,8487.15,2025,大连商品交易所最近合约收盘价,国内,棕榈油(大连期结算),2025-06-24,8487.15
06,23,元/吨,8605.13,2025,大连商品交易所最近合约收盘价,国内,棕榈油(大连期结算),2025-06-23,8605.13
06,20,元/吨,8651.13,2025,大连商品交易所最近合约收盘价,国内,棕榈油(大连期结算),2025-06-20,8651.13
06,19,元/吨,8637.13,2025,大连商品交易所最近合约收盘价,国内,棕榈油(大连期结算),2025-06-19,8637.13
06,18,元/吨,8607.13,2025,大连商品交易所最近合约收盘价,国内,棕榈油(大连期结算),2025-06-18,8607.13
06,17,元/吨,8573.14,2025,大连商品交易所最近合约收盘价,国内,棕榈油(大连期结算),2025-06-17,8573.14
06,16,元/吨,8605.13,2025,大连商品交易所最近合约收盘价,国内,棕榈油(大连期结算),2025-06-16,8605.13
06,13,元/吨,8599.14,2025,大连商品交易所最近合约收盘价,国内,棕榈油(大连期结算),2025-06-13,8599.14
06,12,元/吨,8599.14,2025,大连商品交易所最近合约收盘价,国内,棕榈油(大连期结算),2025-06-12,8599.14
06,11,元/吨,8599.14,2025,大连商品交易所最近合约收盘价,国内,棕榈油(大连期结算),2025-06-11,8599.14
06,10,元/吨,8599.14,2025,大连商品交易所最近合约收盘价,国内,棕榈油(大连期结算),2025-06-10,8599.14
06,09,元/吨,8599.14,2025,大连商品交易所最近合约收盘价,国内,棕榈油(大连期结算),2025-06-09,8599.14
06,06,元/吨,8599.14,2025,大连商品交易所最近合约收盘价,国内,棕榈油(大连期结算),2025-06-06,8599.14
06,05,元/吨,8499.15,2025,大连商品交易所最近合约收盘价,国内,棕榈油(大连期结算),2025-06-05,8499.15
06,04,元/吨,8629.13,2025,大连商品交易所最近合约收盘价,国内,棕榈油(大连期结算),2025-06-04,8629.13
06,03,元/吨,8629.13,2025,大连商品交易所最近合约收盘价,国内,棕榈油(大连期结算),2025-06-03,8629.13
05,30,元/吨,8515.14,2025,大连商品交易所最近合约收盘价,国内,棕榈油(大连期结算),2025-05-30,8515.14
05,29,元/吨,8397.16,2025,大连商品交易所最近合约收盘价,国内,棕榈油(大连期结算),2025-05-29,8397.16
05,28,元/吨,8315.16,2025,大连商品交易所最近合约收盘价,国内,棕榈油(大连期结算),2025-05-28,8315.16
05,27,元/吨,8265.17,2025,大连商品交易所最近合约收盘价,国内,棕榈油(大连期结算),2025-05-27,8265.17
05,26,元/吨,8261.17,2025,大连商品交易所最近合约收盘价,国内,棕榈油(大连期结算),2025-05-26,8261.17
05,23,元/吨,8301.16,2025,大连商品交易所最近合约收盘价,国内,棕榈油(大连期结算),2025-05-23,8301.16
05,22,元/吨,8309.16,2025,大连商品交易所最近合约收盘价,国内,棕榈油(大连期结算),2025-05-22,8309.16
05,21,元/吨,8345.16,2025,大连商品交易所最近合约收盘价,国内,棕榈油(大连期结算),2025-05-21,8345.16
05,20,元/吨,8353.16,2025,大连商品交易所最近合约收盘价,国内,棕榈油(大连期结算),2025-05-20,8353.16
05,19,元/吨,8333.16,2025,大连商品交易所最近合约收盘价,国内,棕榈油(大连期结算),2025-05-19,8333.16
05,16,元/吨,8639.13,2025,大连商品交易所最近合约收盘价,国内,棕榈油(大连期结算),2025-05-16,8639.13
05,15,元/吨,8339.16,2025,大连商品交易所最近合约收盘价,国内,棕榈油(大连期结算),2025-05-15,8339.16
05,14,元/吨,8339.16,2025,大连商品交易所最近合约收盘价,国内,棕榈油(大连期结算),2025-05-14,8339.16
05,13,元/吨,8397.16,2025,大连商品交易所最近合约收盘价,国内,棕榈油(大连期结算),2025-05-13,8397.16
05,12,元/吨,8345.16,2025,大连商品交易所最近合约收盘价,国内,棕榈油(大连期结算),2025-05-12,8345.16
05,09,元/吨,8225.17,2025,大连商品交易所最近合约收盘价,国内,棕榈油(大连期结算),2025-05-09,8225.17
05,08,元/吨,8225.17,2025,大连商品交易所最近合约收盘价,国内,棕榈油(大连期结算),2025-05-08,8225.17
05,07,元/吨,8215.17,2025,大连商品交易所最近合约收盘价,国内,棕榈油(大连期结算),2025-05-07,8215.17
05,06,元/吨,8391.16,2025,大连商品交易所最近合约收盘价,国内,棕榈油(大连期结算),2025-05-06,8391.16
05,05,元/吨,8391.16,2025,大连商品交易所最近合约收盘价,国内,棕榈油(大连期结算),2025-05-05,8391.16
04,30,元/吨,8495.15,2025,大连商品交易所最近合约收盘价,国内,棕榈油(大连期结算),2025-04-30,8495.15
04,29,元/吨,8495.15,2025,大连商品交易所最近合约收盘价,国内,棕榈油(大连期结算),2025-04-29,8495.15
04,28,元/吨,8645.13,2025,大连商品交易所最近合约收盘价,国内,棕榈油(大连期结算),2025-04-28,8645.13
04,25,元/吨,8695.13,2025,大连商品交易所最近合约收盘价,国内,棕榈油(大连期结算),2025-04-25,8695.13
04,24,元/吨,8561.14,2025,大连商品交易所最近合约收盘价,国内,棕榈油(大连期结算),2025-04-24,8561.14
04,23,元/吨,8559.14,2025,大连商品交易所最近合约收盘价,国内,棕榈油(大连期结算),2025-04-23,8559.14
04,22,元/吨,8537.14,2025,大连商品交易所最近合约收盘价,国内,棕榈油(大连期结算),2025-04-22,8537.14
04,21,元/吨,8551.14,2025,大连商品交易所最近合约收盘价,国内,棕榈油(大连期结算),2025-04-21,8551.14
04,18,元/吨,8641.13,2025,大连商品交易所最近合约收盘价,国内,棕榈油(大连期结算),2025-04-18,8641.13
04,17,元/吨,8683.13,2025,大连商品交易所最近合约收盘价,国内,棕榈油(大连期结算),2025-04-17,8683.13
04,16,元/吨,8673.13,2025,大连商品交易所最近合约收盘价,国内,棕榈油(大连期结算),2025-04-16,8673.13
04,15,元/吨,9365.06,2025,大连商品交易所最近合约收盘价,国内,棕榈油(大连期结算),2025-04-15,9365.06
04,14,元/吨,9365.06,2025,大连商品交易所最近合约收盘价,国内,棕榈油(大连期结算),2025-04-14,9365.06
04,11,元/吨,9365.06,2025,大连商品交易所最近合约收盘价,国内,棕榈油(大连期结算),2025-04-11,9365.06
04,10,元/吨,9365.06,2025,大连商品交易所最近合约收盘价,国内,棕榈油(大连期结算),2025-04-10,9365.06
04,09,元/吨,9365.06,2025,大连商品交易所最近合约收盘价,国内,棕榈油(大连期结算),2025-04-09,9365.06
04,08,元/吨,9365.06,2025,大连商品交易所最近合约收盘价,国内,棕榈油(大连期结算),2025-04-08,9365.06
04,07,元/吨,9365.06,2025,大连商品交易所最近合约收盘价,国内,棕榈油(大连期结算),2025-04-07,9365.06
04,04,元/吨,9365.06,2025,大连商品交易所最近合约收盘价,国内,棕榈油(大连期结算),2025-04-04,9365.06
04,03,元/吨,9365.06,2025,大连商品交易所最近合约收盘价,国内,棕榈油(大连期结算),2025-04-03,9365.06
04,02,元/吨,9365.06,2025,大连商品交易所最近合约收盘价,国内,棕榈油(大连期结算),2025-04-02,9365.06
04,01,元/吨,9365.06,2025,大连商品交易所最近合约收盘价,国内,棕榈油(大连期结算),2025-04-01,9365.06
03,31,元/吨,9365.06,2025,大连商品交易所最近合约收盘价,国内,棕榈油(大连期结算),2025-03-31,9365.06
03,28,元/吨,9319.06,2025,大连商品交易所最近合约收盘价,国内,棕榈油(大连期结算),2025-03-28,9319.06
03,27,元/吨,9149.08,2025,大连商品交易所最近合约收盘价,国内,棕榈油(大连期结算),2025-03-27,9149.08
03,26,元/吨,9145.08,2025,大连商品交易所最近合约收盘价,国内,棕榈油(大连期结算),2025-03-26,9145.08
03,25,元/吨,9167.08,2025,大连商品交易所最近合约收盘价,国内,棕榈油(大连期结算),2025-03-25,9167.08
03,24,元/吨,9219.07,2025,大连商品交易所最近合约收盘价,国内,棕榈油(大连期结算),2025-03-24,9219.07
03,21,元/吨,9413.05,2025,大连商品交易所最近合约收盘价,国内,棕榈油(大连期结算),2025-03-21,9413.05
03,20,元/吨,9361.06,2025,大连商品交易所最近合约收盘价,国内,棕榈油(大连期结算),2025-03-20,9361.06
03,19,元/吨,9359.06,2025,大连商品交易所最近合约收盘价,国内,棕榈油(大连期结算),2025-03-19,9359.06
03,18,元/吨,9223.07,2025,大连商品交易所最近合约收盘价,国内,棕榈油(大连期结算),2025-03-18,9223.07
03,17,元/吨,9257.07,2025,大连商品交易所最近合约收盘价,国内,棕榈油(大连期结算),2025-03-17,9257.07
03,14,元/吨,9377.06,2025,大连商品交易所最近合约收盘价,国内,棕榈油(大连期结算),2025-03-14,9377.06
03,13,元/吨,9365.06,2025,大连商品交易所最近合约收盘价,国内,棕榈油(大连期结算),2025-03-13,9365.06
03,12,元/吨,9365.06,2025,大连商品交易所最近合约收盘价,国内,棕榈油(大连期结算),2025-03-12,9365.06
03,11,元/吨,9365.06,2025,大连商品交易所最近合约收盘价,国内,棕榈油(大连期结算),2025-03-11,9365.06
03,10,元/吨,9583.04,2025,大连商品交易所最近合约收盘价,国内,棕榈油(大连期结算),2025-03-10,9583.04
03,07,元/吨,9583.04,2025,大连商品交易所最近合约收盘价,国内,棕榈油(大连期结算),2025-03-07,9583.04
03,06,元/吨,9583.04,2025,大连商品交易所最近合约收盘价,国内,棕榈油(大连期结算),2025-03-06,9583.04
03,05,元/吨,9583.04,2025,大连商品交易所最近合约收盘价,国内,棕榈油(大连期结算),2025-03-05,9583.04
03,04,元/吨,9583.04,2025,大连商品交易所最近合约收盘价,国内,棕榈油(大连期结算),2025-03-04,9583.04
03,03,元/吨,9583.04,2025,大连商品交易所最近合约收盘价,国内,棕榈油(大连期结算),2025-03-03,9583.04
02,28,元/吨,9439.05,2025,大连商品交易所最近合约收盘价,国内,棕榈油(大连期结算),2025-02-28,9439.05
02,27,元/吨,9493.05,2025,大连商品交易所最近合约收盘价,国内,棕榈油(大连期结算),2025-02-27,9493.05
02,26,元/吨,9579.04,2025,大连商品交易所最近合约收盘价,国内,棕榈油(大连期结算),2025-02-26,9579.04
02,25,元/吨,9581.04,2025,大连商品交易所最近合约收盘价,国内,棕榈油(大连期结算),2025-02-25,9581.04
02,24,元/吨,9689.03,2025,大连商品交易所最近合约收盘价,国内,棕榈油(大连期结算),2025-02-24,9689.03
02,21,元/吨,9783.02,2025,大连商品交易所最近合约收盘价,国内,棕榈油(大连期结算),2025-02-21,9783.02
02,20,元/吨,9647.03,2025,大连商品交易所最近合约收盘价,国内,棕榈油(大连期结算),2025-02-20,9647.03
02,19,元/吨,9537.04,2025,大连商品交易所最近合约收盘价,国内,棕榈油(大连期结算),2025-02-19,9537.04
02,18,元/吨,9791.02,2025,大连商品交易所最近合约收盘价,国内,棕榈油(大连期结算),2025-02-18,9791.02
02,17,元/吨,9713.02,2025,大连商品交易所最近合约收盘价,国内,棕榈油(大连期结算),2025-02-17,9713.02
02,14,元/吨,9713.02,2025,大连商品交易所最近合约收盘价,国内,棕榈油(大连期结算),2025-02-14,9713.02
02,13,元/吨,9699.03,2025,大连商品交易所最近合约收盘价,国内,棕榈油(大连期结算),2025-02-13,9699.03
02,12,元/吨,9863.01,2025,大连商品交易所最近合约收盘价,国内,棕榈油(大连期结算),2025-02-12,9863.01
02,11,元/吨,9719.02,2025,大连商品交易所最近合约收盘价,国内,棕榈油(大连期结算),2025-02-11,9719.02
02,10,元/吨,9955.00,2025,大连商品交易所最近合约收盘价,国内,棕榈油(大连期结算),2025-02-10,9955.0
02,07,元/吨,9653.03,2025,大连商品交易所最近合约收盘价,国内,棕榈油(大连期结算),2025-02-07,9653.03
02,06,元/吨,9653.03,2025,大连商品交易所最近合约收盘价,国内,棕榈油(大连期结算),2025-02-06,9653.03
02,05,元/吨,9359.06,2025,大连商品交易所最近合约收盘价,国内,棕榈油(大连期结算),2025-02-05,9359.06
01,27,元/吨,9309.06,2025,大连商品交易所最近合约收盘价,国内,棕榈油(大连期结算),2025-01-27,9309.06
01,24,元/吨,9189.08,2025,大连商品交易所最近合约收盘价,国内,棕榈油(大连期结算),2025-01-24,9189.08
01,23,元/吨,9183.08,2025,大连商品交易所最近合约收盘价,国内,棕榈油(大连期结算),2025-01-23,9183.08
01,22,元/吨,9337.06,2025,大连商品交易所最近合约收盘价,国内,棕榈油(大连期结算),2025-01-22,9337.06
01,21,元/吨,9349.06,2025,大连商品交易所最近合约收盘价,国内,棕榈油(大连期结算),2025-01-21,9349.06
01,20,元/吨,9247.07,2025,大连商品交易所最近合约收盘价,国内,棕榈油(大连期结算),2025-01-20,9247.07
01,17,元/吨,9131.08,2025,大连商品交易所最近合约收盘价,国内,棕榈油(大连期结算),2025-01-17,9131.08
01,16,元/吨,9267.07,2025,大连商品交易所最近合约收盘价,国内,棕榈油(大连期结算),2025-01-16,9267.07
01,15,元/吨,9907.00,2025,大连商品交易所最近合约收盘价,国内,棕榈油(大连期结算),2025-01-15,9907.0
01,14,元/吨,10092.99,2025,大连商品交易所最近合约收盘价,国内,棕榈油(大连期结算),2025-01-14,10092.99
01,13,元/吨,10014.99,2025,大连商品交易所最近合约收盘价,国内,棕榈油(大连期结算),2025-01-13,10014.99
01,10,元/吨,9791.02,2025,大连商品交易所最近合约收盘价,国内,棕榈油(大连期结算),2025-01-10,9791.02
01,09,元/吨,9789.02,2025,大连商品交易所最近合约收盘价,国内,棕榈油(大连期结算),2025-01-09,9789.02
01,08,元/吨,9899.01,2025,大连商品交易所最近合约收盘价,国内,棕榈油(大连期结算),2025-01-08,9899.01
01,07,元/吨,9903.00,2025,大连商品交易所最近合约收盘价,国内,棕榈油(大连期结算),2025-01-07,9903.0
01,06,元/吨,9893.01,2025,大连商品交易所最近合约收盘价,国内,棕榈油(大连期结算),2025-01-06,9893.01
01,03,元/吨,9519.04,2025,大连商品交易所最近合约收盘价,国内,棕榈油(大连期结算),2025-01-03,9519.04
01,02,元/吨,9915.00,2025,大连商品交易所最近合约收盘价,国内,棕榈油(大连期结算),2025-01-02,9915.0
01,01,元/吨,9999,2025,大连商品交易所最近合约收盘价,国内,棕榈油(大连期结算),2025-01-01,9999.0
12,31,元/吨,9955.00,2024,大连商品交易所最近合约收盘价,国内,棕榈油(大连期结算),2024-12-31,9955.0
12,30,元/吨,9827.01,2024,大连商品交易所最近合约收盘价,国内,棕榈油(大连期结算),2024-12-30,9827.01
12,27,元/吨,9807.01,2024,大连商品交易所最近合约收盘价,国内,棕榈油(大连期结算),2024-12-27,9807.01
12,26,元/吨,9699.03,2024,大连商品交易所最近合约收盘价,国内,棕榈油(大连期结算),2024-12-26,9699.03
12,25,元/吨,9711.02,2024,大连商品交易所最近合约收盘价,国内,棕榈油(大连期结算),2024-12-25,9711.02
12,24,元/吨,9641.03,2024,大连商品交易所最近合约收盘价,国内,棕榈油(大连期结算),2024-12-24,9641.03
12,23,元/吨,9433.05,2024,大连商品交易所最近合约收盘价,国内,棕榈油(大连期结算),2024-12-23,9433.05
12,20,元/吨,9563.04,2024,大连商品交易所最近合约收盘价,国内,棕榈油(大连期结算),2024-12-20,9563.04
12,19,元/吨,9711.02,2024,大连商品交易所最近合约收盘价,国内,棕榈油(大连期结算),2024-12-19,9711.02
12,18,元/吨,9923.00,2024,大连商品交易所最近合约收盘价,国内,棕榈油(大连期结算),2024-12-18,9923.0
12,17,元/吨,9945.00,2024,大连商品交易所最近合约收盘价,国内,棕榈油(大连期结算),2024-12-17,9945.0
12,16,元/吨,10024.99,2024,大连商品交易所最近合约收盘价,国内,棕榈油(大连期结算),2024-12-16,10024.99
12,13,元/吨,10282.97,2024,大连商品交易所最近合约收盘价,国内,棕榈油(大连期结算),2024-12-13,10282.97
12,12,元/吨,10318.96,2024,大连商品交易所最近合约收盘价,国内,棕榈油(大连期结算),2024-12-12,10318.96
12,11,元/吨,10266.97,2024,大连商品交易所最近合约收盘价,国内,棕榈油(大连期结算),2024-12-11,10266.97
12,10,元/吨,10266.97,2024,大连商品交易所最近合约收盘价,国内,棕榈油(大连期结算),2024-12-10,10266.97
12,09,元/吨,10316.96,2024,大连商品交易所最近合约收盘价,国内,棕榈油(大连期结算),2024-12-09,10316.96
12,06,元/吨,10284.97,2024,大连商品交易所最近合约收盘价,国内,棕榈油(大连期结算),2024-12-06,10284.97
12,05,元/吨,10284.97,2024,大连商品交易所最近合约收盘价,国内,棕榈油(大连期结算),2024-12-05,10284.97
12,04,元/吨,10298.97,2024,大连商品交易所最近合约收盘价,国内,棕榈油(大连期结算),2024-12-04,10298.97
12,03,元/吨,10272.97,2024,大连商品交易所最近合约收盘价,国内,棕榈油(大连期结算),2024-12-03,10272.97
12,02,元/吨,10320.96,2024,大连商品交易所最近合约收盘价,国内,棕榈油(大连期结算),2024-12-02,10320.96
11,29,元/吨,10122.98,2024,大连商品交易所最近合约收盘价,国内,棕榈油(大连期结算),2024-11-29,10122.98
11,28,元/吨,9987.00,2024,大连商品交易所最近合约收盘价,国内,棕榈油(大连期结算),2024-11-28,9987.0
11,27,元/吨,9841.01,2024,大连商品交易所最近合约收盘价,国内,棕榈油(大连期结算),2024-11-27,9841.01
11,26,元/吨,9833.01,2024,大连商品交易所最近合约收盘价,国内,棕榈油(大连期结算),2024-11-26,9833.01
11,25,元/吨,9743.02,2024,大连商品交易所最近合约收盘价,国内,棕榈油(大连期结算),2024-11-25,9743.02
11,22,元/吨,9691.03,2024,大连商品交易所最近合约收盘价,国内,棕榈油(大连期结算),2024-11-22,9691.03
11,21,元/吨,9793.02,2024,大连商品交易所最近合约收盘价,国内,棕榈油(大连期结算),2024-11-21,9793.02
11,20,元/吨,9985.00,2024,大连商品交易所最近合约收盘价,国内,棕榈油(大连期结算),2024-11-20,9985.0
11,19,元/吨,9927.00,2024,大连商品交易所最近合约收盘价,国内,棕榈油(大连期结算),2024-11-19,9927.0
11,18,元/吨,10016.99,2024,大连商品交易所最近合约收盘价,国内,棕榈油(大连期结算),2024-11-18,10016.99
11,15,元/吨,10044.99,2024,大连商品交易所最近合约收盘价,国内,棕榈油(大连期结算),2024-11-15,10044.99
11,14,元/吨,9833.01,2024,大连商品交易所最近合约收盘价,国内,棕榈油(大连期结算),2024-11-14,9833.01
11,13,元/吨,9843.01,2024,大连商品交易所最近合约收盘价,国内,棕榈油(大连期结算),2024-11-13,9843.01
11,12,元/吨,9843.01,2024,大连商品交易所最近合约收盘价,国内,棕榈油(大连期结算),2024-11-12,9843.01
11,11,元/吨,9843.01,2024,大连商品交易所最近合约收盘价,国内,棕榈油(大连期结算),2024-11-11,9843.01
11,08,元/吨,9843.01,2024,大连商品交易所最近合约收盘价,国内,棕榈油(大连期结算),2024-11-08,9843.01
11,07,元/吨,9843.01,2024,大连商品交易所最近合约收盘价,国内,棕榈油(大连期结算),2024-11-07,9843.01
11,06,元/吨,9841.01,2024,大连商品交易所最近合约收盘价,国内,棕榈油(大连期结算),2024-11-06,9841.01
11,05,元/吨,9841.01,2024,大连商品交易所最近合约收盘价,国内,棕榈油(大连期结算),2024-11-05,9841.01
11,04,元/吨,9873.01,2024,大连商品交易所最近合约收盘价,国内,棕榈油(大连期结算),2024-11-04,9873.01
11,01,元/吨,9707.02,2024,大连商品交易所最近合约收盘价,国内,棕榈油(大连期结算),2024-11-01,9707.02
10,31,元/吨,9587.04,2024,大连商品交易所最近合约收盘价,国内,棕榈油(大连期结算),2024-10-31,9587.04
10,30,元/吨,9479.05,2024,大连商品交易所最近合约收盘价,国内,棕榈油(大连期结算),2024-10-30,9479.05
10,29,元/吨,9403.05,2024,大连商品交易所最近合约收盘价,国内,棕榈油(大连期结算),2024-10-29,9403.05
10,28,元/吨,9365.06,2024,大连商品交易所最近合约收盘价,国内,棕榈油(大连期结算),2024-10-28,9365.06
10,25,元/吨,9465.05,2024,大连商品交易所最近合约收盘价,国内,棕榈油(大连期结算),2024-10-25,9465.05
10,24,元/吨,9339.06,2024,大连商品交易所最近合约收盘价,国内,棕榈油(大连期结算),2024-10-24,9339.06
10,23,元/吨,9247.07,2024,大连商品交易所最近合约收盘价,国内,棕榈油(大连期结算),2024-10-23,9247.07
10,22,元/吨,9003.09,2024,大连商品交易所最近合约收盘价,国内,棕榈油(大连期结算),2024-10-22,9003.09
10,21,元/吨,8897.11,2024,大连商品交易所最近合约收盘价,国内,棕榈油(大连期结算),2024-10-21,8897.11
10,18,元/吨,8897.11,2024,大连商品交易所最近合约收盘价,国内,棕榈油(大连期结算),2024-10-18,8897.11
10,17,元/吨,8897.11,2024,大连商品交易所最近合约收盘价,国内,棕榈油(大连期结算),2024-10-17,8897.11
10,16,元/吨,8897.11,2024,大连商品交易所最近合约收盘价,国内,棕榈油(大连期结算),2024-10-16,8897.11
10,15,元/吨,8897.11,2024,大连商品交易所最近合约收盘价,国内,棕榈油(大连期结算),2024-10-15,8897.11
10,14,元/吨,8897.11,2024,大连商品交易所最近合约收盘价,国内,棕榈油(大连期结算),2024-10-14,8897.11
10,11,元/吨,8897.11,2024,大连商品交易所最近合约收盘价,国内,棕榈油(大连期结算),2024-10-11,8897.11
10,10,元/吨,8897.11,2024,大连商品交易所最近合约收盘价,国内,棕榈油(大连期结算),2024-10-10,8897.11
10,09,元/吨,8897.11,2024,大连商品交易所最近合约收盘价,国内,棕榈油(大连期结算),2024-10-09,8897.11
10,08,元/吨,8897.11,2024,大连商品交易所最近合约收盘价,国内,棕榈油(大连期结算),2024-10-08,8897.11
10,07,元/吨,8897.11,2024,大连商品交易所最近合约收盘价,国内,棕榈油(大连期结算),2024-10-07,8897.11
09,30,元/吨,8497.15,2024,大连商品交易所最近合约收盘价,国内,棕榈油(大连期结算),2024-09-30,8497.15
09,27,元/吨,8565.14,2024,大连商品交易所最近合约收盘价,国内,棕榈油(大连期结算),2024-09-27,8565.14
09,26,元/吨,8509.14,2024,大连商品交易所最近合约收盘价,国内,棕榈油(大连期结算),2024-09-26,8509.14
09,25,元/吨,8471.15,2024,大连商品交易所最近合约收盘价,国内,棕榈油(大连期结算),2024-09-25,8471.15
09,24,元/吨,8279.17,2024,大连商品交易所最近合约收盘价,国内,棕榈油(大连期结算),2024-09-24,8279.17
09,23,元/吨,8279.17,2024,大连商品交易所最近合约收盘价,国内,棕榈油(大连期结算),2024-09-23,8279.17
09,20,元/吨,8243.17,2024,大连商品交易所最近合约收盘价,国内,棕榈油(大连期结算),2024-09-20,8243.17
09,19,元/吨,8139.18,2024,大连商品交易所最近合约收盘价,国内,棕榈油(大连期结算),2024-09-19,8139.18
09,18,元/吨,7965.20,2024,大连商品交易所最近合约收盘价,国内,棕榈油(大连期结算),2024-09-18,7965.2
09,17,元/吨,7977.20,2024,大连商品交易所最近合约收盘价,国内,棕榈油(大连期结算),2024-09-17,7977.2
09,16,元/吨,7921.20,2024,大连商品交易所最近合约收盘价,国内,棕榈油(大连期结算),2024-09-16,7921.2
09,13,元/吨,8025.19,2024,大连商品交易所最近合约收盘价,国内,棕榈油(大连期结算),2024-09-13,8025.19
09,12,元/吨,7969.20,2024,大连商品交易所最近合约收盘价,国内,棕榈油(大连期结算),2024-09-12,7969.2
09,11,元/吨,7655.23,2024,大连商品交易所最近合约收盘价,国内,棕榈油(大连期结算),2024-09-11,7655.23
09,10,元/吨,7741.22,2024,大连商品交易所最近合约收盘价,国内,棕榈油(大连期结算),2024-09-10,7741.22
09,09,元/吨,8003.19,2024,大连商品交易所最近合约收盘价,国内,棕榈油(大连期结算),2024-09-09,8003.19
09,06,元/吨,8003.19,2024,大连商品交易所最近合约收盘价,国内,棕榈油(大连期结算),2024-09-06,8003.19
09,05,元/吨,8003.19,2024,大连商品交易所最近合约收盘价,国内,棕榈油(大连期结算),2024-09-05,8003.19
09,04,元/吨,8003.19,2024,大连商品交易所最近合约收盘价,国内,棕榈油(大连期结算),2024-09-04,8003.19
09,03,元/吨,8003.19,2024,大连商品交易所最近合约收盘价,国内,棕榈油(大连期结算),2024-09-03,8003.19
09,02,元/吨,8111.18,2024,大连商品交易所最近合约收盘价,国内,棕榈油(大连期结算),2024-09-02,8111.18
08,30,元/吨,8119.18,2024,大连商品交易所最近合约收盘价,国内,棕榈油(大连期结算),2024-08-30,8119.18
08,29,元/吨,8039.19,2024,大连商品交易所最近合约收盘价,国内,棕榈油(大连期结算),2024-08-29,8039.19
08,28,元/吨,8105.18,2024,大连商品交易所最近合约收盘价,国内,棕榈油(大连期结算),2024-08-28,8105.18
08,27,元/吨,8137.18,2024,大连商品交易所最近合约收盘价,国内,棕榈油(大连期结算),2024-08-27,8137.18
08,26,元/吨,8025.19,2024,大连商品交易所最近合约收盘价,国内,棕榈油(大连期结算),2024-08-26,8025.19
08,23,元/吨,7859.21,2024,大连商品交易所最近合约收盘价,国内,棕榈油(大连期结算),2024-08-23,7859.21
08,22,元/吨,7853.21,2024,大连商品交易所最近合约收盘价,国内,棕榈油(大连期结算),2024-08-22,7853.21
08,21,元/吨,7815.21,2024,大连商品交易所最近合约收盘价,国内,棕榈油(大连期结算),2024-08-21,7815.21
08,20,元/吨,7789.22,2024,大连商品交易所最近合约收盘价,国内,棕榈油(大连期结算),2024-08-20,7789.22
08,19,元/吨,7721.22,2024,大连商品交易所最近合约收盘价,国内,棕榈油(大连期结算),2024-08-19,7721.22
08,16,元/吨,7703.22,2024,大连商品交易所最近合约收盘价,国内,棕榈油(大连期结算),2024-08-16,7703.22
08,15,元/吨,7623.23,2024,大连商品交易所最近合约收盘价,国内,棕榈油(大连期结算),2024-08-15,7623.23
08,14,元/吨,7575.24,2024,大连商品交易所最近合约收盘价,国内,棕榈油(大连期结算),2024-08-14,7575.24
08,13,元/吨,7511.24,2024,大连商品交易所最近合约收盘价,国内,棕榈油(大连期结算),2024-08-13,7511.24
08,12,元/吨,7783.22,2024,大连商品交易所最近合约收盘价,国内,棕榈油(大连期结算),2024-08-12,7783.22
08,09,元/吨,7783.22,2024,大连商品交易所最近合约收盘价,国内,棕榈油(大连期结算),2024-08-09,7783.22
08,08,元/吨,7783.22,2024,大连商品交易所最近合约收盘价,国内,棕榈油(大连期结算),2024-08-08,7783.22
08,07,元/吨,7783.22,2024,大连商品交易所最近合约收盘价,国内,棕榈油(大连期结算),2024-08-07,7783.22
08,06,元/吨,7783.22,2024,大连商品交易所最近合约收盘价,国内,棕榈油(大连期结算),2024-08-06,7783.22
08,05,元/吨,7783.22,2024,大连商品交易所最近合约收盘价,国内,棕榈油(大连期结算),2024-08-05,7783.22
08,02,元/吨,7783.22,2024,大连商品交易所最近合约收盘价,国内,棕榈油(大连期结算),2024-08-02,7783.22
08,01,元/吨,7783.22,2024,大连商品交易所最近合约收盘价,国内,棕榈油(大连期结算),2024-08-01,7783.22
07,31,元/吨,7783.22,2024,大连商品交易所最近合约收盘价,国内,棕榈油(大连期结算),2024-07-31,7783.22
07,30,元/吨,7797.22,2024,大连商品交易所最近合约收盘价,国内,棕榈油(大连期结算),2024-07-30,7797.22
07,29,元/吨,7715.22,2024,大连商品交易所最近合约收盘价,国内,棕榈油(大连期结算),2024-07-29,7715.22
07,26,元/吨,7811.21,2024,大连商品交易所最近合约收盘价,国内,棕榈油(大连期结算),2024-07-26,7811.21
07,25,元/吨,7707.22,2024,大连商品交易所最近合约收盘价,国内,棕榈油(大连期结算),2024-07-25,7707.22
07,24,元/吨,7847.21,2024,大连商品交易所最近合约收盘价,国内,棕榈油(大连期结算),2024-07-24,7847.21
07,23,元/吨,7907.20,2024,大连商品交易所最近合约收盘价,国内,棕榈油(大连期结算),2024-07-23,7907.2
07,22,元/吨,7821.21,2024,大连商品交易所最近合约收盘价,国内,棕榈油(大连期结算),2024-07-22,7821.21
07,19,元/吨,7799.22,2024,大连商品交易所最近合约收盘价,国内,棕榈油(大连期结算),2024-07-19,7799.22
07,18,元/吨,7863.21,2024,大连商品交易所最近合约收盘价,国内,棕榈油(大连期结算),2024-07-18,7863.21
07,17,元/吨,7899.21,2024,大连商品交易所最近合约收盘价,国内,棕榈油(大连期结算),2024-07-17,7899.21
07,16,元/吨,7791.22,2024,大连商品交易所最近合约收盘价,国内,棕榈油(大连期结算),2024-07-16,7791.22
07,15,元/吨,7735.22,2024,大连商品交易所最近合约收盘价,国内,棕榈油(大连期结算),2024-07-15,7735.22
07,12,元/吨,7833.21,2024,大连商品交易所最近合约收盘价,国内,棕榈油(大连期结算),2024-07-12,7833.21
07,11,元/吨,7833.21,2024,大连商品交易所最近合约收盘价,国内,棕榈油(大连期结算),2024-07-11,7833.21
07,10,元/吨,7833.21,2024,大连商品交易所最近合约收盘价,国内,棕榈油(大连期结算),2024-07-10,7833.21
07,09,元/吨,7833.21,2024,大连商品交易所最近合约收盘价,国内,棕榈油(大连期结算),2024-07-09,7833.21
07,08,元/吨,7833.21,2024,大连商品交易所最近合约收盘价,国内,棕榈油(大连期结算),2024-07-08,7833.21
07,05,元/吨,7833.21,2024,大连商品交易所最近合约收盘价,国内,棕榈油(大连期结算),2024-07-05,7833.21
07,04,元/吨,7833.21,2024,大连商品交易所最近合约收盘价,国内,棕榈油(大连期结算),2024-07-04,7833.21
07,03,元/吨,7833.21,2024,大连商品交易所最近合约收盘价,国内,棕榈油(大连期结算),2024-07-03,7833.21
07,02,元/吨,7833.21,2024,大连商品交易所最近合约收盘价,国内,棕榈油(大连期结算),2024-07-02,7833.21
07,01,元/吨,7833.21,2024,大连商品交易所最近合约收盘价,国内,棕榈油(大连期结算),2024-07-01,7833.21
06,28,元/吨,7743.22,2024,大连商品交易所最近合约收盘价,国内,棕榈油(大连期结算),2024-06-28,7743.22
06,27,元/吨,7677.23,2024,大连商品交易所最近合约收盘价,国内,棕榈油(大连期结算),2024-06-27,7677.23
06,26,元/吨,7633.23,2024,大连商品交易所最近合约收盘价,国内,棕榈油(大连期结算),2024-06-26,7633.23
06,25,元/吨,7621.23,2024,大连商品交易所最近合约收盘价,国内,棕榈油(大连期结算),2024-06-25,7621.23
06,24,元/吨,7687.23,2024,大连商品交易所最近合约收盘价,国内,棕榈油(大连期结算),2024-06-24,7687.23
06,21,元/吨,7745.22,2024,大连商品交易所最近合约收盘价,国内,棕榈油(大连期结算),2024-06-21,7745.22
06,20,元/吨,7743.22,2024,大连商品交易所最近合约收盘价,国内,棕榈油(大连期结算),2024-06-20,7743.22
06,19,元/吨,7715.22,2024,大连商品交易所最近合约收盘价,国内,棕榈油(大连期结算),2024-06-19,7715.22
06,18,元/吨,7621.23,2024,大连商品交易所最近合约收盘价,国内,棕榈油(大连期结算),2024-06-18,7621.23
06,17,元/吨,7651.23,2024,大连商品交易所最近合约收盘价,国内,棕榈油(大连期结算),2024-06-17,7651.23
06,14,元/吨,7599.24,2024,大连商品交易所最近合约收盘价,国内,棕榈油(大连期结算),2024-06-14,7599.24
06,13,元/吨,7645.23,2024,大连商品交易所最近合约收盘价,国内,棕榈油(大连期结算),2024-06-13,7645.23
06,12,元/吨,7645.23,2024,大连商品交易所最近合约收盘价,国内,棕榈油(大连期结算),2024-06-12,7645.23
06,11,元/吨,7593.24,2024,大连商品交易所最近合约收盘价,国内,棕榈油(大连期结算),2024-06-11,7593.24
06,07,元/吨,7829.21,2024,大连商品交易所最近合约收盘价,国内,棕榈油(大连期结算),2024-06-07,7829.21
06,06,元/吨,7613.23,2024,大连商品交易所最近合约收盘价,国内,棕榈油(大连期结算),2024-06-06,7613.23
06,05,元/吨,7613.23,2024,大连商品交易所最近合约收盘价,国内,棕榈油(大连期结算),2024-06-05,7613.23
06,04,元/吨,7613.23,2024,大连商品交易所最近合约收盘价,国内,棕榈油(大连期结算),2024-06-04,7613.23
06,03,元/吨,7927.20,2024,大连商品交易所最近合约收盘价,国内,棕榈油(大连期结算),2024-06-03,7927.2
05,31,元/吨,7811.21,2024,大连商品交易所最近合约收盘价,国内,棕榈油(大连期结算),2024-05-31,7811.21
05,30,元/吨,7851.21,2024,大连商品交易所最近合约收盘价,国内,棕榈油(大连期结算),2024-05-30,7851.21
05,29,元/吨,7867.21,2024,大连商品交易所最近合约收盘价,国内,棕榈油(大连期结算),2024-05-29,7867.21
05,28,元/吨,7791.22,2024,大连商品交易所最近合约收盘价,国内,棕榈油(大连期结算),2024-05-28,7791.22
05,27,元/吨,7685.23,2024,大连商品交易所最近合约收盘价,国内,棕榈油(大连期结算),2024-05-27,7685.23
05,24,元/吨,7701.22,2024,大连商品交易所最近合约收盘价,国内,棕榈油(大连期结算),2024-05-24,7701.22
05,23,元/吨,7683.23,2024,大连商品交易所最近合约收盘价,国内,棕榈油(大连期结算),2024-05-23,7683.23
05,22,元/吨,7725.22,2024,大连商品交易所最近合约收盘价,国内,棕榈油(大连期结算),2024-05-22,7725.22
05,21,元/吨,7769.22,2024,大连商品交易所最近合约收盘价,国内,棕榈油(大连期结算),2024-05-21,7769.22
05,20,元/吨,7713.22,2024,大连商品交易所最近合约收盘价,国内,棕榈油(大连期结算),2024-05-20,7713.22
05,17,元/吨,7743.22,2024,大连商品交易所最近合约收盘价,国内,棕榈油(大连期结算),2024-05-17,7743.22
05,16,元/吨,7579.24,2024,大连商品交易所最近合约收盘价,国内,棕榈油(大连期结算),2024-05-16,7579.24
05,15,元/吨,7579.24,2024,大连商品交易所最近合约收盘价,国内,棕榈油(大连期结算),2024-05-15,7579.24
05,14,元/吨,7727.22,2024,大连商品交易所最近合约收盘价,国内,棕榈油(大连期结算),2024-05-14,7727.22
05,13,元/吨,7661.23,2024,大连商品交易所最近合约收盘价,国内,棕榈油(大连期结算),2024-05-13,7661.23
05,10,元/吨,7621.23,2024,大连商品交易所最近合约收盘价,国内,棕榈油(大连期结算),2024-05-10,7621.23
05,09,元/吨,7689.23,2024,大连商品交易所最近合约收盘价,国内,棕榈油(大连期结算),2024-05-09,7689.23
05,08,元/吨,7793.22,2024,大连商品交易所最近合约收盘价,国内,棕榈油(大连期结算),2024-05-08,7793.22
05,07,元/吨,7753.22,2024,大连商品交易所最近合约收盘价,国内,棕榈油(大连期结算),2024-05-07,7753.22
05,06,元/吨,7731.22,2024,大连商品交易所最近合约收盘价,国内,棕榈油(大连期结算),2024-05-06,7731.22
05,03,元/吨,7731.22,2024,大连商品交易所最近合约收盘价,国内,棕榈油(大连期结算),2024-05-03,7731.22
05,02,元/吨,7731.22,2024,大连商品交易所最近合约收盘价,国内,棕榈油(大连期结算),2024-05-02,7731.22
05,01,元/吨,7731.22,2024,大连商品交易所最近合约收盘价,国内,棕榈油(大连期结算),2024-05-01,7731.22
04,30,元/吨,7771.22,2024,大连商品交易所最近合约收盘价,国内,棕榈油(大连期结算),2024-04-30,7771.22
04,29,元/吨,7825.21,2024,大连商品交易所最近合约收盘价,国内,棕榈油(大连期结算),2024-04-29,7825.21
04,26,元/吨,7737.22,2024,大连商品交易所最近合约收盘价,国内,棕榈油(大连期结算),2024-04-26,7737.22
04,25,元/吨,7751.22,2024,大连商品交易所最近合约收盘价,国内,棕榈油(大连期结算),2024-04-25,7751.22
04,24,元/吨,7849.21,2024,大连商品交易所最近合约收盘价,国内,棕榈油(大连期结算),2024-04-24,7849.21
04,23,元/吨,7777.22,2024,大连商品交易所最近合约收盘价,国内,棕榈油(大连期结算),2024-04-23,7777.22
04,22,元/吨,7739.22,2024,大连商品交易所最近合约收盘价,国内,棕榈油(大连期结算),2024-04-22,7739.22
04,19,元/吨,7841.21,2024,大连商品交易所最近合约收盘价,国内,棕榈油(大连期结算),2024-04-19,7841.21
04,18,元/吨,7867.21,2024,大连商品交易所最近合约收盘价,国内,棕榈油(大连期结算),2024-04-18,7867.21
04,17,元/吨,7961.20,2024,大连商品交易所最近合约收盘价,国内,棕榈油(大连期结算),2024-04-17,7961.2
04,16,元/吨,8417.15,2024,大连商品交易所最近合约收盘价,国内,棕榈油(大连期结算),2024-04-16,8417.15
04,15,元/吨,8505.14,2024,大连商品交易所最近合约收盘价,国内,棕榈油(大连期结算),2024-04-15,8505.14
04,12,元/吨,8505.14,2024,大连商品交易所最近合约收盘价,国内,棕榈油(大连期结算),2024-04-12,8505.14
04,11,元/吨,8495.15,2024,大连商品交易所最近合约收盘价,国内,棕榈油(大连期结算),2024-04-11,8495.15
04,10,元/吨,8495.15,2024,大连商品交易所最近合约收盘价,国内,棕榈油(大连期结算),2024-04-10,8495.15
04,09,元/吨,8495.15,2024,大连商品交易所最近合约收盘价,国内,棕榈油(大连期结算),2024-04-09,8495.15
04,08,元/吨,8495.15,2024,大连商品交易所最近合约收盘价,国内,棕榈油(大连期结算),2024-04-08,8495.15
04,03,元/吨,8319.16,2024,大连商品交易所最近合约收盘价,国内,棕榈油(大连期结算),2024-04-03,8319.16
04,02,元/吨,8319.16,2024,大连商品交易所最近合约收盘价,国内,棕榈油(大连期结算),2024-04-02,8319.16
04,01,元/吨,8389.16,2024,大连商品交易所最近合约收盘价,国内,棕榈油(大连期结算),2024-04-01,8389.16
03,29,元/吨,8237.17,2024,大连商品交易所最近合约收盘价,国内,棕榈油(大连期结算),2024-03-29,8237.17
03,28,元/吨,8191.18,2024,大连商品交易所最近合约收盘价,国内,棕榈油(大连期结算),2024-03-28,8191.18
03,27,元/吨,8337.16,2024,大连商品交易所最近合约收盘价,国内,棕榈油(大连期结算),2024-03-27,8337.16
03,26,元/吨,8415.15,2024,大连商品交易所最近合约收盘价,国内,棕榈油(大连期结算),2024-03-26,8415.15
03,25,元/吨,8427.15,2024,大连商品交易所最近合约收盘价,国内,棕榈油(大连期结算),2024-03-25,8427.15
03,22,元/吨,8399.16,2024,大连商品交易所最近合约收盘价,国内,棕榈油(大连期结算),2024-03-22,8399.16
03,21,元/吨,8447.15,2024,大连商品交易所最近合约收盘价,国内,棕榈油(大连期结算),2024-03-21,8447.15
03,20,元/吨,8359.16,2024,大连商品交易所最近合约收盘价,国内,棕榈油(大连期结算),2024-03-20,8359.16
03,19,元/吨,8291.17,2024,大连商品交易所最近合约收盘价,国内,棕榈油(大连期结算),2024-03-19,8291.17
03,18,元/吨,8337.16,2024,大连商品交易所最近合约收盘价,国内,棕榈油(大连期结算),2024-03-18,8337.16
03,15,元/吨,8317.16,2024,大连商品交易所最近合约收盘价,国内,棕榈油(大连期结算),2024-03-15,8317.16
03,14,元/吨,7699.23,2024,大连商品交易所最近合约收盘价,国内,棕榈油(大连期结算),2024-03-14,7699.23
03,13,元/吨,7699.23,2024,大连商品交易所最近合约收盘价,国内,棕榈油(大连期结算),2024-03-13,7699.23
03,12,元/吨,7699.23,2024,大连商品交易所最近合约收盘价,国内,棕榈油(大连期结算),2024-03-12,7699.23
03,11,元/吨,7699.23,2024,大连商品交易所最近合约收盘价,国内,棕榈油(大连期结算),2024-03-11,7699.23
03,08,元/吨,7699.23,2024,大连商品交易所最近合约收盘价,国内,棕榈油(大连期结算),2024-03-08,7699.23
03,07,元/吨,7699.23,2024,大连商品交易所最近合约收盘价,国内,棕榈油(大连期结算),2024-03-07,7699.23
03,06,元/吨,7699.23,2024,大连商品交易所最近合约收盘价,国内,棕榈油(大连期结算),2024-03-06,7699.23
03,05,元/吨,7699.23,2024,大连商品交易所最近合约收盘价,国内,棕榈油(大连期结算),2024-03-05,7699.23
03,04,元/吨,7699.23,2024,大连商品交易所最近合约收盘价,国内,棕榈油(大连期结算),2024-03-04,7699.23
03,01,元/吨,7699.23,2024,大连商品交易所最近合约收盘价,国内,棕榈油(大连期结算),2024-03-01,7699.23
02,29,元/吨,7597.24,2024,大连商品交易所最近合约收盘价,国内,棕榈油(大连期结算),2024-02-29,7597.24
02,28,元/吨,7539.24,2024,大连商品交易所最近合约收盘价,国内,棕榈油(大连期结算),2024-02-28,7539.24
02,27,元/吨,7497.25,2024,大连商品交易所最近合约收盘价,国内,棕榈油(大连期结算),2024-02-27,7497.25
02,26,元/吨,7485.25,2024,大连商品交易所最近合约收盘价,国内,棕榈油(大连期结算),2024-02-26,7485.25
02,23,元/吨,7489.25,2024,大连商品交易所最近合约收盘价,国内,棕榈油(大连期结算),2024-02-23,7489.25
02,22,元/吨,7257.27,2024,大连商品交易所最近合约收盘价,国内,棕榈油(大连期结算),2024-02-22,7257.27
02,21,元/吨,7257.27,2024,大连商品交易所最近合约收盘价,国内,棕榈油(大连期结算),2024-02-21,7257.27
02,20,元/吨,7257.27,2024,大连商品交易所最近合约收盘价,国内,棕榈油(大连期结算),2024-02-20,7257.27
02,19,元/吨,7257.27,2024,大连商品交易所最近合约收盘价,国内,棕榈油(大连期结算),2024-02-19,7257.27
02,09,元/吨,7257.27,2024,大连商品交易所最近合约收盘价,国内,棕榈油(大连期结算),2024-02-09,7257.27
02,08,元/吨,7257.27,2024,大连商品交易所最近合约收盘价,国内,棕榈油(大连期结算),2024-02-08,7257.27
02,07,元/吨,7257.27,2024,大连商品交易所最近合约收盘价,国内,棕榈油(大连期结算),2024-02-07,7257.27
02,06,元/吨,7257.27,2024,大连商品交易所最近合约收盘价,国内,棕榈油(大连期结算),2024-02-06,7257.27
02,05,元/吨,7257.27,2024,大连商品交易所最近合约收盘价,国内,棕榈油(大连期结算),2024-02-05,7257.27
02,02,元/吨,7257.27,2024,大连商品交易所最近合约收盘价,国内,棕榈油(大连期结算),2024-02-02,7257.27
02,01,元/吨,7257.27,2024,大连商品交易所最近合约收盘价,国内,棕榈油(大连期结算),2024-02-01,7257.27
01,31,元/吨,7257.27,2024,大连商品交易所最近合约收盘价,国内,棕榈油(大连期结算),2024-01-31,7257.27
01,30,元/吨,7375.26,2024,大连商品交易所最近合约收盘价,国内,棕榈油(大连期结算),2024-01-30,7375.26
01,29,元/吨,7599.24,2024,大连商品交易所最近合约收盘价,国内,棕榈油(大连期结算),2024-01-29,7599.24
01,26,元/吨,7611.23,2024,大连商品交易所最近合约收盘价,国内,棕榈油(大连期结算),2024-01-26,7611.23
01,25,元/吨,7603.23,2024,大连商品交易所最近合约收盘价,国内,棕榈油(大连期结算),2024-01-25,7603.23
01,24,元/吨,7539.24,2024,大连商品交易所最近合约收盘价,国内,棕榈油(大连期结算),2024-01-24,7539.24
01,23,元/吨,7587.24,2024,大连商品交易所最近合约收盘价,国内,棕榈油(大连期结算),2024-01-23,7587.24
01,22,元/吨,7601.23,2024,大连商品交易所最近合约收盘价,国内,棕榈油(大连期结算),2024-01-22,7601.23
01,19,元/吨,7505.24,2024,大连商品交易所最近合约收盘价,国内,棕榈油(大连期结算),2024-01-19,7505.24
01,18,元/吨,7383.26,2024,大连商品交易所最近合约收盘价,国内,棕榈油(大连期结算),2024-01-18,7383.26
01,17,元/吨,7347.26,2024,大连商品交易所最近合约收盘价,国内,棕榈油(大连期结算),2024-01-17,7347.26
01,16,元/吨,7343.26,2024,大连商品交易所最近合约收盘价,国内,棕榈油(大连期结算),2024-01-16,7343.26
01,15,元/吨,6999.3,2024,大连商品交易所最近合约收盘价,国内,棕榈油(大连期结算),2024-01-15,6999.3
01,12,元/吨,7127.28,2024,大连商品交易所最近合约收盘价,国内,棕榈油(大连期结算),2024-01-12,7127.28
01,11,元/吨,7127.28,2024,大连商品交易所最近合约收盘价,国内,棕榈油(大连期结算),2024-01-11,7127.28
01,10,元/吨,7079.29,2024,大连商品交易所最近合约收盘价,国内,棕榈油(大连期结算),2024-01-10,7079.29
01,09,元/吨,6983.30,2024,大连商品交易所最近合约收盘价,国内,棕榈油(大连期结算),2024-01-09,6983.3
01,08,元/吨,6983.30,2024,大连商品交易所最近合约收盘价,国内,棕榈油(大连期结算),2024-01-08,6983.3
01,05,元/吨,6939.30,2024,大连商品交易所最近合约收盘价,国内,棕榈油(大连期结算),2024-01-05,6939.3
01,04,元/吨,6941.30,2024,大连商品交易所最近合约收盘价,国内,棕榈油(大连期结算),2024-01-04,6941.3
01,03,元/吨,6949.30,2024,大连商品交易所最近合约收盘价,国内,棕榈油(大连期结算),2024-01-03,6949.3
01,02,元/吨,6979.30,2024,大连商品交易所最近合约收盘价,国内,棕榈油(大连期结算),2024-01-02,6979.3
01,01,元/吨,7047.29,2024,大连商品交易所最近合约收盘价,国内,棕榈油(大连期结算),2024-01-01,7047.29
12,29,元/吨,7093.29,2023,大连商品交易所最近合约收盘价,国内,棕榈油(大连期结算),2023-12-29,7093.29
12,28,元/吨,7197.28,2023,大连商品交易所最近合约收盘价,国内,棕榈油(大连期结算),2023-12-28,7197.28
12,27,元/吨,7193.28,2023,大连商品交易所最近合约收盘价,国内,棕榈油(大连期结算),2023-12-27,7193.28
12,26,元/吨,7109.28,2023,大连商品交易所最近合约收盘价,国内,棕榈油(大连期结算),2023-12-26,7109.28
12,25,元/吨,7029.29,2023,大连商品交易所最近合约收盘价,国内,棕榈油(大连期结算),2023-12-25,7029.29
12,22,元/吨,7015.29,2023,大连商品交易所最近合约收盘价,国内,棕榈油(大连期结算),2023-12-22,7015.29
12,21,元/吨,7123.28,2023,大连商品交易所最近合约收盘价,国内,棕榈油(大连期结算),2023-12-21,7123.28
12,20,元/吨,7119.28,2023,大连商品交易所最近合约收盘价,国内,棕榈油(大连期结算),2023-12-20,7119.28
12,19,元/吨,7125.28,2023,大连商品交易所最近合约收盘价,国内,棕榈油(大连期结算),2023-12-19,7125.28
12,18,元/吨,7033.29,2023,大连商品交易所最近合约收盘价,国内,棕榈油(大连期结算),2023-12-18,7033.29
12,15,元/吨,7063.29,2023,大连商品交易所最近合约收盘价,国内,棕榈油(大连期结算),2023-12-15,7063.29
12,14,元/吨,7047.29,2023,大连商品交易所最近合约收盘价,国内,棕榈油(大连期结算),2023-12-14,7047.29
12,13,元/吨,7049.29,2023,大连商品交易所最近合约收盘价,国内,棕榈油(大连期结算),2023-12-13,7049.29
12,12,元/吨,7049.29,2023,大连商品交易所最近合约收盘价,国内,棕榈油(大连期结算),2023-12-12,7049.29
12,11,元/吨,7049.29,2023,大连商品交易所最近合约收盘价,国内,棕榈油(大连期结算),2023-12-11,7049.29
12,08,元/吨,7049.29,2023,大连商品交易所最近合约收盘价,国内,棕榈油(大连期结算),2023-12-08,7049.29
12,07,元/吨,7039.29,2023,大连商品交易所最近合约收盘价,国内,棕榈油(大连期结算),2023-12-07,7039.29
12,06,元/吨,7039.29,2023,大连商品交易所最近合约收盘价,国内,棕榈油(大连期结算),2023-12-06,7039.29
12,05,元/吨,7039.29,2023,大连商品交易所最近合约收盘价,国内,棕榈油(大连期结算),2023-12-05,7039.29
12,04,元/吨,7249.27,2023,大连商品交易所最近合约收盘价,国内,棕榈油(大连期结算),2023-12-04,7249.27
12,01,元/吨,7249.27,2023,大连商品交易所最近合约收盘价,国内,棕榈油(大连期结算),2023-12-01,7249.27
11,30,元/吨,7249.27,2023,大连商品交易所最近合约收盘价,国内,棕榈油(大连期结算),2023-11-30,7249.27
11,29,元/吨,7243.27,2023,大连商品交易所最近合约收盘价,国内,棕榈油(大连期结算),2023-11-29,7243.27
11,28,元/吨,7297.27,2023,大连商品交易所最近合约收盘价,国内,棕榈油(大连期结算),2023-11-28,7297.27
11,27,元/吨,7261.27,2023,大连商品交易所最近合约收盘价,国内,棕榈油(大连期结算),2023-11-27,7261.27
11,24,元/吨,7273.27,2023,大连商品交易所最近合约收盘价,国内,棕榈油(大连期结算),2023-11-24,7273.27
11,23,元/吨,7377.26,2023,大连商品交易所最近合约收盘价,国内,棕榈油(大连期结算),2023-11-23,7377.26
11,22,元/吨,7395.26,2023,大连商品交易所最近合约收盘价,国内,棕榈油(大连期结算),2023-11-22,7395.26
11,21,元/吨,7391.26,2023,大连商品交易所最近合约收盘价,国内,棕榈油(大连期结算),2023-11-21,7391.26
11,20,元/吨,7391.26,2023,大连商品交易所最近合约收盘价,国内,棕榈油(大连期结算),2023-11-20,7391.26
11,17,元/吨,7495.25,2023,大连商品交易所最近合约收盘价,国内,棕榈油(大连期结算),2023-11-17,7495.25
11,16,元/吨,7533.24,2023,大连商品交易所最近合约收盘价,国内,棕榈油(大连期结算),2023-11-16,7533.24
11,15,元/吨,7501.24,2023,大连商品交易所最近合约收盘价,国内,棕榈油(大连期结算),2023-11-15,7501.24
11,14,元/吨,7257.27,2023,大连商品交易所最近合约收盘价,国内,棕榈油(大连期结算),2023-11-14,7257.27
11,13,元/吨,7423.25,2023,大连商品交易所最近合约收盘价,国内,棕榈油(大连期结算),2023-11-13,7423.25
11,10,元/吨,7269.27,2023,大连商品交易所最近合约收盘价,国内,棕榈油(大连期结算),2023-11-10,7269.27
11,09,元/吨,7269.27,2023,大连商品交易所最近合约收盘价,国内,棕榈油(大连期结算),2023-11-09,7269.27
11,08,元/吨,7363.26,2023,大连商品交易所最近合约收盘价,国内,棕榈油(大连期结算),2023-11-08,7363.26
11,07,元/吨,7617.23,2023,大连商品交易所最近合约收盘价,国内,棕榈油(大连期结算),2023-11-07,7617.23
11,06,元/吨,7199.28,2023,大连商品交易所最近合约收盘价,国内,棕榈油(大连期结算),2023-11-06,7199.28
11,03,元/吨,7245.27,2023,大连商品交易所最近合约收盘价,国内,棕榈油(大连期结算),2023-11-03,7245.27
11,02,元/吨,7245.27,2023,大连商品交易所最近合约收盘价,国内,棕榈油(大连期结算),2023-11-02,7245.27
11,01,元/吨,7057.29,2023,大连商品交易所最近合约收盘价,国内,棕榈油(大连期结算),2023-11-01,7057.29
10,31,元/吨,7057.29,2023,大连商品交易所最近合约收盘价,国内,棕榈油(大连期结算),2023-10-31,7057.29
10,30,元/吨,7209.27,2023,大连商品交易所最近合约收盘价,国内,棕榈油(大连期结算),2023-10-30,7209.27
10,27,元/吨,7171.28,2023,大连商品交易所最近合约收盘价,国内,棕榈油(大连期结算),2023-10-27,7171.28
10,26,元/吨,7051.29,2023,大连商品交易所最近合约收盘价,国内,棕榈油(大连期结算),2023-10-26,7051.29
10,25,元/吨,7033.29,2023,大连商品交易所最近合约收盘价,国内,棕榈油(大连期结算),2023-10-25,7033.29
10,24,元/吨,7051.29,2023,大连商品交易所最近合约收盘价,国内,棕榈油(大连期结算),2023-10-24,7051.29
10,23,元/吨,7149.28,2023,大连商品交易所最近合约收盘价,国内,棕榈油(大连期结算),2023-10-23,7149.28
10,20,元/吨,7075.29,2023,大连商品交易所最近合约收盘价,国内,棕榈油(大连期结算),2023-10-20,7075.29
10,19,元/吨,7129.28,2023,大连商品交易所最近合约收盘价,国内,棕榈油(大连期结算),2023-10-19,7129.28
10,18,元/吨,7129.28,2023,大连商品交易所最近合约收盘价,国内,棕榈油(大连期结算),2023-10-18,7129.28
10,17,元/吨,7129.28,2023,大连商品交易所最近合约收盘价,国内,棕榈油(大连期结算),2023-10-17,7129.28
10,16,元/吨,7129.28,2023,大连商品交易所最近合约收盘价,国内,棕榈油(大连期结算),2023-10-16,7129.28
10,13,元/吨,7129.28,2023,大连商品交易所最近合约收盘价,国内,棕榈油(大连期结算),2023-10-13,7129.28
10,12,元/吨,7129.28,2023,大连商品交易所最近合约收盘价,国内,棕榈油(大连期结算),2023-10-12,7129.28
10,11,元/吨,6983.30,2023,大连商品交易所最近合约收盘价,国内,棕榈油(大连期结算),2023-10-11,6983.3
10,10,元/吨,6935.30,2023,大连商品交易所最近合约收盘价,国内,棕榈油(大连期结算),2023-10-10,6935.3
10,09,元/吨,7251.27,2023,大连商品交易所最近合约收盘价,国内,棕榈油(大连期结算),2023-10-09,7251.27
10,06,元/吨,7211.27,2023,大连商品交易所最近合约收盘价,国内,棕榈油(大连期结算),2023-10-06,7211.27
09,29,元/吨,7251.27,2023,大连商品交易所最近合约收盘价,国内,棕榈油(大连期结算),2023-09-29,7251.27
09,28,元/吨,7251.27,2023,大连商品交易所最近合约收盘价,国内,棕榈油(大连期结算),2023-09-28,7251.27
09,27,元/吨,7211.27,2023,大连商品交易所最近合约收盘价,国内,棕榈油(大连期结算),2023-09-27,7211.27
09,26,元/吨,7193.28,2023,大连商品交易所最近合约收盘价,国内,棕榈油(大连期结算),2023-09-26,7193.28
09,25,元/吨,7215.27,2023,大连商品交易所最近合约收盘价,国内,棕榈油(大连期结算),2023-09-25,7215.27
09,22,元/吨,7157.28,2023,大连商品交易所最近合约收盘价,国内,棕榈油(大连期结算),2023-09-22,7157.28
09,21,元/吨,7203.27,2023,大连商品交易所最近合约收盘价,国内,棕榈油(大连期结算),2023-09-21,7203.27
09,20,元/吨,7247.27,2023,大连商品交易所最近合约收盘价,国内,棕榈油(大连期结算),2023-09-20,7247.27
09,19,元/吨,7239.27,2023,大连商品交易所最近合约收盘价,国内,棕榈油(大连期结算),2023-09-19,7239.27
09,18,元/吨,7287.27,2023,大连商品交易所最近合约收盘价,国内,棕榈油(大连期结算),2023-09-18,7287.27
09,15,元/吨,7423.25,2023,大连商品交易所最近合约收盘价,国内,棕榈油(大连期结算),2023-09-15,7423.25
09,14,元/吨,7777.22,2023,大连商品交易所最近合约收盘价,国内,棕榈油(大连期结算),2023-09-14,7777.22
09,13,元/吨,7377.26,2023,大连商品交易所最近合约收盘价,国内,棕榈油(大连期结算),2023-09-13,7377.26
09,12,元/吨,7377.26,2023,大连商品交易所最近合约收盘价,国内,棕榈油(大连期结算),2023-09-12,7377.26
09,11,元/吨,7623.23,2023,大连商品交易所最近合约收盘价,国内,棕榈油(大连期结算),2023-09-11,7623.23
09,08,元/吨,7623.23,2023,大连商品交易所最近合约收盘价,国内,棕榈油(大连期结算),2023-09-08,7623.23
09,07,元/吨,7623.23,2023,大连商品交易所最近合约收盘价,国内,棕榈油(大连期结算),2023-09-07,7623.23
09,06,元/吨,7691.23,2023,大连商品交易所最近合约收盘价,国内,棕榈油(大连期结算),2023-09-06,7691.23
09,05,元/吨,7737.22,2023,大连商品交易所最近合约收盘价,国内,棕榈油(大连期结算),2023-09-05,7737.22
09,04,元/吨,7737.22,2023,大连商品交易所最近合约收盘价,国内,棕榈油(大连期结算),2023-09-04,7737.22
09,01,元/吨,7867.21,2023,大连商品交易所最近合约收盘价,国内,棕榈油(大连期结算),2023-09-01,7867.21
08,31,元/吨,7871.21,2023,大连商品交易所最近合约收盘价,国内,棕榈油(大连期结算),2023-08-31,7871.21
08,30,元/吨,7793.22,2023,大连商品交易所最近合约收盘价,国内,棕榈油(大连期结算),2023-08-30,7793.22
08,29,元/吨,7793.22,2023,大连商品交易所最近合约收盘价,国内,棕榈油(大连期结算),2023-08-29,7793.22
08,28,元/吨,7827.21,2023,大连商品交易所最近合约收盘价,国内,棕榈油(大连期结算),2023-08-28,7827.21
08,25,元/吨,7743.22,2023,大连商品交易所最近合约收盘价,国内,棕榈油(大连期结算),2023-08-25,7743.22
08,24,元/吨,7725.22,2023,大连商品交易所最近合约收盘价,国内,棕榈油(大连期结算),2023-08-24,7725.22
08,23,元/吨,7647.23,2023,大连商品交易所最近合约收盘价,国内,棕榈油(大连期结算),2023-08-23,7647.23
08,22,元/吨,7695.23,2023,大连商品交易所最近合约收盘价,国内,棕榈油(大连期结算),2023-08-22,7695.23
08,21,元/吨,7707.22,2023,大连商品交易所最近合约收盘价,国内,棕榈油(大连期结算),2023-08-21,7707.22
08,18,元/吨,7669.23,2023,大连商品交易所最近合约收盘价,国内,棕榈油(大连期结算),2023-08-18,7669.23
08,17,元/吨,7627.23,2023,大连商品交易所最近合约收盘价,国内,棕榈油(大连期结算),2023-08-17,7627.23
08,16,元/吨,7595.24,2023,大连商品交易所最近合约收盘价,国内,棕榈油(大连期结算),2023-08-16,7595.24
08,15,元/吨,7463.25,2023,大连商品交易所最近合约收盘价,国内,棕榈油(大连期结算),2023-08-15,7463.25
08,14,元/吨,7665.23,2023,大连商品交易所最近合约收盘价,国内,棕榈油(大连期结算),2023-08-14,7665.23
08,11,元/吨,7609.23,2023,大连商品交易所最近合约收盘价,国内,棕榈油(大连期结算),2023-08-11,7609.23
08,10,元/吨,7609.23,2023,大连商品交易所最近合约收盘价,国内,棕榈油(大连期结算),2023-08-10,7609.23
08,09,元/吨,7609.23,2023,大连商品交易所最近合约收盘价,国内,棕榈油(大连期结算),2023-08-09,7609.23
08,08,元/吨,7609.23,2023,大连商品交易所最近合约收盘价,国内,棕榈油(大连期结算),2023-08-08,7609.23
08,07,元/吨,7609.23,2023,大连商品交易所最近合约收盘价,国内,棕榈油(大连期结算),2023-08-07,7609.23
08,04,元/吨,7609.23,2023,大连商品交易所最近合约收盘价,国内,棕榈油(大连期结算),2023-08-04,7609.23
08,03,元/吨,7609.23,2023,大连商品交易所最近合约收盘价,国内,棕榈油(大连期结算),2023-08-03,7609.23
08,02,元/吨,7717.22,2023,大连商品交易所最近合约收盘价,国内,棕榈油(大连期结算),2023-08-02,7717.22
08,01,元/吨,7459.25,2023,大连商品交易所最近合约收盘价,国内,棕榈油(大连期结算),2023-08-01,7459.25
07,31,元/吨,7509.24,2023,大连商品交易所最近合约收盘价,国内,棕榈油(大连期结算),2023-07-31,7509.24
07,28,元/吨,7635.23,2023,大连商品交易所最近合约收盘价,国内,棕榈油(大连期结算),2023-07-28,7635.23
07,27,元/吨,7763.22,2023,大连商品交易所最近合约收盘价,国内,棕榈油(大连期结算),2023-07-27,7763.22
07,26,元/吨,7673.23,2023,大连商品交易所最近合约收盘价,国内,棕榈油(大连期结算),2023-07-26,7673.23
07,25,元/吨,7627.23,2023,大连商品交易所最近合约收盘价,国内,棕榈油(大连期结算),2023-07-25,7627.23
07,24,元/吨,7613.23,2023,大连商品交易所最近合约收盘价,国内,棕榈油(大连期结算),2023-07-24,7613.23
07,21,元/吨,7729.22,2023,大连商品交易所最近合约收盘价,国内,棕榈油(大连期结算),2023-07-21,7729.22
07,20,元/吨,7743.22,2023,大连商品交易所最近合约收盘价,国内,棕榈油(大连期结算),2023-07-20,7743.22
07,19,元/吨,7607.23,2023,大连商品交易所最近合约收盘价,国内,棕榈油(大连期结算),2023-07-19,7607.23
07,18,元/吨,7603.23,2023,大连商品交易所最近合约收盘价,国内,棕榈油(大连期结算),2023-07-18,7603.23
07,17,元/吨,7541.24,2023,大连商品交易所最近合约收盘价,国内,棕榈油(大连期结算),2023-07-17,7541.24
07,14,元/吨,7667.23,2023,大连商品交易所最近合约收盘价,国内,棕榈油(大连期结算),2023-07-14,7667.23
07,13,元/吨,7479.25,2023,大连商品交易所最近合约收盘价,国内,棕榈油(大连期结算),2023-07-13,7479.25
07,12,元/吨,7565.24,2023,大连商品交易所最近合约收盘价,国内,棕榈油(大连期结算),2023-07-12,7565.24
07,11,元/吨,7605.23,2023,大连商品交易所最近合约收盘价,国内,棕榈油(大连期结算),2023-07-11,7605.23
07,10,元/吨,7605.23,2023,大连商品交易所最近合约收盘价,国内,棕榈油(大连期结算),2023-07-10,7605.23
07,07,元/吨,7695.23,2023,大连商品交易所最近合约收盘价,国内,棕榈油(大连期结算),2023-07-07,7695.23
07,06,元/吨,7695.23,2023,大连商品交易所最近合约收盘价,国内,棕榈油(大连期结算),2023-07-06,7695.23
07,05,元/吨,7695.23,2023,大连商品交易所最近合约收盘价,国内,棕榈油(大连期结算),2023-07-05,7695.23
07,04,元/吨,7695.23,2023,大连商品交易所最近合约收盘价,国内,棕榈油(大连期结算),2023-07-04,7695.23
07,03,元/吨,7785.22,2023,大连商品交易所最近合约收盘价,国内,棕榈油(大连期结算),2023-07-03,7785.22
06,30,元/吨,7435.25,2023,大连商品交易所最近合约收盘价,国内,棕榈油(大连期结算),2023-06-30,7435.25
06,29,元/吨,7393.26,2023,大连商品交易所最近合约收盘价,国内,棕榈油(大连期结算),2023-06-29,7393.26
06,28,元/吨,7389.26,2023,大连商品交易所最近合约收盘价,国内,棕榈油(大连期结算),2023-06-28,7389.26
06,27,元/吨,7295.27,2023,大连商品交易所最近合约收盘价,国内,棕榈油(大连期结算),2023-06-27,7295.27
06,26,元/吨,7201.27,2023,大连商品交易所最近合约收盘价,国内,棕榈油(大连期结算),2023-06-26,7201.27
06,23,元/吨,7357.26,2023,大连商品交易所最近合约收盘价,国内,棕榈油(大连期结算),2023-06-23,7357.26
06,22,元/吨,7187.28,2023,大连商品交易所最近合约收盘价,国内,棕榈油(大连期结算),2023-06-22,7187.28
06,21,元/吨,7187.28,2023,大连商品交易所最近合约收盘价,国内,棕榈油(大连期结算),2023-06-21,7187.28
06,20,元/吨,7357.26,2023,大连商品交易所最近合约收盘价,国内,棕榈油(大连期结算),2023-06-20,7357.26
06,19,元/吨,7303.26,2023,大连商品交易所最近合约收盘价,国内,棕榈油(大连期结算),2023-06-19,7303.26
06,16,元/吨,7095.29,2023,大连商品交易所最近合约收盘价,国内,棕榈油(大连期结算),2023-06-16,7095.29
06,15,元/吨,6843.31,2023,大连商品交易所最近合约收盘价,国内,棕榈油(大连期结算),2023-06-15,6843.31
06,14,元/吨,6899.31,2023,大连商品交易所最近合约收盘价,国内,棕榈油(大连期结算),2023-06-14,6899.31
06,13,元/吨,6863.31,2023,大连商品交易所最近合约收盘价,国内,棕榈油(大连期结算),2023-06-13,6863.31
06,12,元/吨,6863.31,2023,大连商品交易所最近合约收盘价,国内,棕榈油(大连期结算),2023-06-12,6863.31
06,09,元/吨,6949.30,2023,大连商品交易所最近合约收盘价,国内,棕榈油(大连期结算),2023-06-09,6949.3
06,08,元/吨,7199.28,2023,大连商品交易所最近合约收盘价,国内,棕榈油(大连期结算),2023-06-08,7199.28
06,07,元/吨,6989.30,2023,大连商品交易所最近合约收盘价,国内,棕榈油(大连期结算),2023-06-07,6989.3
06,06,元/吨,6989.30,2023,大连商品交易所最近合约收盘价,国内,棕榈油(大连期结算),2023-06-06,6989.3
06,05,元/吨,6989.30,2023,大连商品交易所最近合约收盘价,国内,棕榈油(大连期结算),2023-06-05,6989.3
06,02,元/吨,6989.30,2023,大连商品交易所最近合约收盘价,国内,棕榈油(大连期结算),2023-06-02,6989.3
06,01,元/吨,6629.33,2023,大连商品交易所最近合约收盘价,国内,棕榈油(大连期结算),2023-06-01,6629.33
05,31,元/吨,6939.30,2023,大连商品交易所最近合约收盘价,国内,棕榈油(大连期结算),2023-05-31,6939.3
05,30,元/吨,7095.29,2023,大连商品交易所最近合约收盘价,国内,棕榈油(大连期结算),2023-05-30,7095.29
05,29,元/吨,7149.28,2023,大连商品交易所最近合约收盘价,国内,棕榈油(大连期结算),2023-05-29,7149.28
05,26,元/吨,7175.28,2023,大连商品交易所最近合约收盘价,国内,棕榈油(大连期结算),2023-05-26,7175.28
05,25,元/吨,7069.29,2023,大连商品交易所最近合约收盘价,国内,棕榈油(大连期结算),2023-05-25,7069.29
05,24,元/吨,7123.28,2023,大连商品交易所最近合约收盘价,国内,棕榈油(大连期结算),2023-05-24,7123.28
05,23,元/吨,7099.29,2023,大连商品交易所最近合约收盘价,国内,棕榈油(大连期结算),2023-05-23,7099.29
05,22,元/吨,7209.27,2023,大连商品交易所最近合约收盘价,国内,棕榈油(大连期结算),2023-05-22,7209.27
05,19,元/吨,7253.27,2023,大连商品交易所最近合约收盘价,国内,棕榈油(大连期结算),2023-05-19,7253.27
05,18,元/吨,7253.27,2023,大连商品交易所最近合约收盘价,国内,棕榈油(大连期结算),2023-05-18,7253.27
05,17,元/吨,7449.25,2023,大连商品交易所最近合约收盘价,国内,棕榈油(大连期结算),2023-05-17,7449.25
05,16,元/吨,7347.26,2023,大连商品交易所最近合约收盘价,国内,棕榈油(大连期结算),2023-05-16,7347.26
05,15,元/吨,7347.26,2023,大连商品交易所最近合约收盘价,国内,棕榈油(大连期结算),2023-05-15,7347.26
05,12,元/吨,7347.26,2023,大连商品交易所最近合约收盘价,国内,棕榈油(大连期结算),2023-05-12,7347.26
05,11,元/吨,7579.24,2023,大连商品交易所最近合约收盘价,国内,棕榈油(大连期结算),2023-05-11,7579.24
05,10,元/吨,7579.24,2023,大连商品交易所最近合约收盘价,国内,棕榈油(大连期结算),2023-05-10,7579.24
05,09,元/吨,7579.24,2023,大连商品交易所最近合约收盘价,国内,棕榈油(大连期结算),2023-05-09,7579.24
05,08,元/吨,7549.24,2023,大连商品交易所最近合约收盘价,国内,棕榈油(大连期结算),2023-05-08,7549.24
05,05,元/吨,7301.26,2023,大连商品交易所最近合约收盘价,国内,棕榈油(大连期结算),2023-05-05,7301.26
05,04,元/吨,7271.27,2023,大连商品交易所最近合约收盘价,国内,棕榈油(大连期结算),2023-05-04,7271.27
05,03,元/吨,7185.28,2023,大连商品交易所最近合约收盘价,国内,棕榈油(大连期结算),2023-05-03,7185.28
04,28,元/吨,7249.27,2023,大连商品交易所最近合约收盘价,国内,棕榈油(大连期结算),2023-04-28,7249.27
04,27,元/吨,7405.25,2023,大连商品交易所最近合约收盘价,国内,棕榈油(大连期结算),2023-04-27,7405.25
04,26,元/吨,7465.25,2023,大连商品交易所最近合约收盘价,国内,棕榈油(大连期结算),2023-04-26,7465.25
04,25,元/吨,7473.25,2023,大连商品交易所最近合约收盘价,国内,棕榈油(大连期结算),2023-04-25,7473.25
04,24,元/吨,7567.24,2023,大连商品交易所最近合约收盘价,国内,棕榈油(大连期结算),2023-04-24,7567.24
04,21,元/吨,7747.22,2023,大连商品交易所最近合约收盘价,国内,棕榈油(大连期结算),2023-04-21,7747.22
04,20,元/吨,7819.21,2023,大连商品交易所最近合约收盘价,国内,棕榈油(大连期结算),2023-04-20,7819.21
04,19,元/吨,7871.21,2023,大连商品交易所最近合约收盘价,国内,棕榈油(大连期结算),2023-04-19,7871.21
04,18,元/吨,7751.22,2023,大连商品交易所最近合约收盘价,国内,棕榈油(大连期结算),2023-04-18,7751.22
04,17,元/吨,7645.23,2023,大连商品交易所最近合约收盘价,国内,棕榈油(大连期结算),2023-04-17,7645.23
04,14,元/吨,7831.21,2023,大连商品交易所最近合约收盘价,国内,棕榈油(大连期结算),2023-04-14,7831.21
04,13,元/吨,7831.21,2023,大连商品交易所最近合约收盘价,国内,棕榈油(大连期结算),2023-04-13,7831.21
04,12,元/吨,7831.21,2023,大连商品交易所最近合约收盘价,国内,棕榈油(大连期结算),2023-04-12,7831.21
04,11,元/吨,7803.21,2023,大连商品交易所最近合约收盘价,国内,棕榈油(大连期结算),2023-04-11,7803.21
04,10,元/吨,7803.21,2023,大连商品交易所最近合约收盘价,国内,棕榈油(大连期结算),2023-04-10,7803.21
04,07,元/吨,7803.21,2023,大连商品交易所最近合约收盘价,国内,棕榈油(大连期结算),2023-04-07,7803.21
04,06,元/吨,7803.21,2023,大连商品交易所最近合约收盘价,国内,棕榈油(大连期结算),2023-04-06,7803.21
04,05,元/吨,7817.21,2023,大连商品交易所最近合约收盘价,国内,棕榈油(大连期结算),2023-04-05,7817.21
04,04,元/吨,7817.21,2023,大连商品交易所最近合约收盘价,国内,棕榈油(大连期结算),2023-04-04,7817.21
04,03,元/吨,7757.22,2023,大连商品交易所最近合约收盘价,国内,棕榈油(大连期结算),2023-04-03,7757.22
03,31,元/吨,7681.23,2023,大连商品交易所最近合约收盘价,国内,棕榈油(大连期结算),2023-03-31,7681.23
03,30,元/吨,7603.23,2023,大连商品交易所最近合约收盘价,国内,棕榈油(大连期结算),2023-03-30,7603.23
03,29,元/吨,7577.24,2023,大连商品交易所最近合约收盘价,国内,棕榈油(大连期结算),2023-03-29,7577.24
03,28,元/吨,7499.25,2023,大连商品交易所最近合约收盘价,国内,棕榈油(大连期结算),2023-03-28,7499.25
03,27,元/吨,7387.26,2023,大连商品交易所最近合约收盘价,国内,棕榈油(大连期结算),2023-03-27,7387.26
03,24,元/吨,7231.27,2023,大连商品交易所最近合约收盘价,国内,棕榈油(大连期结算),2023-03-24,7231.27
03,23,元/吨,7381.26,2023,大连商品交易所最近合约收盘价,国内,棕榈油(大连期结算),2023-03-23,7381.26
03,22,元/吨,7627.23,2023,大连商品交易所最近合约收盘价,国内,棕榈油(大连期结算),2023-03-22,7627.23
03,21,元/吨,7751.22,2023,大连商品交易所最近合约收盘价,国内,棕榈油(大连期结算),2023-03-21,7751.22
03,20,元/吨,7799.22,2023,大连商品交易所最近合约收盘价,国内,棕榈油(大连期结算),2023-03-20,7799.22
03,17,元/吨,7817.21,2023,大连商品交易所最近合约收盘价,国内,棕榈油(大连期结算),2023-03-17,7817.21
03,16,元/吨,7809.21,2023,大连商品交易所最近合约收盘价,国内,棕榈油(大连期结算),2023-03-16,7809.21
03,15,元/吨,7813.21,2023,大连商品交易所最近合约收盘价,国内,棕榈油(大连期结算),2023-03-15,7813.21
03,14,元/吨,7761.22,2023,大连商品交易所最近合约收盘价,国内,棕榈油(大连期结算),2023-03-14,7761.22
03,13,元/吨,7841.21,2023,大连商品交易所最近合约收盘价,国内,棕榈油(大连期结算),2023-03-13,7841.21
03,10,元/吨,7871.21,2023,大连商品交易所最近合约收盘价,国内,棕榈油(大连期结算),2023-03-10,7871.21
03,09,元/吨,8039.19,2023,大连商品交易所最近合约收盘价,国内,棕榈油(大连期结算),2023-03-09,8039.19
03,08,元/吨,8179.18,2023,大连商品交易所最近合约收盘价,国内,棕榈油(大连期结算),2023-03-08,8179.18
03,07,元/吨,8299.17,2023,大连商品交易所最近合约收盘价,国内,棕榈油(大连期结算),2023-03-07,8299.17
03,06,元/吨,8309.16,2023,大连商品交易所最近合约收盘价,国内,棕榈油(大连期结算),2023-03-06,8309.16
03,03,元/吨,8321.16,2023,大连商品交易所最近合约收盘价,国内,棕榈油(大连期结算),2023-03-03,8321.16
03,02,元/吨,8255.17,2023,大连商品交易所最近合约收盘价,国内,棕榈油(大连期结算),2023-03-02,8255.17
03,01,元/吨,8181.18,2023,大连商品交易所最近合约收盘价,国内,棕榈油(大连期结算),2023-03-01,8181.18
02,28,元/吨,8153.18,2023,大连商品交易所最近合约收盘价,国内,棕榈油(大连期结算),2023-02-28,8153.18
02,27,元/吨,8205.17,2023,大连商品交易所最近合约收盘价,国内,棕榈油(大连期结算),2023-02-27,8205.17
02,24,元/吨,8217.17,2023,大连商品交易所最近合约收盘价,国内,棕榈油(大连期结算),2023-02-24,8217.17
02,23,元/吨,8223.17,2023,大连商品交易所最近合约收盘价,国内,棕榈油(大连期结算),2023-02-23,8223.17
02,22,元/吨,8193.18,2023,大连商品交易所最近合约收盘价,国内,棕榈油(大连期结算),2023-02-22,8193.18
02,21,元/吨,8163.18,2023,大连商品交易所最近合约收盘价,国内,棕榈油(大连期结算),2023-02-21,8163.18
02,20,元/吨,8033.19,2023,大连商品交易所最近合约收盘价,国内,棕榈油(大连期结算),2023-02-20,8033.19
02,17,元/吨,7965.20,2023,大连商品交易所最近合约收盘价,国内,棕榈油(大连期结算),2023-02-17,7965.2
02,16,元/吨,7861.21,2023,大连商品交易所最近合约收盘价,国内,棕榈油(大连期结算),2023-02-16,7861.21
02,15,元/吨,7855.21,2023,大连商品交易所最近合约收盘价,国内,棕榈油(大连期结算),2023-02-15,7855.21
02,14,元/吨,7815.21,2023,大连商品交易所最近合约收盘价,国内,棕榈油(大连期结算),2023-02-14,7815.21
02,13,元/吨,7773.22,2023,大连商品交易所最近合约收盘价,国内,棕榈油(大连期结算),2023-02-13,7773.22
02,10,元/吨,7773.22,2023,大连商品交易所最近合约收盘价,国内,棕榈油(大连期结算),2023-02-10,7773.22
02,09,元/吨,7867.21,2023,大连商品交易所最近合约收盘价,国内,棕榈油(大连期结算),2023-02-09,7867.21
02,08,元/吨,7867.21,2023,大连商品交易所最近合约收盘价,国内,棕榈油(大连期结算),2023-02-08,7867.21
02,07,元/吨,7827.21,2023,大连商品交易所最近合约收盘价,国内,棕榈油(大连期结算),2023-02-07,7827.21
02,06,元/吨,7599.24,2023,大连商品交易所最近合约收盘价,国内,棕榈油(大连期结算),2023-02-06,7599.24
02,03,元/吨,7599.24,2023,大连商品交易所最近合约收盘价,国内,棕榈油(大连期结算),2023-02-03,7599.24
02,02,元/吨,7599.24,2023,大连商品交易所最近合约收盘价,国内,棕榈油(大连期结算),2023-02-02,7599.24
02,01,元/吨,7607.23,2023,大连商品交易所最近合约收盘价,国内,棕榈油(大连期结算),2023-02-01,7607.23
01,31,元/吨,7805.21,2023,大连商品交易所最近合约收盘价,国内,棕榈油(大连期结算),2023-01-31,7805.21
01,30,元/吨,7815.21,2023,大连商品交易所最近合约收盘价,国内,棕榈油(大连期结算),2023-01-30,7815.21
01,20,元/吨,7693.23,2023,大连商品交易所最近合约收盘价,国内,棕榈油(大连期结算),2023-01-20,7693.23
01,19,元/吨,7697.23,2023,大连商品交易所最近合约收盘价,国内,棕榈油(大连期结算),2023-01-19,7697.23
01,18,元/吨,7699.23,2023,大连商品交易所最近合约收盘价,国内,棕榈油(大连期结算),2023-01-18,7699.23
01,17,元/吨,7611.23,2023,大连商品交易所最近合约收盘价,国内,棕榈油(大连期结算),2023-01-17,7611.23
01,16,元/吨,7595.24,2023,大连商品交易所最近合约收盘价,国内,棕榈油(大连期结算),2023-01-16,7595.24
01,13,元/吨,7453.25,2023,大连商品交易所最近合约收盘价,国内,棕榈油(大连期结算),2023-01-13,7453.25
01,12,元/吨,7711.22,2023,大连商品交易所最近合约收盘价,国内,棕榈油(大连期结算),2023-01-12,7711.22
01,11,元/吨,7483.25,2023,大连商品交易所最近合约收盘价,国内,棕榈油(大连期结算),2023-01-11,7483.25
01,10,元/吨,7761.22,2023,大连商品交易所最近合约收盘价,国内,棕榈油(大连期结算),2023-01-10,7761.22
01,09,元/吨,7761.22,2023,大连商品交易所最近合约收盘价,国内,棕榈油(大连期结算),2023-01-09,7761.22
01,06,元/吨,7761.22,2023,大连商品交易所最近合约收盘价,国内,棕榈油(大连期结算),2023-01-06,7761.22
01,05,元/吨,7891.21,2023,大连商品交易所最近合约收盘价,国内,棕榈油(大连期结算),2023-01-05,7891.21
01,04,元/吨,7717.22,2023,大连商品交易所最近合约收盘价,国内,棕榈油(大连期结算),2023-01-04,7717.22
01,03,元/吨,7947.20,2023,大连商品交易所最近合约收盘价,国内,棕榈油(大连期结算),2023-01-03,7947.2
12,30,元/吨,7933.20,2022,大连商品交易所最近合约收盘价,国内,棕榈油(大连期结算),2022-12-30,7933.2
12,29,元/吨,7917.20,2022,大连商品交易所最近合约收盘价,国内,棕榈油(大连期结算),2022-12-29,7917.2
12,28,元/吨,8003.19,2022,大连商品交易所最近合约收盘价,国内,棕榈油(大连期结算),2022-12-28,8003.19
12,27,元/吨,7873.21,2022,大连商品交易所最近合约收盘价,国内,棕榈油(大连期结算),2022-12-27,7873.21
12,26,元/吨,7621.23,2022,大连商品交易所最近合约收盘价,国内,棕榈油(大连期结算),2022-12-26,7621.23
12,23,元/吨,7485.25,2022,大连商品交易所最近合约收盘价,国内,棕榈油(大连期结算),2022-12-23,7485.25
12,22,元/吨,7639.23,2022,大连商品交易所最近合约收盘价,国内,棕榈油(大连期结算),2022-12-22,7639.23
12,21,元/吨,7581.24,2022,大连商品交易所最近合约收盘价,国内,棕榈油(大连期结算),2022-12-21,7581.24
12,20,元/吨,7623.23,2022,大连商品交易所最近合约收盘价,国内,棕榈油(大连期结算),2022-12-20,7623.23
12,19,元/吨,7613.23,2022,大连商品交易所最近合约收盘价,国内,棕榈油(大连期结算),2022-12-19,7613.23
12,16,元/吨,7685.23,2022,大连商品交易所最近合约收盘价,国内,棕榈油(大连期结算),2022-12-16,7685.23
12,15,元/吨,7721.22,2022,大连商品交易所最近合约收盘价,国内,棕榈油(大连期结算),2022-12-15,7721.22
12,14,元/吨,7709.22,2022,大连商品交易所最近合约收盘价,国内,棕榈油(大连期结算),2022-12-14,7709.22
12,13,元/吨,8393.16,2022,大连商品交易所最近合约收盘价,国内,棕榈油(大连期结算),2022-12-13,8393.16
12,12,元/吨,8393.16,2022,大连商品交易所最近合约收盘价,国内,棕榈油(大连期结算),2022-12-12,8393.16
12,09,元/吨,8393.16,2022,大连商品交易所最近合约收盘价,国内,棕榈油(大连期结算),2022-12-09,8393.16
12,08,元/吨,8393.16,2022,大连商品交易所最近合约收盘价,国内,棕榈油(大连期结算),2022-12-08,8393.16
12,07,元/吨,8393.16,2022,大连商品交易所最近合约收盘价,国内,棕榈油(大连期结算),2022-12-07,8393.16
12,06,元/吨,8393.16,2022,大连商品交易所最近合约收盘价,国内,棕榈油(大连期结算),2022-12-06,8393.16
12,05,元/吨,8393.16,2022,大连商品交易所最近合约收盘价,国内,棕榈油(大连期结算),2022-12-05,8393.16
12,02,元/吨,8393.16,2022,大连商品交易所最近合约收盘价,国内,棕榈油(大连期结算),2022-12-02,8393.16
12,01,元/吨,8393.16,2022,大连商品交易所最近合约收盘价,国内,棕榈油(大连期结算),2022-12-01,8393.16
11,30,元/吨,8393.16,2022,大连商品交易所最近合约收盘价,国内,棕榈油(大连期结算),2022-11-30,8393.16
11,29,元/吨,8211.17,2022,大连商品交易所最近合约收盘价,国内,棕榈油(大连期结算),2022-11-29,8211.17
11,28,元/吨,8161.18,2022,大连商品交易所最近合约收盘价,国内,棕榈油(大连期结算),2022-11-28,8161.18
11,25,元/吨,8237.17,2022,大连商品交易所最近合约收盘价,国内,棕榈油(大连期结算),2022-11-25,8237.17
11,24,元/吨,8229.17,2022,大连商品交易所最近合约收盘价,国内,棕榈油(大连期结算),2022-11-24,8229.17
11,23,元/吨,8043.19,2022,大连商品交易所最近合约收盘价,国内,棕榈油(大连期结算),2022-11-23,8043.19
11,22,元/吨,7869.21,2022,大连商品交易所最近合约收盘价,国内,棕榈油(大连期结算),2022-11-22,7869.21
11,21,元/吨,7865.21,2022,大连商品交易所最近合约收盘价,国内,棕榈油(大连期结算),2022-11-21,7865.21
11,18,元/吨,7929.20,2022,大连商品交易所最近合约收盘价,国内,棕榈油(大连期结算),2022-11-18,7929.2
11,17,元/吨,8023.19,2022,大连商品交易所最近合约收盘价,国内,棕榈油(大连期结算),2022-11-17,8023.19
11,16,元/吨,8171.18,2022,大连商品交易所最近合约收盘价,国内,棕榈油(大连期结算),2022-11-16,8171.18
11,15,元/吨,8247.17,2022,大连商品交易所最近合约收盘价,国内,棕榈油(大连期结算),2022-11-15,8247.17
11,14,元/吨,8533.14,2022,大连商品交易所最近合约收盘价,国内,棕榈油(大连期结算),2022-11-14,8533.14
11,11,元/吨,8281.17,2022,大连商品交易所最近合约收盘价,国内,棕榈油(大连期结算),2022-11-11,8281.17
11,10,元/吨,8087.19,2022,大连商品交易所最近合约收盘价,国内,棕榈油(大连期结算),2022-11-10,8087.19
11,09,元/吨,8267.17,2022,大连商品交易所最近合约收盘价,国内,棕榈油(大连期结算),2022-11-09,8267.17
11,08,元/吨,8435.15,2022,大连商品交易所最近合约收盘价,国内,棕榈油(大连期结算),2022-11-08,8435.15
11,07,元/吨,8331.16,2022,大连商品交易所最近合约收盘价,国内,棕榈油(大连期结算),2022-11-07,8331.16
11,04,元/吨,8477.15,2022,大连商品交易所最近合约收盘价,国内,棕榈油(大连期结算),2022-11-04,8477.15
11,03,元/吨,8477.15,2022,大连商品交易所最近合约收盘价,国内,棕榈油(大连期结算),2022-11-03,8477.15
11,02,元/吨,8437.15,2022,大连商品交易所最近合约收盘价,国内,棕榈油(大连期结算),2022-11-02,8437.15
11,01,元/吨,8275.17,2022,大连商品交易所最近合约收盘价,国内,棕榈油(大连期结算),2022-11-01,8275.17
10,31,元/吨,8055.19,2022,大连商品交易所最近合约收盘价,国内,棕榈油(大连期结算),2022-10-31,8055.19
10,28,元/吨,8063.19,2022,大连商品交易所最近合约收盘价,国内,棕榈油(大连期结算),2022-10-28,8063.19
10,27,元/吨,8215.17,2022,大连商品交易所最近合约收盘价,国内,棕榈油(大连期结算),2022-10-27,8215.17
10,26,元/吨,8263.17,2022,大连商品交易所最近合约收盘价,国内,棕榈油(大连期结算),2022-10-26,8263.17
10,25,元/吨,8209.17,2022,大连商品交易所最近合约收盘价,国内,棕榈油(大连期结算),2022-10-25,8209.17
10,24,元/吨,8255.17,2022,大连商品交易所最近合约收盘价,国内,棕榈油(大连期结算),2022-10-24,8255.17
10,21,元/吨,8329.16,2022,大连商品交易所最近合约收盘价,国内,棕榈油(大连期结算),2022-10-21,8329.16
10,20,元/吨,8099.19,2022,大连商品交易所最近合约收盘价,国内,棕榈油(大连期结算),2022-10-20,8099.19
10,19,元/吨,8099.19,2022,大连商品交易所最近合约收盘价,国内,棕榈油(大连期结算),2022-10-19,8099.19
10,18,元/吨,8099.19,2022,大连商品交易所最近合约收盘价,国内,棕榈油(大连期结算),2022-10-18,8099.19
10,17,元/吨,8099.19,2022,大连商品交易所最近合约收盘价,国内,棕榈油(大连期结算),2022-10-17,8099.19
10,14,元/吨,7901.20,2022,大连商品交易所最近合约收盘价,国内,棕榈油(大连期结算),2022-10-14,7901.2
10,13,元/吨,8167.18,2022,大连商品交易所最近合约收盘价,国内,棕榈油(大连期结算),2022-10-13,8167.18
10,12,元/吨,8167.18,2022,大连商品交易所最近合约收盘价,国内,棕榈油(大连期结算),2022-10-12,8167.18
10,11,元/吨,8167.18,2022,大连商品交易所最近合约收盘价,国内,棕榈油(大连期结算),2022-10-11,8167.18
10,10,元/吨,7465.25,2022,大连商品交易所最近合约收盘价,国内,棕榈油(大连期结算),2022-10-10,7465.25
09,30,元/吨,7369.26,2022,大连商品交易所最近合约收盘价,国内,棕榈油(大连期结算),2022-09-30,7369.26
09,29,元/吨,7327.26,2022,大连商品交易所最近合约收盘价,国内,棕榈油(大连期结算),2022-09-29,7327.26
09,28,元/吨,7449.25,2022,大连商品交易所最近合约收盘价,国内,棕榈油(大连期结算),2022-09-28,7449.25
09,27,元/吨,7441.25,2022,大连商品交易所最近合约收盘价,国内,棕榈油(大连期结算),2022-09-27,7441.25
09,26,元/吨,7725.22,2022,大连商品交易所最近合约收盘价,国内,棕榈油(大连期结算),2022-09-26,7725.22
09,23,元/吨,8095.19,2022,大连商品交易所最近合约收盘价,国内,棕榈油(大连期结算),2022-09-23,8095.19
09,22,元/吨,8183.18,2022,大连商品交易所最近合约收盘价,国内,棕榈油(大连期结算),2022-09-22,8183.18
09,21,元/吨,8005.19,2022,大连商品交易所最近合约收盘价,国内,棕榈油(大连期结算),2022-09-21,8005.19
09,20,元/吨,7965.20,2022,大连商品交易所最近合约收盘价,国内,棕榈油(大连期结算),2022-09-20,7965.2
09,19,元/吨,8111.18,2022,大连商品交易所最近合约收盘价,国内,棕榈油(大连期结算),2022-09-19,8111.18
09,16,元/吨,8141.18,2022,大连商品交易所最近合约收盘价,国内,棕榈油(大连期结算),2022-09-16,8141.18
09,15,元/吨,8243.17,2022,大连商品交易所最近合约收盘价,国内,棕榈油(大连期结算),2022-09-15,8243.17
09,14,元/吨,8089.19,2022,大连商品交易所最近合约收盘价,国内,棕榈油(大连期结算),2022-09-14,8089.19
09,13,元/吨,8243.17,2022,大连商品交易所最近合约收盘价,国内,棕榈油(大连期结算),2022-09-13,8243.17
09,09,元/吨,7943.20,2022,大连商品交易所最近合约收盘价,国内,棕榈油(大连期结算),2022-09-09,7943.2
09,08,元/吨,8087.19,2022,大连商品交易所最近合约收盘价,国内,棕榈油(大连期结算),2022-09-08,8087.19
09,07,元/吨,8187.18,2022,大连商品交易所最近合约收盘价,国内,棕榈油(大连期结算),2022-09-07,8187.18
09,06,元/吨,8375.16,2022,大连商品交易所最近合约收盘价,国内,棕榈油(大连期结算),2022-09-06,8375.16
09,05,元/吨,8231.17,2022,大连商品交易所最近合约收盘价,国内,棕榈油(大连期结算),2022-09-05,8231.17
09,02,元/吨,8393.16,2022,大连商品交易所最近合约收盘价,国内,棕榈油(大连期结算),2022-09-02,8393.16
09,01,元/吨,8803.11,2022,大连商品交易所最近合约收盘价,国内,棕榈油(大连期结算),2022-09-01,8803.11
08,31,元/吨,8769.12,2022,大连商品交易所最近合约收盘价,国内,棕榈油(大连期结算),2022-08-31,8769.12
08,30,元/吨,8849.11,2022,大连商品交易所最近合约收盘价,国内,棕榈油(大连期结算),2022-08-30,8849.11
08,29,元/吨,8875.11,2022,大连商品交易所最近合约收盘价,国内,棕榈油(大连期结算),2022-08-29,8875.11
08,26,元/吨,8877.11,2022,大连商品交易所最近合约收盘价,国内,棕榈油(大连期结算),2022-08-26,8877.11
08,25,元/吨,8825.11,2022,大连商品交易所最近合约收盘价,国内,棕榈油(大连期结算),2022-08-25,8825.11
08,24,元/吨,8797.12,2022,大连商品交易所最近合约收盘价,国内,棕榈油(大连期结算),2022-08-24,8797.12
08,23,元/吨,8683.13,2022,大连商品交易所最近合约收盘价,国内,棕榈油(大连期结算),2022-08-23,8683.13
08,22,元/吨,8569.14,2022,大连商品交易所最近合约收盘价,国内,棕榈油(大连期结算),2022-08-22,8569.14
08,19,元/吨,8411.15,2022,大连商品交易所最近合约收盘价,国内,棕榈油(大连期结算),2022-08-19,8411.15
08,18,元/吨,8501.14,2022,大连商品交易所最近合约收盘价,国内,棕榈油(大连期结算),2022-08-18,8501.14
08,17,元/吨,8601.13,2022,大连商品交易所最近合约收盘价,国内,棕榈油(大连期结算),2022-08-17,8601.13
08,16,元/吨,8631.13,2022,大连商品交易所最近合约收盘价,国内,棕榈油(大连期结算),2022-08-16,8631.13
08,15,元/吨,8785.12,2022,大连商品交易所最近合约收盘价,国内,棕榈油(大连期结算),2022-08-15,8785.12
08,12,元/吨,8739.12,2022,大连商品交易所最近合约收盘价,国内,棕榈油(大连期结算),2022-08-12,8739.12
08,11,元/吨,9191.08,2022,大连商品交易所最近合约收盘价,国内,棕榈油(大连期结算),2022-08-11,9191.08
08,10,元/吨,9191.08,2022,大连商品交易所最近合约收盘价,国内,棕榈油(大连期结算),2022-08-10,9191.08
08,09,元/吨,9191.08,2022,大连商品交易所最近合约收盘价,国内,棕榈油(大连期结算),2022-08-09,9191.08
08,08,元/吨,9191.08,2022,大连商品交易所最近合约收盘价,国内,棕榈油(大连期结算),2022-08-08,9191.08
08,05,元/吨,9163.08,2022,大连商品交易所最近合约收盘价,国内,棕榈油(大连期结算),2022-08-05,9163.08
08,04,元/吨,9163.08,2022,大连商品交易所最近合约收盘价,国内,棕榈油(大连期结算),2022-08-04,9163.08
08,03,元/吨,9279.07,2022,大连商品交易所最近合约收盘价,国内,棕榈油(大连期结算),2022-08-03,9279.07
08,02,元/吨,9625.03,2022,大连商品交易所最近合约收盘价,国内,棕榈油(大连期结算),2022-08-02,9625.03
08,01,元/吨,9625.03,2022,大连商品交易所最近合约收盘价,国内,棕榈油(大连期结算),2022-08-01,9625.03
07,29,元/吨,9491.05,2022,大连商品交易所最近合约收盘价,国内,棕榈油(大连期结算),2022-07-29,9491.05
07,28,元/吨,9191.08,2022,大连商品交易所最近合约收盘价,国内,棕榈油(大连期结算),2022-07-28,9191.08
07,27,元/吨,9145.08,2022,大连商品交易所最近合约收盘价,国内,棕榈油(大连期结算),2022-07-27,9145.08
07,26,元/吨,9297.07,2022,大连商品交易所最近合约收盘价,国内,棕榈油(大连期结算),2022-07-26,9297.07
07,25,元/吨,9045.09,2022,大连商品交易所最近合约收盘价,国内,棕榈油(大连期结算),2022-07-25,9045.09
07,22,元/吨,8865.11,2022,大连商品交易所最近合约收盘价,国内,棕榈油(大连期结算),2022-07-22,8865.11
07,21,元/吨,8953.10,2022,大连商品交易所最近合约收盘价,国内,棕榈油(大连期结算),2022-07-21,8953.1
07,20,元/吨,8733.12,2022,大连商品交易所最近合约收盘价,国内,棕榈油(大连期结算),2022-07-20,8733.12
07,19,元/吨,8715.12,2022,大连商品交易所最近合约收盘价,国内,棕榈油(大连期结算),2022-07-19,8715.12
07,18,元/吨,8317.16,2022,大连商品交易所最近合约收盘价,国内,棕榈油(大连期结算),2022-07-18,8317.16
07,15,元/吨,8063.19,2022,大连商品交易所最近合约收盘价,国内,棕榈油(大连期结算),2022-07-15,8063.19
07,14,元/吨,8153.18,2022,大连商品交易所最近合约收盘价,国内,棕榈油(大连期结算),2022-07-14,8153.18
07,13,元/吨,9035.09,2022,大连商品交易所最近合约收盘价,国内,棕榈油(大连期结算),2022-07-13,9035.09
07,12,元/吨,9451.05,2022,大连商品交易所最近合约收盘价,国内,棕榈油(大连期结算),2022-07-12,9451.05
07,11,元/吨,9451.05,2022,大连商品交易所最近合约收盘价,国内,棕榈油(大连期结算),2022-07-11,9451.05
07,08,元/吨,9327.06,2022,大连商品交易所最近合约收盘价,国内,棕榈油(大连期结算),2022-07-08,9327.06
07,07,元/吨,8771.12,2022,大连商品交易所最近合约收盘价,国内,棕榈油(大连期结算),2022-07-07,8771.12
07,06,元/吨,9027.09,2022,大连商品交易所最近合约收盘价,国内,棕榈油(大连期结算),2022-07-06,9027.09
07,05,元/吨,9627.03,2022,大连商品交易所最近合约收盘价,国内,棕榈油(大连期结算),2022-07-05,9627.03
07,04,元/吨,9701.02,2022,大连商品交易所最近合约收盘价,国内,棕榈油(大连期结算),2022-07-04,9701.02
07,01,元/吨,9839.01,2022,大连商品交易所最近合约收盘价,国内,棕榈油(大连期结算),2022-07-01,9839.01
06,30,元/吨,10194.98,2022,大连商品交易所最近合约收盘价,国内,棕榈油(大连期结算),2022-06-30,10194.98
06,29,元/吨,10342.96,2022,大连商品交易所最近合约收盘价,国内,棕榈油(大连期结算),2022-06-29,10342.96
06,28,元/吨,10214.97,2022,大连商品交易所最近合约收盘价,国内,棕榈油(大连期结算),2022-06-28,10214.97
06,27,元/吨,9735.02,2022,大连商品交易所最近合约收盘价,国内,棕榈油(大连期结算),2022-06-27,9735.02
06,24,元/吨,9949.00,2022,大连商品交易所最近合约收盘价,国内,棕榈油(大连期结算),2022-06-24,9949.0
06,23,元/吨,10326.96,2022,大连商品交易所最近合约收盘价,国内,棕榈油(大连期结算),2022-06-23,10326.96
06,22,元/吨,10884.91,2022,大连商品交易所最近合约收盘价,国内,棕榈油(大连期结算),2022-06-22,10884.91
06,21,元/吨,10650.93,2022,大连商品交易所最近合约收盘价,国内,棕榈油(大连期结算),2022-06-21,10650.93
06,20,元/吨,11388.86,2022,大连商品交易所最近合约收盘价,国内,棕榈油(大连期结算),2022-06-20,11388.86
06,17,元/吨,11876.81,2022,大连商品交易所最近合约收盘价,国内,棕榈油(大连期结算),2022-06-17,11876.81
06,16,元/吨,12050.79,2022,大连商品交易所最近合约收盘价,国内,棕榈油(大连期结算),2022-06-16,12050.79
06,15,元/吨,12418.75,2022,大连商品交易所最近合约收盘价,国内,棕榈油(大连期结算),2022-06-15,12418.75
06,14,元/吨,15212.47,2022,大连商品交易所最近合约收盘价,国内,棕榈油(大连期结算),2022-06-14,15212.47
06,13,元/吨,15212.47,2022,大连商品交易所最近合约收盘价,国内,棕榈油(大连期结算),2022-06-13,15212.47
06,10,元/吨,15212.47,2022,大连商品交易所最近合约收盘价,国内,棕榈油(大连期结算),2022-06-10,15212.47
06,09,元/吨,15212.47,2022,大连商品交易所最近合约收盘价,国内,棕榈油(大连期结算),2022-06-09,15212.47
06,08,元/吨,16084.39,2022,大连商品交易所最近合约收盘价,国内,棕榈油(大连期结算),2022-06-08,16084.39
06,07,元/吨,15818.41,2022,大连商品交易所最近合约收盘价,国内,棕榈油(大连期结算),2022-06-07,15818.41
06,06,元/吨,15932.40,2022,大连商品交易所最近合约收盘价,国内,棕榈油(大连期结算),2022-06-06,15932.4
06,02,元/吨,16140.38,2022,大连商品交易所最近合约收盘价,国内,棕榈油(大连期结算),2022-06-02,16140.38
06,01,元/吨,16064.39,2022,大连商品交易所最近合约收盘价,国内,棕榈油(大连期结算),2022-06-01,16064.39
05,31,元/吨,15798.42,2022,大连商品交易所最近合约收盘价,国内,棕榈油(大连期结算),2022-05-31,15798.42
05,30,元/吨,15760.42,2022,大连商品交易所最近合约收盘价,国内,棕榈油(大连期结算),2022-05-30,15760.42
05,27,元/吨,15454.45,2022,大连商品交易所最近合约收盘价,国内,棕榈油(大连期结算),2022-05-27,15454.45
05,26,元/吨,14904.50,2022,大连商品交易所最近合约收盘价,国内,棕榈油(大连期结算),2022-05-26,14904.5
05,25,元/吨,14854.51,2022,大连商品交易所最近合约收盘价,国内,棕榈油(大连期结算),2022-05-25,14854.51
05,24,元/吨,14702.52,2022,大连商品交易所最近合约收盘价,国内,棕榈油(大连期结算),2022-05-24,14702.52
05,23,元/吨,14244.57,2022,大连商品交易所最近合约收盘价,国内,棕榈油(大连期结算),2022-05-23,14244.57
05,20,元/吨,13992.60,2022,大连商品交易所最近合约收盘价,国内,棕榈油(大连期结算),2022-05-20,13992.6
05,19,元/吨,13900.60,2022,大连商品交易所最近合约收盘价,国内,棕榈油(大连期结算),2022-05-19,13900.6
05,18,元/吨,13502.64,2022,大连商品交易所最近合约收盘价,国内,棕榈油(大连期结算),2022-05-18,13502.64
05,17,元/吨,14898.51,2022,大连商品交易所最近合约收盘价,国内,棕榈油(大连期结算),2022-05-17,14898.51
05,16,元/吨,14992.50,2022,大连商品交易所最近合约收盘价,国内,棕榈油(大连期结算),2022-05-16,14992.5
05,13,元/吨,14728.52,2022,大连商品交易所最近合约收盘价,国内,棕榈油(大连期结算),2022-05-13,14728.52
05,12,元/吨,14848.51,2022,大连商品交易所最近合约收盘价,国内,棕榈油(大连期结算),2022-05-12,14848.51
05,11,元/吨,14546.54,2022,大连商品交易所最近合约收盘价,国内,棕榈油(大连期结算),2022-05-11,14546.54
05,10,元/吨,14316.56,2022,大连商品交易所最近合约收盘价,国内,棕榈油(大连期结算),2022-05-10,14316.56
05,09,元/吨,14542.54,2022,大连商品交易所最近合约收盘价,国内,棕榈油(大连期结算),2022-05-09,14542.54
05,06,元/吨,14772.52,2022,大连商品交易所最近合约收盘价,国内,棕榈油(大连期结算),2022-05-06,14772.52
05,05,元/吨,15694.43,2022,大连商品交易所最近合约收盘价,国内,棕榈油(大连期结算),2022-05-05,15694.43
04,29,元/吨,14830.51,2022,大连商品交易所最近合约收盘价,国内,棕榈油(大连期结算),2022-04-29,14830.51
04,28,元/吨,13854.61,2022,大连商品交易所最近合约收盘价,国内,棕榈油(大连期结算),2022-04-28,13854.61
04,27,元/吨,13208.67,2022,大连商品交易所最近合约收盘价,国内,棕榈油(大连期结算),2022-04-27,13208.67
04,26,元/吨,12734.72,2022,大连商品交易所最近合约收盘价,国内,棕榈油(大连期结算),2022-04-26,12734.72
04,25,元/吨,13014.69,2022,大连商品交易所最近合约收盘价,国内,棕榈油(大连期结算),2022-04-25,13014.69
04,22,元/吨,12576.74,2022,大连商品交易所最近合约收盘价,国内,棕榈油(大连期结算),2022-04-22,12576.74
04,21,元/吨,12580.74,2022,大连商品交易所最近合约收盘价,国内,棕榈油(大连期结算),2022-04-21,12580.74
04,20,元/吨,12630.73,2022,大连商品交易所最近合约收盘价,国内,棕榈油(大连期结算),2022-04-20,12630.73
04,19,元/吨,12828.71,2022,大连商品交易所最近合约收盘价,国内,棕榈油(大连期结算),2022-04-19,12828.71
04,18,元/吨,12736.72,2022,大连商品交易所最近合约收盘价,国内,棕榈油(大连期结算),2022-04-18,12736.72
04,15,元/吨,13788.62,2022,大连商品交易所最近合约收盘价,国内,棕榈油(大连期结算),2022-04-15,13788.62
04,14,元/吨,13756.62,2022,大连商品交易所最近合约收盘价,国内,棕榈油(大连期结算),2022-04-14,13756.62
04,13,元/吨,13512.64,2022,大连商品交易所最近合约收盘价,国内,棕榈油(大连期结算),2022-04-13,13512.64
04,12,元/吨,12930.70,2022,大连商品交易所最近合约收盘价,国内,棕榈油(大连期结算),2022-04-12,12930.7
04,11,元/吨,12394.76,2022,大连商品交易所最近合约收盘价,国内,棕榈油(大连期结算),2022-04-11,12394.76
04,08,元/吨,12348.76,2022,大连商品交易所最近合约收盘价,国内,棕榈油(大连期结算),2022-04-08,12348.76
04,07,元/吨,12250.77,2022,大连商品交易所最近合约收盘价,国内,棕榈油(大连期结算),2022-04-07,12250.77
04,06,元/吨,12106.78,2022,大连商品交易所最近合约收盘价,国内,棕榈油(大连期结算),2022-04-06,12106.78
04,01,元/吨,12092.79,2022,大连商品交易所最近合约收盘价,国内,棕榈油(大连期结算),2022-04-01,12092.79
03,31,元/吨,12264.77,2022,大连商品交易所最近合约收盘价,国内,棕榈油(大连期结算),2022-03-31,12264.77
03,30,元/吨,12440.75,2022,大连商品交易所最近合约收盘价,国内,棕榈油(大连期结算),2022-03-30,12440.75
03,29,元/吨,12648.73,2022,大连商品交易所最近合约收盘价,国内,棕榈油(大连期结算),2022-03-29,12648.73
03,28,元/吨,12658.73,2022,大连商品交易所最近合约收盘价,国内,棕榈油(大连期结算),2022-03-28,12658.73
03,25,元/吨,12560.74,2022,大连商品交易所最近合约收盘价,国内,棕榈油(大连期结算),2022-03-25,12560.74
03,24,元/吨,12812.71,2022,大连商品交易所最近合约收盘价,国内,棕榈油(大连期结算),2022-03-24,12812.71
03,23,元/吨,12494.75,2022,大连商品交易所最近合约收盘价,国内,棕榈油(大连期结算),2022-03-23,12494.75
03,22,元/吨,12160.78,2022,大连商品交易所最近合约收盘价,国内,棕榈油(大连期结算),2022-03-22,12160.78
03,21,元/吨,11782.82,2022,大连商品交易所最近合约收盘价,国内,棕榈油(大连期结算),2022-03-21,11782.82
03,18,元/吨,12232.77,2022,大连商品交易所最近合约收盘价,国内,棕榈油(大连期结算),2022-03-18,12232.77
03,17,元/吨,12730.72,2022,大连商品交易所最近合约收盘价,国内,棕榈油(大连期结算),2022-03-17,12730.72
03,16,元/吨,12636.73,2022,大连商品交易所最近合约收盘价,国内,棕榈油(大连期结算),2022-03-16,12636.73
03,15,元/吨,12500.74,2022,大连商品交易所最近合约收盘价,国内,棕榈油(大连期结算),2022-03-15,12500.74
03,14,元/吨,12934.70,2022,大连商品交易所最近合约收盘价,国内,棕榈油(大连期结算),2022-03-14,12934.7
03,11,元/吨,14046.59,2022,大连商品交易所最近合约收盘价,国内,棕榈油(大连期结算),2022-03-11,14046.59
03,10,元/吨,13992.60,2022,大连商品交易所最近合约收盘价,国内,棕榈油(大连期结算),2022-03-10,13992.6
03,09,元/吨,14006.59,2022,大连商品交易所最近合约收盘价,国内,棕榈油(大连期结算),2022-03-09,14006.59
03,08,元/吨,14006.59,2022,大连商品交易所最近合约收盘价,国内,棕榈油(大连期结算),2022-03-08,14006.59
03,07,元/吨,13356.66,2022,大连商品交易所最近合约收盘价,国内,棕榈油(大连期结算),2022-03-07,13356.66
03,04,元/吨,13752.62,2022,大连商品交易所最近合约收盘价,国内,棕榈油(大连期结算),2022-03-04,13752.62
03,03,元/吨,14216.57,2022,大连商品交易所最近合约收盘价,国内,棕榈油(大连期结算),2022-03-03,14216.57
03,02,元/吨,13960.60,2022,大连商品交易所最近合约收盘价,国内,棕榈油(大连期结算),2022-03-02,13960.6
03,01,元/吨,13260.67,2022,大连商品交易所最近合约收盘价,国内,棕榈油(大连期结算),2022-03-01,13260.67
02,28,元/吨,12658.73,2022,大连商品交易所最近合约收盘价,国内,棕榈油(大连期结算),2022-02-28,12658.73
02,25,元/吨,13016.69,2022,大连商品交易所最近合约收盘价,国内,棕榈油(大连期结算),2022-02-25,13016.69
02,24,元/吨,12778.72,2022,大连商品交易所最近合约收盘价,国内,棕榈油(大连期结算),2022-02-24,12778.72
02,23,元/吨,12618.73,2022,大连商品交易所最近合约收盘价,国内,棕榈油(大连期结算),2022-02-23,12618.73
02,22,元/吨,12114.78,2022,大连商品交易所最近合约收盘价,国内,棕榈油(大连期结算),2022-02-22,12114.78
02,21,元/吨,11830.81,2022,大连商品交易所最近合约收盘价,国内,棕榈油(大连期结算),2022-02-21,11830.81
02,18,元/吨,11572.84,2022,大连商品交易所最近合约收盘价,国内,棕榈油(大连期结算),2022-02-18,11572.84
02,17,元/吨,11898.81,2022,大连商品交易所最近合约收盘价,国内,棕榈油(大连期结算),2022-02-17,11898.81
02,16,元/吨,11548.84,2022,大连商品交易所最近合约收盘价,国内,棕榈油(大连期结算),2022-02-16,11548.84
02,15,元/吨,10836.91,2022,大连商品交易所最近合约收盘价,国内,棕榈油(大连期结算),2022-02-15,10836.91
02,14,元/吨,11286.87,2022,大连商品交易所最近合约收盘价,国内,棕榈油(大连期结算),2022-02-14,11286.87
02,11,元/吨,11286.87,2022,大连商品交易所最近合约收盘价,国内,棕榈油(大连期结算),2022-02-11,11286.87
02,10,元/吨,11054.89,2022,大连商品交易所最近合约收盘价,国内,棕榈油(大连期结算),2022-02-10,11054.89
02,09,元/吨,10906.90,2022,大连商品交易所最近合约收盘价,国内,棕榈油(大连期结算),2022-02-09,10906.9
02,08,元/吨,11344.86,2022,大连商品交易所最近合约收盘价,国内,棕榈油(大连期结算),2022-02-08,11344.86
02,07,元/吨,11606.83,2022,大连商品交易所最近合约收盘价,国内,棕榈油(大连期结算),2022-02-07,11606.83
01,28,元/吨,11040.89,2022,大连商品交易所最近合约收盘价,国内,棕榈油(大连期结算),2022-01-28,11040.89
01,27,元/吨,10760.92,2022,大连商品交易所最近合约收盘价,国内,棕榈油(大连期结算),2022-01-27,10760.92
01,26,元/吨,10586.94,2022,大连商品交易所最近合约收盘价,国内,棕榈油(大连期结算),2022-01-26,10586.94
01,25,元/吨,10504.94,2022,大连商品交易所最近合约收盘价,国内,棕榈油(大连期结算),2022-01-25,10504.94
01,24,元/吨,10636.93,2022,大连商品交易所最近合约收盘价,国内,棕榈油(大连期结算),2022-01-24,10636.93
01,21,元/吨,10514.94,2022,大连商品交易所最近合约收盘价,国内,棕榈油(大连期结算),2022-01-21,10514.94
01,20,元/吨,10502.94,2022,大连商品交易所最近合约收盘价,国内,棕榈油(大连期结算),2022-01-20,10502.94
01,19,元/吨,10404.95,2022,大连商品交易所最近合约收盘价,国内,棕榈油(大连期结算),2022-01-19,10404.95
01,18,元/吨,10230.97,2022,大连商品交易所最近合约收盘价,国内,棕榈油(大连期结算),2022-01-18,10230.97
01,17,元/吨,10040.99,2022,大连商品交易所最近合约收盘价,国内,棕榈油(大连期结算),2022-01-17,10040.99
01,14,元/吨,10160.98,2022,大连商品交易所最近合约收盘价,国内,棕榈油(大连期结算),2022-01-14,10160.98
01,13,元/吨,10178.98,2022,大连商品交易所最近合约收盘价,国内,棕榈油(大连期结算),2022-01-13,10178.98
01,12,元/吨,10060.99,2022,大连商品交易所最近合约收盘价,国内,棕榈油(大连期结算),2022-01-12,10060.99
01,11,元/吨,9549.04,2022,大连商品交易所最近合约收盘价,国内,棕榈油(大连期结算),2022-01-11,9549.04
01,10,元/吨,9809.01,2022,大连商品交易所最近合约收盘价,国内,棕榈油(大连期结算),2022-01-10,9809.01
01,07,元/吨,10074.99,2022,大连商品交易所最近合约收盘价,国内,棕榈油(大连期结算),2022-01-07,10074.99
01,06,元/吨,9829.01,2022,大连商品交易所最近合约收盘价,国内,棕榈油(大连期结算),2022-01-06,9829.01
01,05,元/吨,9875.01,2022,大连商品交易所最近合约收盘价,国内,棕榈油(大连期结算),2022-01-05,9875.01
01,04,元/吨,9629.03,2022,大连商品交易所最近合约收盘价,国内,棕榈油(大连期结算),2022-01-04,9629.03
01,03,元/吨,9511.04,2022,大连商品交易所最近合约收盘价,国内,棕榈油(大连期结算),2022-01-03,9511.04
12,31,元/吨,9511.04,2021,大连商品交易所最近合约收盘价,国内,棕榈油(大连期结算),2021-12-31,9511.04
12,30,元/吨,9393.06,2021,大连商品交易所最近合约收盘价,国内,棕榈油(大连期结算),2021-12-30,9393.06
12,29,元/吨,9333.06,2021,大连商品交易所最近合约收盘价,国内,棕榈油(大连期结算),2021-12-29,9333.06
12,28,元/吨,9333.06,2021,大连商品交易所最近合约收盘价,国内,棕榈油(大连期结算),2021-12-28,9333.06
12,27,元/吨,9329.06,2021,大连商品交易所最近合约收盘价,国内,棕榈油(大连期结算),2021-12-27,9329.06
12,24,元/吨,9295.07,2021,大连商品交易所最近合约收盘价,国内,棕榈油(大连期结算),2021-12-24,9295.07
12,23,元/吨,9297.07,2021,大连商品交易所最近合约收盘价,国内,棕榈油(大连期结算),2021-12-23,9297.07
12,22,元/吨,9249.07,2021,大连商品交易所最近合约收盘价,国内,棕榈油(大连期结算),2021-12-22,9249.07
12,21,元/吨,9099.09,2021,大连商品交易所最近合约收盘价,国内,棕榈油(大连期结算),2021-12-21,9099.09
12,20,元/吨,9073.09,2021,大连商品交易所最近合约收盘价,国内,棕榈油(大连期结算),2021-12-20,9073.09
12,17,元/吨,9097.09,2021,大连商品交易所最近合约收盘价,国内,棕榈油(大连期结算),2021-12-17,9097.09
12,16,元/吨,8863.11,2021,大连商品交易所最近合约收盘价,国内,棕榈油(大连期结算),2021-12-16,8863.11
12,15,元/吨,8855.11,2021,大连商品交易所最近合约收盘价,国内,棕榈油(大连期结算),2021-12-15,8855.11
12,14,元/吨,9029.09,2021,大连商品交易所最近合约收盘价,国内,棕榈油(大连期结算),2021-12-14,9029.09
12,13,元/吨,9899.01,2021,大连商品交易所最近合约收盘价,国内,棕榈油(大连期结算),2021-12-13,9899.01
12,10,元/吨,9899.01,2021,大连商品交易所最近合约收盘价,国内,棕榈油(大连期结算),2021-12-10,9899.01
12,09,元/吨,9899.01,2021,大连商品交易所最近合约收盘价,国内,棕榈油(大连期结算),2021-12-09,9899.01
12,08,元/吨,9899.01,2021,大连商品交易所最近合约收盘价,国内,棕榈油(大连期结算),2021-12-08,9899.01
12,07,元/吨,9899.01,2021,大连商品交易所最近合约收盘价,国内,棕榈油(大连期结算),2021-12-07,9899.01
12,06,元/吨,9899.01,2021,大连商品交易所最近合约收盘价,国内,棕榈油(大连期结算),2021-12-06,9899.01
12,03,元/吨,9899.01,2021,大连商品交易所最近合约收盘价,国内,棕榈油(大连期结算),2021-12-03,9899.01
12,02,元/吨,9647.03,2021,大连商品交易所最近合约收盘价,国内,棕榈油(大连期结算),2021-12-02,9647.03
12,01,元/吨,9647.03,2021,大连商品交易所最近合约收盘价,国内,棕榈油(大连期结算),2021-12-01,9647.03
11,30,元/吨,9925.00,2021,大连商品交易所最近合约收盘价,国内,棕榈油(大连期结算),2021-11-30,9925.0
11,29,元/吨,10002.99,2021,大连商品交易所最近合约收盘价,国内,棕榈油(大连期结算),2021-11-29,10002.99
11,26,元/吨,10024.99,2021,大连商品交易所最近合约收盘价,国内,棕榈油(大连期结算),2021-11-26,10024.99
11,25,元/吨,10178.98,2021,大连商品交易所最近合约收盘价,国内,棕榈油(大连期结算),2021-11-25,10178.98
11,24,元/吨,10136.98,2021,大连商品交易所最近合约收盘价,国内,棕榈油(大连期结算),2021-11-24,10136.98
11,23,元/吨,10262.97,2021,大连商品交易所最近合约收盘价,国内,棕榈油(大连期结算),2021-11-23,10262.97
11,22,元/吨,10286.97,2021,大连商品交易所最近合约收盘价,国内,棕榈油(大连期结算),2021-11-22,10286.97
11,19,元/吨,10272.97,2021,大连商品交易所最近合约收盘价,国内,棕榈油(大连期结算),2021-11-19,10272.97
11,18,元/吨,10120.98,2021,大连商品交易所最近合约收盘价,国内,棕榈油(大连期结算),2021-11-18,10120.98
11,17,元/吨,10058.99,2021,大连商品交易所最近合约收盘价,国内,棕榈油(大连期结算),2021-11-17,10058.99
11,16,元/吨,9967.00,2021,大连商品交易所最近合约收盘价,国内,棕榈油(大连期结算),2021-11-16,9967.0
11,15,元/吨,9955.00,2021,大连商品交易所最近合约收盘价,国内,棕榈油(大连期结算),2021-11-15,9955.0
11,12,元/吨,9917.00,2021,大连商品交易所最近合约收盘价,国内,棕榈油(大连期结算),2021-11-12,9917.0
11,11,元/吨,10802.91,2021,大连商品交易所最近合约收盘价,国内,棕榈油(大连期结算),2021-11-11,10802.91
11,10,元/吨,10802.91,2021,大连商品交易所最近合约收盘价,国内,棕榈油(大连期结算),2021-11-10,10802.91
11,09,元/吨,10802.91,2021,大连商品交易所最近合约收盘价,国内,棕榈油(大连期结算),2021-11-09,10802.91
11,08,元/吨,10802.91,2021,大连商品交易所最近合约收盘价,国内,棕榈油(大连期结算),2021-11-08,10802.91
11,05,元/吨,10384.96,2021,大连商品交易所最近合约收盘价,国内,棕榈油(大连期结算),2021-11-05,10384.96
11,04,元/吨,10384.96,2021,大连商品交易所最近合约收盘价,国内,棕榈油(大连期结算),2021-11-04,10384.96
11,03,元/吨,10384.96,2021,大连商品交易所最近合约收盘价,国内,棕榈油(大连期结算),2021-11-03,10384.96
11,02,元/吨,10384.96,2021,大连商品交易所最近合约收盘价,国内,棕榈油(大连期结算),2021-11-02,10384.96
11,01,元/吨,10384.96,2021,大连商品交易所最近合约收盘价,国内,棕榈油(大连期结算),2021-11-01,10384.96
10,29,元/吨,10384.96,2021,大连商品交易所最近合约收盘价,国内,棕榈油(大连期结算),2021-10-29,10384.96
10,28,元/吨,10390.96,2021,大连商品交易所最近合约收盘价,国内,棕榈油(大连期结算),2021-10-28,10390.96
10,27,元/吨,10160.98,2021,大连商品交易所最近合约收盘价,国内,棕榈油(大连期结算),2021-10-27,10160.98
10,26,元/吨,10178.98,2021,大连商品交易所最近合约收盘价,国内,棕榈油(大连期结算),2021-10-26,10178.98
10,25,元/吨,10056.99,2021,大连商品交易所最近合约收盘价,国内,棕榈油(大连期结算),2021-10-25,10056.99
10,22,元/吨,10020.99,2021,大连商品交易所最近合约收盘价,国内,棕榈油(大连期结算),2021-10-22,10020.99
10,21,元/吨,10394.96,2021,大连商品交易所最近合约收盘价,国内,棕榈油(大连期结算),2021-10-21,10394.96
10,20,元/吨,10148.98,2021,大连商品交易所最近合约收盘价,国内,棕榈油(大连期结算),2021-10-20,10148.98
10,19,元/吨,10148.98,2021,大连商品交易所最近合约收盘价,国内,棕榈油(大连期结算),2021-10-19,10148.98
10,18,元/吨,10148.98,2021,大连商品交易所最近合约收盘价,国内,棕榈油(大连期结算),2021-10-18,10148.98
10,15,元/吨,9995.00,2021,大连商品交易所最近合约收盘价,国内,棕榈油(大连期结算),2021-10-15,9995.0
10,14,元/吨,9995.00,2021,大连商品交易所最近合约收盘价,国内,棕榈油(大连期结算),2021-10-14,9995.0
10,13,元/吨,10238.97,2021,大连商品交易所最近合约收盘价,国内,棕榈油(大连期结算),2021-10-13,10238.97
10,12,元/吨,10238.97,2021,大连商品交易所最近合约收盘价,国内,棕榈油(大连期结算),2021-10-12,10238.97
10,11,元/吨,10362.96,2021,大连商品交易所最近合约收盘价,国内,棕榈油(大连期结算),2021-10-11,10362.96
10,08,元/吨,10330.96,2021,大连商品交易所最近合约收盘价,国内,棕榈油(大连期结算),2021-10-08,10330.96
09,30,元/吨,9673.03,2021,大连商品交易所最近合约收盘价,国内,棕榈油(大连期结算),2021-09-30,9673.03
09,29,元/吨,9529.04,2021,大连商品交易所最近合约收盘价,国内,棕榈油(大连期结算),2021-09-29,9529.04
09,28,元/吨,9517.04,2021,大连商品交易所最近合约收盘价,国内,棕榈油(大连期结算),2021-09-28,9517.04
09,27,元/吨,9605.03,2021,大连商品交易所最近合约收盘价,国内,棕榈油(大连期结算),2021-09-27,9605.03
09,24,元/吨,9489.05,2021,大连商品交易所最近合约收盘价,国内,棕榈油(大连期结算),2021-09-24,9489.05
09,23,元/吨,9211.07,2021,大连商品交易所最近合约收盘价,国内,棕榈油(大连期结算),2021-09-23,9211.07
09,22,元/吨,9147.08,2021,大连商品交易所最近合约收盘价,国内,棕榈油(大连期结算),2021-09-22,9147.08
09,17,元/吨,9219.07,2021,大连商品交易所最近合约收盘价,国内,棕榈油(大连期结算),2021-09-17,9219.07
09,16,元/吨,9199.08,2021,大连商品交易所最近合约收盘价,国内,棕榈油(大连期结算),2021-09-16,9199.08
09,15,元/吨,9059.09,2021,大连商品交易所最近合约收盘价,国内,棕榈油(大连期结算),2021-09-15,9059.09
09,14,元/吨,8969.10,2021,大连商品交易所最近合约收盘价,国内,棕榈油(大连期结算),2021-09-14,8969.1
09,13,元/吨,9297.07,2021,大连商品交易所最近合约收盘价,国内,棕榈油(大连期结算),2021-09-13,9297.07
09,10,元/吨,9297.07,2021,大连商品交易所最近合约收盘价,国内,棕榈油(大连期结算),2021-09-10,9297.07
09,09,元/吨,9297.07,2021,大连商品交易所最近合约收盘价,国内,棕榈油(大连期结算),2021-09-09,9297.07
09,08,元/吨,9297.07,2021,大连商品交易所最近合约收盘价,国内,棕榈油(大连期结算),2021-09-08,9297.07
09,07,元/吨,9197.08,2021,大连商品交易所最近合约收盘价,国内,棕榈油(大连期结算),2021-09-07,9197.08
09,06,元/吨,9137.08,2021,大连商品交易所最近合约收盘价,国内,棕榈油(大连期结算),2021-09-06,9137.08
09,03,元/吨,8799.12,2021,大连商品交易所最近合约收盘价,国内,棕榈油(大连期结算),2021-09-03,8799.12
09,02,元/吨,8787.12,2021,大连商品交易所最近合约收盘价,国内,棕榈油(大连期结算),2021-09-02,8787.12
09,01,元/吨,8939.10,2021,大连商品交易所最近合约收盘价,国内,棕榈油(大连期结算),2021-09-01,8939.1
08,31,元/吨,9021.09,2021,大连商品交易所最近合约收盘价,国内,棕榈油(大连期结算),2021-08-31,9021.09
08,30,元/吨,8959.10,2021,大连商品交易所最近合约收盘价,国内,棕榈油(大连期结算),2021-08-30,8959.1
08,27,元/吨,8881.11,2021,大连商品交易所最近合约收盘价,国内,棕榈油(大连期结算),2021-08-27,8881.11
08,26,元/吨,9019.09,2021,大连商品交易所最近合约收盘价,国内,棕榈油(大连期结算),2021-08-26,9019.09
08,25,元/吨,8879.11,2021,大连商品交易所最近合约收盘价,国内,棕榈油(大连期结算),2021-08-25,8879.11
08,24,元/吨,8743.12,2021,大连商品交易所最近合约收盘价,国内,棕榈油(大连期结算),2021-08-24,8743.12
08,23,元/吨,8635.13,2021,大连商品交易所最近合约收盘价,国内,棕榈油(大连期结算),2021-08-23,8635.13
08,20,元/吨,8641.13,2021,大连商品交易所最近合约收盘价,国内,棕榈油(大连期结算),2021-08-20,8641.13
08,19,元/吨,8703.12,2021,大连商品交易所最近合约收盘价,国内,棕榈油(大连期结算),2021-08-19,8703.12
08,18,元/吨,8801.11,2021,大连商品交易所最近合约收盘价,国内,棕榈油(大连期结算),2021-08-18,8801.11
08,17,元/吨,8939.10,2021,大连商品交易所最近合约收盘价,国内,棕榈油(大连期结算),2021-08-17,8939.1
08,16,元/吨,9009.09,2021,大连商品交易所最近合约收盘价,国内,棕榈油(大连期结算),2021-08-16,9009.09
08,13,元/吨,8959.10,2021,大连商品交易所最近合约收盘价,国内,棕榈油(大连期结算),2021-08-13,8959.1
08,12,元/吨,9611.03,2021,大连商品交易所最近合约收盘价,国内,棕榈油(大连期结算),2021-08-12,9611.03
08,11,元/吨,9611.03,2021,大连商品交易所最近合约收盘价,国内,棕榈油(大连期结算),2021-08-11,9611.03
08,10,元/吨,9611.03,2021,大连商品交易所最近合约收盘价,国内,棕榈油(大连期结算),2021-08-10,9611.03
08,09,元/吨,9611.03,2021,大连商品交易所最近合约收盘价,国内,棕榈油(大连期结算),2021-08-09,9611.03
08,06,元/吨,9611.03,2021,大连商品交易所最近合约收盘价,国内,棕榈油(大连期结算),2021-08-06,9611.03
08,05,元/吨,9611.03,2021,大连商品交易所最近合约收盘价,国内,棕榈油(大连期结算),2021-08-05,9611.03
08,04,元/吨,9611.03,2021,大连商品交易所最近合约收盘价,国内,棕榈油(大连期结算),2021-08-04,9611.03
08,03,元/吨,9611.03,2021,大连商品交易所最近合约收盘价,国内,棕榈油(大连期结算),2021-08-03,9611.03
08,02,元/吨,9611.03,2021,大连商品交易所最近合约收盘价,国内,棕榈油(大连期结算),2021-08-02,9611.03
07,30,元/吨,8899.11,2021,大连商品交易所最近合约收盘价,国内,棕榈油(大连期结算),2021-07-30,8899.11
07,29,元/吨,8967.10,2021,大连商品交易所最近合约收盘价,国内,棕榈油(大连期结算),2021-07-29,8967.1
07,28,元/吨,8967.10,2021,大连商品交易所最近合约收盘价,国内,棕榈油(大连期结算),2021-07-28,8967.1
07,27,元/吨,8901.10,2021,大连商品交易所最近合约收盘价,国内,棕榈油(大连期结算),2021-07-27,8901.1
07,26,元/吨,8665.13,2021,大连商品交易所最近合约收盘价,国内,棕榈油(大连期结算),2021-07-26,8665.13
07,23,元/吨,8665.13,2021,大连商品交易所最近合约收盘价,国内,棕榈油(大连期结算),2021-07-23,8665.13
07,22,元/吨,8427.15,2021,大连商品交易所最近合约收盘价,国内,棕榈油(大连期结算),2021-07-22,8427.15
07,21,元/吨,8427.15,2021,大连商品交易所最近合约收盘价,国内,棕榈油(大连期结算),2021-07-21,8427.15
07,20,元/吨,8445.15,2021,大连商品交易所最近合约收盘价,国内,棕榈油(大连期结算),2021-07-20,8445.15
07,19,元/吨,8369.16,2021,大连商品交易所最近合约收盘价,国内,棕榈油(大连期结算),2021-07-19,8369.16
07,16,元/吨,8369.16,2021,大连商品交易所最近合约收盘价,国内,棕榈油(大连期结算),2021-07-16,8369.16
07,15,元/吨,8295.17,2021,大连商品交易所最近合约收盘价,国内,棕榈油(大连期结算),2021-07-15,8295.17
07,14,元/吨,8135.18,2021,大连商品交易所最近合约收盘价,国内,棕榈油(大连期结算),2021-07-14,8135.18
07,13,元/吨,7997.20,2021,大连商品交易所最近合约收盘价,国内,棕榈油(大连期结算),2021-07-13,7997.2
07,12,元/吨,7997.20,2021,大连商品交易所最近合约收盘价,国内,棕榈油(大连期结算),2021-07-12,7997.2
07,09,元/吨,8199.18,2021,大连商品交易所最近合约收盘价,国内,棕榈油(大连期结算),2021-07-09,8199.18
07,08,元/吨,8199.18,2021,大连商品交易所最近合约收盘价,国内,棕榈油(大连期结算),2021-07-08,8199.18
07,07,元/吨,8199.18,2021,大连商品交易所最近合约收盘价,国内,棕榈油(大连期结算),2021-07-07,8199.18
07,06,元/吨,8183.18,2021,大连商品交易所最近合约收盘价,国内,棕榈油(大连期结算),2021-07-06,8183.18
07,05,元/吨,8183.18,2021,大连商品交易所最近合约收盘价,国内,棕榈油(大连期结算),2021-07-05,8183.18
07,02,元/吨,8183.18,2021,大连商品交易所最近合约收盘价,国内,棕榈油(大连期结算),2021-07-02,8183.18
07,01,元/吨,8549.14,2021,大连商品交易所最近合约收盘价,国内,棕榈油(大连期结算),2021-07-01,8549.14
06,30,元/吨,7917.20,2021,大连商品交易所最近合约收盘价,国内,棕榈油(大连期结算),2021-06-30,7917.2
06,29,元/吨,7843.21,2021,大连商品交易所最近合约收盘价,国内,棕榈油(大连期结算),2021-06-29,7843.21
06,28,元/吨,7603.23,2021,大连商品交易所最近合约收盘价,国内,棕榈油(大连期结算),2021-06-28,7603.23
06,25,元/吨,7657.23,2021,大连商品交易所最近合约收盘价,国内,棕榈油(大连期结算),2021-06-25,7657.23
06,24,元/吨,7657.23,2021,大连商品交易所最近合约收盘价,国内,棕榈油(大连期结算),2021-06-24,7657.23
06,23,元/吨,7801.21,2021,大连商品交易所最近合约收盘价,国内,棕榈油(大连期结算),2021-06-23,7801.21
06,22,元/吨,7683.23,2021,大连商品交易所最近合约收盘价,国内,棕榈油(大连期结算),2021-06-22,7683.23
06,21,元/吨,7435.25,2021,大连商品交易所最近合约收盘价,国内,棕榈油(大连期结算),2021-06-21,7435.25
06,18,元/吨,7435.25,2021,大连商品交易所最近合约收盘价,国内,棕榈油(大连期结算),2021-06-18,7435.25
06,17,元/吨,7799.22,2021,大连商品交易所最近合约收盘价,国内,棕榈油(大连期结算),2021-06-17,7799.22
06,16,元/吨,7831.21,2021,大连商品交易所最近合约收盘价,国内,棕榈油(大连期结算),2021-06-16,7831.21
06,15,元/吨,7785.22,2021,大连商品交易所最近合约收盘价,国内,棕榈油(大连期结算),2021-06-15,7785.22
06,14,元/吨,9279.07,2021,大连商品交易所最近合约收盘价,国内,棕榈油(大连期结算),2021-06-14,9279.07
06,11,元/吨,9279.07,2021,大连商品交易所最近合约收盘价,国内,棕榈油(大连期结算),2021-06-11,9279.07
06,10,元/吨,9279.07,2021,大连商品交易所最近合约收盘价,国内,棕榈油(大连期结算),2021-06-10,9279.07
06,09,元/吨,9279.07,2021,大连商品交易所最近合约收盘价,国内,棕榈油(大连期结算),2021-06-09,9279.07
06,08,元/吨,9279.07,2021,大连商品交易所最近合约收盘价,国内,棕榈油(大连期结算),2021-06-08,9279.07
06,07,元/吨,9279.07,2021,大连商品交易所最近合约收盘价,国内,棕榈油(大连期结算),2021-06-07,9279.07
06,04,元/吨,9279.07,2021,大连商品交易所最近合约收盘价,国内,棕榈油(大连期结算),2021-06-04,9279.07
06,03,元/吨,9279.07,2021,大连商品交易所最近合约收盘价,国内,棕榈油(大连期结算),2021-06-03,9279.07
06,02,元/吨,8887.11,2021,大连商品交易所最近合约收盘价,国内,棕榈油(大连期结算),2021-06-02,8887.11
06,01,元/吨,8509.14,2021,大连商品交易所最近合约收盘价,国内,棕榈油(大连期结算),2021-06-01,8509.14
05,31,元/吨,8839.11,2021,大连商品交易所最近合约收盘价,国内,棕榈油(大连期结算),2021-05-31,8839.11
05,28,元/吨,8887.11,2021,大连商品交易所最近合约收盘价,国内,棕榈油(大连期结算),2021-05-28,8887.11
05,27,元/吨,8747.12,2021,大连商品交易所最近合约收盘价,国内,棕榈油(大连期结算),2021-05-27,8747.12
05,26,元/吨,8771.12,2021,大连商品交易所最近合约收盘价,国内,棕榈油(大连期结算),2021-05-26,8771.12
05,25,元/吨,8763.12,2021,大连商品交易所最近合约收盘价,国内,棕榈油(大连期结算),2021-05-25,8763.12
05,24,元/吨,8695.13,2021,大连商品交易所最近合约收盘价,国内,棕榈油(大连期结算),2021-05-24,8695.13
05,21,元/吨,9003.09,2021,大连商品交易所最近合约收盘价,国内,棕榈油(大连期结算),2021-05-21,9003.09
05,20,元/吨,9207.07,2021,大连商品交易所最近合约收盘价,国内,棕榈油(大连期结算),2021-05-20,9207.07
05,19,元/吨,9435.05,2021,大连商品交易所最近合约收盘价,国内,棕榈油(大连期结算),2021-05-19,9435.05
05,18,元/吨,9209.07,2021,大连商品交易所最近合约收盘价,国内,棕榈油(大连期结算),2021-05-18,9209.07
05,17,元/吨,9087.09,2021,大连商品交易所最近合约收盘价,国内,棕榈油(大连期结算),2021-05-17,9087.09
05,14,元/吨,9087.09,2021,大连商品交易所最近合约收盘价,国内,棕榈油(大连期结算),2021-05-14,9087.09
05,13,元/吨,9537.04,2021,大连商品交易所最近合约收盘价,国内,棕榈油(大连期结算),2021-05-13,9537.04
05,12,元/吨,9195.08,2021,大连商品交易所最近合约收盘价,国内,棕榈油(大连期结算),2021-05-12,9195.08
05,11,元/吨,9003.09,2021,大连商品交易所最近合约收盘价,国内,棕榈油(大连期结算),2021-05-11,9003.09
05,10,元/吨,9007.09,2021,大连商品交易所最近合约收盘价,国内,棕榈油(大连期结算),2021-05-10,9007.09
05,07,元/吨,8971.10,2021,大连商品交易所最近合约收盘价,国内,棕榈油(大连期结算),2021-05-07,8971.1
05,06,元/吨,8775.12,2021,大连商品交易所最近合约收盘价,国内,棕榈油(大连期结算),2021-05-06,8775.12
04,30,元/吨,8339.16,2021,大连商品交易所最近合约收盘价,国内,棕榈油(大连期结算),2021-04-30,8339.16
04,29,元/吨,8321.16,2021,大连商品交易所最近合约收盘价,国内,棕榈油(大连期结算),2021-04-29,8321.16
04,28,元/吨,8203.17,2021,大连商品交易所最近合约收盘价,国内,棕榈油(大连期结算),2021-04-28,8203.17
04,27,元/吨,8187.18,2021,大连商品交易所最近合约收盘价,国内,棕榈油(大连期结算),2021-04-27,8187.18
04,26,元/吨,8295.17,2021,大连商品交易所最近合约收盘价,国内,棕榈油(大连期结算),2021-04-26,8295.17
04,23,元/吨,8351.16,2021,大连商品交易所最近合约收盘价,国内,棕榈油(大连期结算),2021-04-23,8351.16
04,22,元/吨,8209.17,2021,大连商品交易所最近合约收盘价,国内,棕榈油(大连期结算),2021-04-22,8209.17
04,21,元/吨,8065.19,2021,大连商品交易所最近合约收盘价,国内,棕榈油(大连期结算),2021-04-21,8065.19
04,20,元/吨,7835.21,2021,大连商品交易所最近合约收盘价,国内,棕榈油(大连期结算),2021-04-20,7835.21
04,19,元/吨,7825.21,2021,大连商品交易所最近合约收盘价,国内,棕榈油(大连期结算),2021-04-19,7825.21
04,16,元/吨,7753.22,2021,大连商品交易所最近合约收盘价,国内,棕榈油(大连期结算),2021-04-16,7753.22
04,15,元/吨,7601.23,2021,大连商品交易所最近合约收盘价,国内,棕榈油(大连期结算),2021-04-15,7601.23
04,14,元/吨,7751.22,2021,大连商品交易所最近合约收盘价,国内,棕榈油(大连期结算),2021-04-14,7751.22
04,13,元/吨,7751.22,2021,大连商品交易所最近合约收盘价,国内,棕榈油(大连期结算),2021-04-13,7751.22
04,12,元/吨,7751.22,2021,大连商品交易所最近合约收盘价,国内,棕榈油(大连期结算),2021-04-12,7751.22
04,09,元/吨,7751.22,2021,大连商品交易所最近合约收盘价,国内,棕榈油(大连期结算),2021-04-09,7751.22
04,08,元/吨,7751.22,2021,大连商品交易所最近合约收盘价,国内,棕榈油(大连期结算),2021-04-08,7751.22
04,07,元/吨,7751.22,2021,大连商品交易所最近合约收盘价,国内,棕榈油(大连期结算),2021-04-07,7751.22
04,06,元/吨,7751.22,2021,大连商品交易所最近合约收盘价,国内,棕榈油(大连期结算),2021-04-06,7751.22
04,05,元/吨,7751.22,2021,大连商品交易所最近合约收盘价,国内,棕榈油(大连期结算),2021-04-05,7751.22
04,02,元/吨,7751.22,2021,大连商品交易所最近合约收盘价,国内,棕榈油(大连期结算),2021-04-02,7751.22
04,01,元/吨,7751.22,2021,大连商品交易所最近合约收盘价,国内,棕榈油(大连期结算),2021-04-01,7751.22
03,31,元/吨,7751.22,2021,大连商品交易所最近合约收盘价,国内,棕榈油(大连期结算),2021-03-31,7751.22
03,30,元/吨,7781.22,2021,大连商品交易所最近合约收盘价,国内,棕榈油(大连期结算),2021-03-30,7781.22
03,29,元/吨,7781.22,2021,大连商品交易所最近合约收盘价,国内,棕榈油(大连期结算),2021-03-29,7781.22
03,26,元/吨,8053.19,2021,大连商品交易所最近合约收盘价,国内,棕榈油(大连期结算),2021-03-26,8053.19
03,25,元/吨,8227.17,2021,大连商品交易所最近合约收盘价,国内,棕榈油(大连期结算),2021-03-25,8227.17
03,24,元/吨,8301.16,2021,大连商品交易所最近合约收盘价,国内,棕榈油(大连期结算),2021-03-24,8301.16
03,23,元/吨,8287.17,2021,大连商品交易所最近合约收盘价,国内,棕榈油(大连期结算),2021-03-23,8287.17
03,22,元/吨,7983.20,2021,大连商品交易所最近合约收盘价,国内,棕榈油(大连期结算),2021-03-22,7983.2
03,19,元/吨,8015.19,2021,大连商品交易所最近合约收盘价,国内,棕榈油(大连期结算),2021-03-19,8015.19
03,18,元/吨,8083.19,2021,大连商品交易所最近合约收盘价,国内,棕榈油(大连期结算),2021-03-18,8083.19
03,17,元/吨,8107.18,2021,大连商品交易所最近合约收盘价,国内,棕榈油(大连期结算),2021-03-17,8107.18
03,16,元/吨,8303.16,2021,大连商品交易所最近合约收盘价,国内,棕榈油(大连期结算),2021-03-16,8303.16
03,15,元/吨,8251.17,2021,大连商品交易所最近合约收盘价,国内,棕榈油(大连期结算),2021-03-15,8251.17
03,12,元/吨,8293.17,2021,大连商品交易所最近合约收盘价,国内,棕榈油(大连期结算),2021-03-12,8293.17
03,11,元/吨,8141.18,2021,大连商品交易所最近合约收盘价,国内,棕榈油(大连期结算),2021-03-11,8141.18
03,10,元/吨,8141.18,2021,大连商品交易所最近合约收盘价,国内,棕榈油(大连期结算),2021-03-10,8141.18
03,09,元/吨,8119.18,2021,大连商品交易所最近合约收盘价,国内,棕榈油(大连期结算),2021-03-09,8119.18
03,08,元/吨,8267.17,2021,大连商品交易所最近合约收盘价,国内,棕榈油(大连期结算),2021-03-08,8267.17
03,05,元/吨,7879.21,2021,大连商品交易所最近合约收盘价,国内,棕榈油(大连期结算),2021-03-05,7879.21
03,04,元/吨,7867.21,2021,大连商品交易所最近合约收盘价,国内,棕榈油(大连期结算),2021-03-04,7867.21
03,03,元/吨,7859.21,2021,大连商品交易所最近合约收盘价,国内,棕榈油(大连期结算),2021-03-03,7859.21
03,02,元/吨,7953.20,2021,大连商品交易所最近合约收盘价,国内,棕榈油(大连期结算),2021-03-02,7953.2
03,01,元/吨,7981.20,2021,大连商品交易所最近合约收盘价,国内,棕榈油(大连期结算),2021-03-01,7981.2
02,26,元/吨,7981.20,2021,大连商品交易所最近合约收盘价,国内,棕榈油(大连期结算),2021-02-26,7981.2
02,25,元/吨,8015.19,2021,大连商品交易所最近合约收盘价,国内,棕榈油(大连期结算),2021-02-25,8015.19
02,24,元/吨,7955.20,2021,大连商品交易所最近合约收盘价,国内,棕榈油(大连期结算),2021-02-24,7955.2
02,23,元/吨,7741.22,2021,大连商品交易所最近合约收盘价,国内,棕榈油(大连期结算),2021-02-23,7741.22
02,22,元/吨,7723.22,2021,大连商品交易所最近合约收盘价,国内,棕榈油(大连期结算),2021-02-22,7723.22
02,19,元/吨,7595.24,2021,大连商品交易所最近合约收盘价,国内,棕榈油(大连期结算),2021-02-19,7595.24
02,18,元/吨,7345.26,2021,大连商品交易所最近合约收盘价,国内,棕榈油(大连期结算),2021-02-18,7345.26
02,17,元/吨,7345.26,2021,大连商品交易所最近合约收盘价,国内,棕榈油(大连期结算),2021-02-17,7345.26
02,16,元/吨,7345.26,2021,大连商品交易所最近合约收盘价,国内,棕榈油(大连期结算),2021-02-16,7345.26
02,15,元/吨,7345.26,2021,大连商品交易所最近合约收盘价,国内,棕榈油(大连期结算),2021-02-15,7345.26
02,12,元/吨,7345.26,2021,大连商品交易所最近合约收盘价,国内,棕榈油(大连期结算),2021-02-12,7345.26
02,11,元/吨,7345.26,2021,大连商品交易所最近合约收盘价,国内,棕榈油(大连期结算),2021-02-11,7345.26
02,10,元/吨,7345.26,2021,大连商品交易所最近合约收盘价,国内,棕榈油(大连期结算),2021-02-10,7345.26
02,09,元/吨,7345.26,2021,大连商品交易所最近合约收盘价,国内,棕榈油(大连期结算),2021-02-09,7345.26
02,08,元/吨,7249.27,2021,大连商品交易所最近合约收盘价,国内,棕榈油(大连期结算),2021-02-08,7249.27
02,05,元/吨,7149.28,2021,大连商品交易所最近合约收盘价,国内,棕榈油(大连期结算),2021-02-05,7149.28
02,04,元/吨,7149.28,2021,大连商品交易所最近合约收盘价,国内,棕榈油(大连期结算),2021-02-04,7149.28
02,03,元/吨,7149.28,2021,大连商品交易所最近合约收盘价,国内,棕榈油(大连期结算),2021-02-03,7149.28
02,02,元/吨,7267.27,2021,大连商品交易所最近合约收盘价,国内,棕榈油(大连期结算),2021-02-02,7267.27
02,01,元/吨,7299.27,2021,大连商品交易所最近合约收盘价,国内,棕榈油(大连期结算),2021-02-01,7299.27
01,29,元/吨,7161.28,2021,大连商品交易所最近合约收盘价,国内,棕榈油(大连期结算),2021-01-29,7161.28
01,28,元/吨,7145.28,2021,大连商品交易所最近合约收盘价,国内,棕榈油(大连期结算),2021-01-28,7145.28
01,27,元/吨,7045.29,2021,大连商品交易所最近合约收盘价,国内,棕榈油(大连期结算),2021-01-27,7045.29
01,26,元/吨,6991.30,2021,大连商品交易所最近合约收盘价,国内,棕榈油(大连期结算),2021-01-26,6991.3
01,25,元/吨,6941.30,2021,大连商品交易所最近合约收盘价,国内,棕榈油(大连期结算),2021-01-25,6941.3
01,22,元/吨,6963.30,2021,大连商品交易所最近合约收盘价,国内,棕榈油(大连期结算),2021-01-22,6963.3
01,21,元/吨,6999.3,2021,大连商品交易所最近合约收盘价,国内,棕榈油(大连期结算),2021-01-21,6999.3
01,20,元/吨,7103.28,2021,大连商品交易所最近合约收盘价,国内,棕榈油(大连期结算),2021-01-20,7103.28
01,19,元/吨,7243.27,2021,大连商品交易所最近合约收盘价,国内,棕榈油(大连期结算),2021-01-19,7243.27
01,18,元/吨,7229.27,2021,大连商品交易所最近合约收盘价,国内,棕榈油(大连期结算),2021-01-18,7229.27
01,15,元/吨,7265.27,2021,大连商品交易所最近合约收盘价,国内,棕榈油(大连期结算),2021-01-15,7265.27
01,14,元/吨,7217.27,2021,大连商品交易所最近合约收盘价,国内,棕榈油(大连期结算),2021-01-14,7217.27
01,13,元/吨,7399.26,2021,大连商品交易所最近合约收盘价,国内,棕榈油(大连期结算),2021-01-13,7399.26
01,12,元/吨,7729.22,2021,大连商品交易所最近合约收盘价,国内,棕榈油(大连期结算),2021-01-12,7729.22
01,11,元/吨,7779.22,2021,大连商品交易所最近合约收盘价,国内,棕榈油(大连期结算),2021-01-11,7779.22
01,08,元/吨,7449.25,2021,大连商品交易所最近合约收盘价,国内,棕榈油(大连期结算),2021-01-08,7449.25
01,07,元/吨,7453.25,2021,大连商品交易所最近合约收盘价,国内,棕榈油(大连期结算),2021-01-07,7453.25
01,06,元/吨,7349.26,2021,大连商品交易所最近合约收盘价,国内,棕榈油(大连期结算),2021-01-06,7349.26
01,05,元/吨,7324,2021,大连商品交易所最近合约收盘价,国内,棕榈油(大连期结算),2021-01-05,7324.0
01,04,元/吨,7442,2021,大连商品交易所最近合约收盘价,国内,棕榈油(大连期结算),2021-01-04,7442.0
12,31,元/吨,7306,2020,大连商品交易所最近合约收盘价,国内,棕榈油(大连期结算),2020-12-31,7306.0
12,30,元/吨,7280,2020,大连商品交易所最近合约收盘价,国内,棕榈油(大连期结算),2020-12-30,7280.0
12,29,元/吨,7212,2020,大连商品交易所最近合约收盘价,国内,棕榈油(大连期结算),2020-12-29,7212.0
12,28,元/吨,7312,2020,大连商品交易所最近合约收盘价,国内,棕榈油(大连期结算),2020-12-28,7312.0
12,25,元/吨,7386,2020,大连商品交易所最近合约收盘价,国内,棕榈油(大连期结算),2020-12-25,7386.0
12,24,元/吨,7250,2020,大连商品交易所最近合约收盘价,国内,棕榈油(大连期结算),2020-12-24,7250.0
12,23,元/吨,6966,2020,大连商品交易所最近合约收盘价,国内,棕榈油(大连期结算),2020-12-23,6966.0
12,22,元/吨,6986,2020,大连商品交易所最近合约收盘价,国内,棕榈油(大连期结算),2020-12-22,6986.0
12,21,元/吨,7072,2020,大连商品交易所最近合约收盘价,国内,棕榈油(大连期结算),2020-12-21,7072.0
12,18,元/吨,7020,2020,大连商品交易所最近合约收盘价,国内,棕榈油(大连期结算),2020-12-18,7020.0
12,17,元/吨,6996,2020,大连商品交易所最近合约收盘价,国内,棕榈油(大连期结算),2020-12-17,6996.0
12,16,元/吨,6972,2020,大连商品交易所最近合约收盘价,国内,棕榈油(大连期结算),2020-12-16,6972.0
12,15,元/吨,6932,2020,大连商品交易所最近合约收盘价,国内,棕榈油(大连期结算),2020-12-15,6932.0
12,14,元/吨,6870,2020,大连商品交易所最近合约收盘价,国内,棕榈油(大连期结算),2020-12-14,6870.0
12,11,元/吨,6684,2020,大连商品交易所最近合约收盘价,国内,棕榈油(大连期结算),2020-12-11,6684.0
12,10,元/吨,6588,2020,大连商品交易所最近合约收盘价,国内,棕榈油(大连期结算),2020-12-10,6588.0
12,09,元/吨,6588,2020,大连商品交易所最近合约收盘价,国内,棕榈油(大连期结算),2020-12-09,6588.0
12,08,元/吨,6588,2020,大连商品交易所最近合约收盘价,国内,棕榈油(大连期结算),2020-12-08,6588.0
12,07,元/吨,6588,2020,大连商品交易所最近合约收盘价,国内,棕榈油(大连期结算),2020-12-07,6588.0
12,04,元/吨,6388,2020,大连商品交易所最近合约收盘价,国内,棕榈油(大连期结算),2020-12-04,6388.0
12,03,元/吨,6388,2020,大连商品交易所最近合约收盘价,国内,棕榈油(大连期结算),2020-12-03,6388.0
12,02,元/吨,6590,2020,大连商品交易所最近合约收盘价,国内,棕榈油(大连期结算),2020-12-02,6590.0
12,01,元/吨,6558,2020,大连商品交易所最近合约收盘价,国内,棕榈油(大连期结算),2020-12-01,6558.0
11,30,元/吨,6564,2020,大连商品交易所最近合约收盘价,国内,棕榈油(大连期结算),2020-11-30,6564.0
11,27,元/吨,6646,2020,大连商品交易所最近合约收盘价,国内,棕榈油(大连期结算),2020-11-27,6646.0
11,26,元/吨,6656,2020,大连商品交易所最近合约收盘价,国内,棕榈油(大连期结算),2020-11-26,6656.0
11,25,元/吨,6656,2020,大连商品交易所最近合约收盘价,国内,棕榈油(大连期结算),2020-11-25,6656.0
11,24,元/吨,6564,2020,大连商品交易所最近合约收盘价,国内,棕榈油(大连期结算),2020-11-24,6564.0
11,23,元/吨,6646,2020,大连商品交易所最近合约收盘价,国内,棕榈油(大连期结算),2020-11-23,6646.0
11,20,元/吨,6880,2020,大连商品交易所最近合约收盘价,国内,棕榈油(大连期结算),2020-11-20,6880.0
11,19,元/吨,6908,2020,大连商品交易所最近合约收盘价,国内,棕榈油(大连期结算),2020-11-19,6908.0
11,18,元/吨,6786,2020,大连商品交易所最近合约收盘价,国内,棕榈油(大连期结算),2020-11-18,6786.0
11,17,元/吨,6754,2020,大连商品交易所最近合约收盘价,国内,棕榈油(大连期结算),2020-11-17,6754.0
11,16,元/吨,6656,2020,大连商品交易所最近合约收盘价,国内,棕榈油(大连期结算),2020-11-16,6656.0
11,13,元/吨,6624,2020,大连商品交易所最近合约收盘价,国内,棕榈油(大连期结算),2020-11-13,6624.0
11,12,元/吨,7100,2020,大连商品交易所最近合约收盘价,国内,棕榈油(大连期结算),2020-11-12,7100.0
11,11,元/吨,7100,2020,大连商品交易所最近合约收盘价,国内,棕榈油(大连期结算),2020-11-11,7100.0
11,10,元/吨,7100,2020,大连商品交易所最近合约收盘价,国内,棕榈油(大连期结算),2020-11-10,7100.0
11,09,元/吨,7100,2020,大连商品交易所最近合约收盘价,国内,棕榈油(大连期结算),2020-11-09,7100.0
11,06,元/吨,7100,2020,大连商品交易所最近合约收盘价,国内,棕榈油(大连期结算),2020-11-06,7100.0
11,05,元/吨,7100,2020,大连商品交易所最近合约收盘价,国内,棕榈油(大连期结算),2020-11-05,7100.0
11,04,元/吨,7100,2020,大连商品交易所最近合约收盘价,国内,棕榈油(大连期结算),2020-11-04,7100.0
11,03,元/吨,7100,2020,大连商品交易所最近合约收盘价,国内,棕榈油(大连期结算),2020-11-03,7100.0
11,02,元/吨,7100,2020,大连商品交易所最近合约收盘价,国内,棕榈油(大连期结算),2020-11-02,7100.0
10,30,元/吨,6872,2020,大连商品交易所最近合约收盘价,国内,棕榈油(大连期结算),2020-10-30,6872.0
10,29,元/吨,6616,2020,大连商品交易所最近合约收盘价,国内,棕榈油(大连期结算),2020-10-29,6616.0
10,28,元/吨,6482,2020,大连商品交易所最近合约收盘价,国内,棕榈油(大连期结算),2020-10-28,6482.0
10,27,元/吨,6470,2020,大连商品交易所最近合约收盘价,国内,棕榈油(大连期结算),2020-10-27,6470.0
10,26,元/吨,6476,2020,大连商品交易所最近合约收盘价,国内,棕榈油(大连期结算),2020-10-26,6476.0
10,23,元/吨,6484,2020,大连商品交易所最近合约收盘价,国内,棕榈油(大连期结算),2020-10-23,6484.0
10,22,元/吨,6412,2020,大连商品交易所最近合约收盘价,国内,棕榈油(大连期结算),2020-10-22,6412.0
10,21,元/吨,6308,2020,大连商品交易所最近合约收盘价,国内,棕榈油(大连期结算),2020-10-21,6308.0
10,20,元/吨,6308,2020,大连商品交易所最近合约收盘价,国内,棕榈油(大连期结算),2020-10-20,6308.0
10,19,元/吨,6308,2020,大连商品交易所最近合约收盘价,国内,棕榈油(大连期结算),2020-10-19,6308.0
10,16,元/吨,6308,2020,大连商品交易所最近合约收盘价,国内,棕榈油(大连期结算),2020-10-16,6308.0
10,15,元/吨,6308,2020,大连商品交易所最近合约收盘价,国内,棕榈油(大连期结算),2020-10-15,6308.0
10,14,元/吨,6308,2020,大连商品交易所最近合约收盘价,国内,棕榈油(大连期结算),2020-10-14,6308.0
10,13,元/吨,6308,2020,大连商品交易所最近合约收盘价,国内,棕榈油(大连期结算),2020-10-13,6308.0
10,12,元/吨,6308,2020,大连商品交易所最近合约收盘价,国内,棕榈油(大连期结算),2020-10-12,6308.0
10,09,元/吨,6308,2020,大连商品交易所最近合约收盘价,国内,棕榈油(大连期结算),2020-10-09,6308.0
10,08,元/吨,6308,2020,大连商品交易所最近合约收盘价,国内,棕榈油(大连期结算),2020-10-08,6308.0
10,07,元/吨,6308,2020,大连商品交易所最近合约收盘价,国内,棕榈油(大连期结算),2020-10-07,6308.0
10,06,元/吨,6308,2020,大连商品交易所最近合约收盘价,国内,棕榈油(大连期结算),2020-10-06,6308.0
10,05,元/吨,6308,2020,大连商品交易所最近合约收盘价,国内,棕榈油(大连期结算),2020-10-05,6308.0
10,02,元/吨,6308,2020,大连商品交易所最近合约收盘价,国内,棕榈油(大连期结算),2020-10-02,6308.0
10,01,元/吨,6308,2020,大连商品交易所最近合约收盘价,国内,棕榈油(大连期结算),2020-10-01,6308.0
09,30,元/吨,6308,2020,大连商品交易所最近合约收盘价,国内,棕榈油(大连期结算),2020-09-30,6308.0
09,29,元/吨,6466,2020,大连商品交易所最近合约收盘价,国内,棕榈油(大连期结算),2020-09-29,6466.0
09,28,元/吨,6362,2020,大连商品交易所最近合约收盘价,国内,棕榈油(大连期结算),2020-09-28,6362.0
09,25,元/吨,6332,2020,大连商品交易所最近合约收盘价,国内,棕榈油(大连期结算),2020-09-25,6332.0
09,24,元/吨,6348,2020,大连商品交易所最近合约收盘价,国内,棕榈油(大连期结算),2020-09-24,6348.0
09,23,元/吨,6452,2020,大连商品交易所最近合约收盘价,国内,棕榈油(大连期结算),2020-09-23,6452.0
09,22,元/吨,6580,2020,大连商品交易所最近合约收盘价,国内,棕榈油(大连期结算),2020-09-22,6580.0
09,21,元/吨,6686,2020,大连商品交易所最近合约收盘价,国内,棕榈油(大连期结算),2020-09-21,6686.0
09,18,元/吨,6560,2020,大连商品交易所最近合约收盘价,国内,棕榈油(大连期结算),2020-09-18,6560.0
09,17,元/吨,6468,2020,大连商品交易所最近合约收盘价,国内,棕榈油(大连期结算),2020-09-17,6468.0
09,16,元/吨,6334,2020,大连商品交易所最近合约收盘价,国内,棕榈油(大连期结算),2020-09-16,6334.0
09,15,元/吨,6264,2020,大连商品交易所最近合约收盘价,国内,棕榈油(大连期结算),2020-09-15,6264.0
09,14,元/吨,6174,2020,大连商品交易所最近合约收盘价,国内,棕榈油(大连期结算),2020-09-14,6174.0
09,11,元/吨,6488,2020,大连商品交易所最近合约收盘价,国内,棕榈油(大连期结算),2020-09-11,6488.0
09,10,元/吨,6488,2020,大连商品交易所最近合约收盘价,国内,棕榈油(大连期结算),2020-09-10,6488.0
09,09,元/吨,6488,2020,大连商品交易所最近合约收盘价,国内,棕榈油(大连期结算),2020-09-09,6488.0
09,08,元/吨,6512,2020,大连商品交易所最近合约收盘价,国内,棕榈油(大连期结算),2020-09-08,6512.0
09,07,元/吨,6200,2020,大连商品交易所最近合约收盘价,国内,棕榈油(大连期结算),2020-09-07,6200.0
09,04,元/吨,6300,2020,大连商品交易所最近合约收盘价,国内,棕榈油(大连期结算),2020-09-04,6300.0
09,03,元/吨,6370,2020,大连商品交易所最近合约收盘价,国内,棕榈油(大连期结算),2020-09-03,6370.0
09,02,元/吨,6190,2020,大连商品交易所最近合约收盘价,国内,棕榈油(大连期结算),2020-09-02,6190.0
09,01,元/吨,6196,2020,大连商品交易所最近合约收盘价,国内,棕榈油(大连期结算),2020-09-01,6196.0
08,31,元/吨,6134,2020,大连商品交易所最近合约收盘价,国内,棕榈油(大连期结算),2020-08-31,6134.0
08,28,元/吨,5986,2020,大连商品交易所最近合约收盘价,国内,棕榈油(大连期结算),2020-08-28,5986.0
08,27,元/吨,5864,2020,大连商品交易所最近合约收盘价,国内,棕榈油(大连期结算),2020-08-27,5864.0
08,26,元/吨,5818,2020,大连商品交易所最近合约收盘价,国内,棕榈油(大连期结算),2020-08-26,5818.0
08,25,元/吨,5866,2020,大连商品交易所最近合约收盘价,国内,棕榈油(大连期结算),2020-08-25,5866.0
08,24,元/吨,5850,2020,大连商品交易所最近合约收盘价,国内,棕榈油(大连期结算),2020-08-24,5850.0
08,21,元/吨,5832,2020,大连商品交易所最近合约收盘价,国内,棕榈油(大连期结算),2020-08-21,5832.0
08,20,元/吨,5924,2020,大连商品交易所最近合约收盘价,国内,棕榈油(大连期结算),2020-08-20,5924.0
08,19,元/吨,5948,2020,大连商品交易所最近合约收盘价,国内,棕榈油(大连期结算),2020-08-19,5948.0
08,18,元/吨,5914,2020,大连商品交易所最近合约收盘价,国内,棕榈油(大连期结算),2020-08-18,5914.0
08,17,元/吨,5892,2020,大连商品交易所最近合约收盘价,国内,棕榈油(大连期结算),2020-08-17,5892.0
08,14,元/吨,5824,2020,大连商品交易所最近合约收盘价,国内,棕榈油(大连期结算),2020-08-14,5824.0
08,13,元/吨,5748,2020,大连商品交易所最近合约收盘价,国内,棕榈油(大连期结算),2020-08-13,5748.0
08,12,元/吨,5748,2020,大连商品交易所最近合约收盘价,国内,棕榈油(大连期结算),2020-08-12,5748.0
08,11,元/吨,5748,2020,大连商品交易所最近合约收盘价,国内,棕榈油(大连期结算),2020-08-11,5748.0
08,10,元/吨,5748,2020,大连商品交易所最近合约收盘价,国内,棕榈油(大连期结算),2020-08-10,5748.0
08,07,元/吨,5748,2020,大连商品交易所最近合约收盘价,国内,棕榈油(大连期结算),2020-08-07,5748.0
08,06,元/吨,5748,2020,大连商品交易所最近合约收盘价,国内,棕榈油(大连期结算),2020-08-06,5748.0
08,05,元/吨,5748,2020,大连商品交易所最近合约收盘价,国内,棕榈油(大连期结算),2020-08-05,5748.0
08,04,元/吨,5748,2020,大连商品交易所最近合约收盘价,国内,棕榈油(大连期结算),2020-08-04,5748.0
08,03,元/吨,5748,2020,大连商品交易所最近合约收盘价,国内,棕榈油(大连期结算),2020-08-03,5748.0
07,31,元/吨,5748,2020,大连商品交易所最近合约收盘价,国内,棕榈油(大连期结算),2020-07-31,5748.0
07,30,元/吨,5904,2020,大连商品交易所最近合约收盘价,国内,棕榈油(大连期结算),2020-07-30,5904.0
07,29,元/吨,5894,2020,大连商品交易所最近合约收盘价,国内,棕榈油(大连期结算),2020-07-29,5894.0
07,28,元/吨,5912,2020,大连商品交易所最近合约收盘价,国内,棕榈油(大连期结算),2020-07-28,5912.0
07,27,元/吨,5912,2020,大连商品交易所最近合约收盘价,国内,棕榈油(大连期结算),2020-07-27,5912.0
07,24,元/吨,5850,2020,大连商品交易所最近合约收盘价,国内,棕榈油(大连期结算),2020-07-24,5850.0
07,23,元/吨,5876,2020,大连商品交易所最近合约收盘价,国内,棕榈油(大连期结算),2020-07-23,5876.0
07,22,元/吨,5876,2020,大连商品交易所最近合约收盘价,国内,棕榈油(大连期结算),2020-07-22,5876.0
07,21,元/吨,5876,2020,大连商品交易所最近合约收盘价,国内,棕榈油(大连期结算),2020-07-21,5876.0
07,20,元/吨,5876,2020,大连商品交易所最近合约收盘价,国内,棕榈油(大连期结算),2020-07-20,5876.0
07,17,元/吨,5840,2020,大连商品交易所最近合约收盘价,国内,棕榈油(大连期结算),2020-07-17,5840.0
07,16,元/吨,5620,2020,大连商品交易所最近合约收盘价,国内,棕榈油(大连期结算),2020-07-16,5620.0
07,15,元/吨,5584,2020,大连商品交易所最近合约收盘价,国内,棕榈油(大连期结算),2020-07-15,5584.0
07,14,元/吨,5274,2020,大连商品交易所最近合约收盘价,国内,棕榈油(大连期结算),2020-07-14,5274.0
07,13,元/吨,5162,2020,大连商品交易所最近合约收盘价,国内,棕榈油(大连期结算),2020-07-13,5162.0
07,10,元/吨,5162,2020,大连商品交易所最近合约收盘价,国内,棕榈油(大连期结算),2020-07-10,5162.0
07,09,元/吨,5162,2020,大连商品交易所最近合约收盘价,国内,棕榈油(大连期结算),2020-07-09,5162.0
07,08,元/吨,5162,2020,大连商品交易所最近合约收盘价,国内,棕榈油(大连期结算),2020-07-08,5162.0
07,07,元/吨,5162,2020,大连商品交易所最近合约收盘价,国内,棕榈油(大连期结算),2020-07-07,5162.0
07,06,元/吨,5162,2020,大连商品交易所最近合约收盘价,国内,棕榈油(大连期结算),2020-07-06,5162.0
07,03,元/吨,5162,2020,大连商品交易所最近合约收盘价,国内,棕榈油(大连期结算),2020-07-03,5162.0
07,02,元/吨,5162,2020,大连商品交易所最近合约收盘价,国内,棕榈油(大连期结算),2020-07-02,5162.0
07,01,元/吨,5162,2020,大连商品交易所最近合约收盘价,国内,棕榈油(大连期结算),2020-07-01,5162.0
06,30,元/吨,5162,2020,大连商品交易所最近合约收盘价,国内,棕榈油(大连期结算),2020-06-30,5162.0
06,29,元/吨,5162,2020,大连商品交易所最近合约收盘价,国内,棕榈油(大连期结算),2020-06-29,5162.0
06,26,元/吨,5184,2020,大连商品交易所最近合约收盘价,国内,棕榈油(大连期结算),2020-06-26,5184.0
06,25,元/吨,5184,2020,大连商品交易所最近合约收盘价,国内,棕榈油(大连期结算),2020-06-25,5184.0
06,24,元/吨,5184,2020,大连商品交易所最近合约收盘价,国内,棕榈油(大连期结算),2020-06-24,5184.0
06,23,元/吨,5150,2020,大连商品交易所最近合约收盘价,国内,棕榈油(大连期结算),2020-06-23,5150.0
06,22,元/吨,5202,2020,大连商品交易所最近合约收盘价,国内,棕榈油(大连期结算),2020-06-22,5202.0
06,19,元/吨,5264,2020,大连商品交易所最近合约收盘价,国内,棕榈油(大连期结算),2020-06-19,5264.0
06,18,元/吨,5154,2020,大连商品交易所最近合约收盘价,国内,棕榈油(大连期结算),2020-06-18,5154.0
06,17,元/吨,5154,2020,大连商品交易所最近合约收盘价,国内,棕榈油(大连期结算),2020-06-17,5154.0
06,16,元/吨,5154,2020,大连商品交易所最近合约收盘价,国内,棕榈油(大连期结算),2020-06-16,5154.0
06,15,元/吨,4928,2020,大连商品交易所最近合约收盘价,国内,棕榈油(大连期结算),2020-06-15,4928.0
06,12,元/吨,4928,2020,大连商品交易所最近合约收盘价,国内,棕榈油(大连期结算),2020-06-12,4928.0
06,11,元/吨,4770,2020,大连商品交易所最近合约收盘价,国内,棕榈油(大连期结算),2020-06-11,4770.0
06,09,元/吨,4770,2020,大连商品交易所最近合约收盘价,国内,棕榈油(大连期结算),2020-06-09,4770.0
06,08,元/吨,4770,2020,大连商品交易所最近合约收盘价,国内,棕榈油(大连期结算),2020-06-08,4770.0
06,05,元/吨,4770,2020,大连商品交易所最近合约收盘价,国内,棕榈油(大连期结算),2020-06-05,4770.0
06,04,元/吨,4770,2020,大连商品交易所最近合约收盘价,国内,棕榈油(大连期结算),2020-06-04,4770.0
06,03,元/吨,4770,2020,大连商品交易所最近合约收盘价,国内,棕榈油(大连期结算),2020-06-03,4770.0
06,02,元/吨,4770,2020,大连商品交易所最近合约收盘价,国内,棕榈油(大连期结算),2020-06-02,4770.0
06,01,元/吨,4770,2020,大连商品交易所最近合约收盘价,国内,棕榈油(大连期结算),2020-06-01,4770.0
05,29,元/吨,4770,2020,大连商品交易所最近合约收盘价,国内,棕榈油(大连期结算),2020-05-29,4770.0
05,28,元/吨,4770,2020,大连商品交易所最近合约收盘价,国内,棕榈油(大连期结算),2020-05-28,4770.0
05,27,元/吨,4770,2020,大连商品交易所最近合约收盘价,国内,棕榈油(大连期结算),2020-05-27,4770.0
05,26,元/吨,4762,2020,大连商品交易所最近合约收盘价,国内,棕榈油(大连期结算),2020-05-26,4762.0
05,25,元/吨,4700,2020,大连商品交易所最近合约收盘价,国内,棕榈油(大连期结算),2020-05-25,4700.0
05,22,元/吨,4684,2020,大连商品交易所最近合约收盘价,国内,棕榈油(大连期结算),2020-05-22,4684.0
05,21,元/吨,4668,2020,大连商品交易所最近合约收盘价,国内,棕榈油(大连期结算),2020-05-21,4668.0
05,20,元/吨,4718,2020,大连商品交易所最近合约收盘价,国内,棕榈油(大连期结算),2020-05-20,4718.0
05,19,元/吨,4740,2020,大连商品交易所最近合约收盘价,国内,棕榈油(大连期结算),2020-05-19,4740.0
05,18,元/吨,4616,2020,大连商品交易所最近合约收盘价,国内,棕榈油(大连期结算),2020-05-18,4616.0
05,15,元/吨,4536,2020,大连商品交易所最近合约收盘价,国内,棕榈油(大连期结算),2020-05-15,4536.0
05,14,元/吨,4402,2020,大连商品交易所最近合约收盘价,国内,棕榈油(大连期结算),2020-05-14,4402.0
05,13,元/吨,4398,2020,大连商品交易所最近合约收盘价,国内,棕榈油(大连期结算),2020-05-13,4398.0
05,12,元/吨,4406,2020,大连商品交易所最近合约收盘价,国内,棕榈油(大连期结算),2020-05-12,4406.0
05,11,元/吨,4530,2020,大连商品交易所最近合约收盘价,国内,棕榈油(大连期结算),2020-05-11,4530.0
05,08,元/吨,4464,2020,大连商品交易所最近合约收盘价,国内,棕榈油(大连期结算),2020-05-08,4464.0
05,07,元/吨,4414,2020,大连商品交易所最近合约收盘价,国内,棕榈油(大连期结算),2020-05-07,4414.0
05,06,元/吨,4430,2020,大连商品交易所最近合约收盘价,国内,棕榈油(大连期结算),2020-05-06,4430.0
05,05,元/吨,4510,2020,大连商品交易所最近合约收盘价,国内,棕榈油(大连期结算),2020-05-05,4510.0
05,04,元/吨,4510,2020,大连商品交易所最近合约收盘价,国内,棕榈油(大连期结算),2020-05-04,4510.0
05,01,元/吨,4510,2020,大连商品交易所最近合约收盘价,国内,棕榈油(大连期结算),2020-05-01,4510.0
04,30,元/吨,4510,2020,大连商品交易所最近合约收盘价,国内,棕榈油(大连期结算),2020-04-30,4510.0
04,29,元/吨,4546,2020,大连商品交易所最近合约收盘价,国内,棕榈油(大连期结算),2020-04-29,4546.0
04,28,元/吨,4552,2020,大连商品交易所最近合约收盘价,国内,棕榈油(大连期结算),2020-04-28,4552.0
04,27,元/吨,4578,2020,大连商品交易所最近合约收盘价,国内,棕榈油(大连期结算),2020-04-27,4578.0
04,24,元/吨,4698,2020,大连商品交易所最近合约收盘价,国内,棕榈油(大连期结算),2020-04-24,4698.0
04,23,元/吨,4672,2020,大连商品交易所最近合约收盘价,国内,棕榈油(大连期结算),2020-04-23,4672.0
04,22,元/吨,4682,2020,大连商品交易所最近合约收盘价,国内,棕榈油(大连期结算),2020-04-22,4682.0
04,21,元/吨,4752,2020,大连商品交易所最近合约收盘价,国内,棕榈油(大连期结算),2020-04-21,4752.0
04,20,元/吨,4914,2020,大连商品交易所最近合约收盘价,国内,棕榈油(大连期结算),2020-04-20,4914.0
04,17,元/吨,4834,2020,大连商品交易所最近合约收盘价,国内,棕榈油(大连期结算),2020-04-17,4834.0
04,16,元/吨,4882,2020,大连商品交易所最近合约收盘价,国内,棕榈油(大连期结算),2020-04-16,4882.0
04,15,元/吨,4870,2020,大连商品交易所最近合约收盘价,国内,棕榈油(大连期结算),2020-04-15,4870.0
04,14,元/吨,4598,2020,大连商品交易所最近合约收盘价,国内,棕榈油(大连期结算),2020-04-14,4598.0
04,13,元/吨,4598,2020,大连商品交易所最近合约收盘价,国内,棕榈油(大连期结算),2020-04-13,4598.0
04,10,元/吨,4598,2020,大连商品交易所最近合约收盘价,国内,棕榈油(大连期结算),2020-04-10,4598.0
04,09,元/吨,4598,2020,大连商品交易所最近合约收盘价,国内,棕榈油(大连期结算),2020-04-09,4598.0
04,08,元/吨,4598,2020,大连商品交易所最近合约收盘价,国内,棕榈油(大连期结算),2020-04-08,4598.0
04,07,元/吨,4598,2020,大连商品交易所最近合约收盘价,国内,棕榈油(大连期结算),2020-04-07,4598.0
04,06,元/吨,4598,2020,大连商品交易所最近合约收盘价,国内,棕榈油(大连期结算),2020-04-06,4598.0
04,03,元/吨,4598,2020,大连商品交易所最近合约收盘价,国内,棕榈油(大连期结算),2020-04-03,4598.0
04,02,元/吨,4598,2020,大连商品交易所最近合约收盘价,国内,棕榈油(大连期结算),2020-04-02,4598.0
04,01,元/吨,4598,2020,大连商品交易所最近合约收盘价,国内,棕榈油(大连期结算),2020-04-01,4598.0
03,31,元/吨,4598,2020,大连商品交易所最近合约收盘价,国内,棕榈油(大连期结算),2020-03-31,4598.0
03,30,元/吨,4598,2020,大连商品交易所最近合约收盘价,国内,棕榈油(大连期结算),2020-03-30,4598.0
03,27,元/吨,4598,2020,大连商品交易所最近合约收盘价,国内,棕榈油(大连期结算),2020-03-27,4598.0
03,26,元/吨,4740,2020,大连商品交易所最近合约收盘价,国内,棕榈油(大连期结算),2020-03-26,4740.0
03,25,元/吨,4740,2020,大连商品交易所最近合约收盘价,国内,棕榈油(大连期结算),2020-03-25,4740.0
03,24,元/吨,4732,2020,大连商品交易所最近合约收盘价,国内,棕榈油(大连期结算),2020-03-24,4732.0
03,23,元/吨,4732,2020,大连商品交易所最近合约收盘价,国内,棕榈油(大连期结算),2020-03-23,4732.0
03,20,元/吨,4826,2020,大连商品交易所最近合约收盘价,国内,棕榈油(大连期结算),2020-03-20,4826.0
03,19,元/吨,4998,2020,大连商品交易所最近合约收盘价,国内,棕榈油(大连期结算),2020-03-19,4998.0
03,18,元/吨,4864,2020,大连商品交易所最近合约收盘价,国内,棕榈油(大连期结算),2020-03-18,4864.0
03,17,元/吨,4680,2020,大连商品交易所最近合约收盘价,国内,棕榈油(大连期结算),2020-03-17,4680.0
03,16,元/吨,4766,2020,大连商品交易所最近合约收盘价,国内,棕榈油(大连期结算),2020-03-16,4766.0
03,13,元/吨,4782,2020,大连商品交易所最近合约收盘价,国内,棕榈油(大连期结算),2020-03-13,4782.0
03,12,元/吨,4764,2020,大连商品交易所最近合约收盘价,国内,棕榈油(大连期结算),2020-03-12,4764.0
03,11,元/吨,4764,2020,大连商品交易所最近合约收盘价,国内,棕榈油(大连期结算),2020-03-11,4764.0
03,10,元/吨,4764,2020,大连商品交易所最近合约收盘价,国内,棕榈油(大连期结算),2020-03-10,4764.0
03,09,元/吨,4764,2020,大连商品交易所最近合约收盘价,国内,棕榈油(大连期结算),2020-03-09,4764.0
03,06,元/吨,5042,2020,大连商品交易所最近合约收盘价,国内,棕榈油(大连期结算),2020-03-06,5042.0
03,05,元/吨,5042,2020,大连商品交易所最近合约收盘价,国内,棕榈油(大连期结算),2020-03-05,5042.0
03,04,元/吨,4758,2020,大连商品交易所最近合约收盘价,国内,棕榈油(大连期结算),2020-03-04,4758.0
03,03,元/吨,5060,2020,大连商品交易所最近合约收盘价,国内,棕榈油(大连期结算),2020-03-03,5060.0
03,02,元/吨,5060,2020,大连商品交易所最近合约收盘价,国内,棕榈油(大连期结算),2020-03-02,5060.0
02,28,元/吨,5060,2020,大连商品交易所最近合约收盘价,国内,棕榈油(大连期结算),2020-02-28,5060.0
02,27,元/吨,5294,2020,大连商品交易所最近合约收盘价,国内,棕榈油(大连期结算),2020-02-27,5294.0
02,26,元/吨,5286,2020,大连商品交易所最近合约收盘价,国内,棕榈油(大连期结算),2020-02-26,5286.0
02,25,元/吨,5368,2020,大连商品交易所最近合约收盘价,国内,棕榈油(大连期结算),2020-02-25,5368.0
02,24,元/吨,5464,2020,大连商品交易所最近合约收盘价,国内,棕榈油(大连期结算),2020-02-24,5464.0
02,21,元/吨,5498,2020,大连商品交易所最近合约收盘价,国内,棕榈油(大连期结算),2020-02-21,5498.0
02,20,元/吨,5488,2020,大连商品交易所最近合约收盘价,国内,棕榈油(大连期结算),2020-02-20,5488.0
02,19,元/吨,5574,2020,大连商品交易所最近合约收盘价,国内,棕榈油(大连期结算),2020-02-19,5574.0
02,18,元/吨,5798,2020,大连商品交易所最近合约收盘价,国内,棕榈油(大连期结算),2020-02-18,5798.0
02,17,元/吨,5914,2020,大连商品交易所最近合约收盘价,国内,棕榈油(大连期结算),2020-02-17,5914.0
02,14,元/吨,5888,2020,大连商品交易所最近合约收盘价,国内,棕榈油(大连期结算),2020-02-14,5888.0
02,13,元/吨,6168,2020,大连商品交易所最近合约收盘价,国内,棕榈油(大连期结算),2020-02-13,6168.0
02,12,元/吨,6168,2020,大连商品交易所最近合约收盘价,国内,棕榈油(大连期结算),2020-02-12,6168.0
02,11,元/吨,6168,2020,大连商品交易所最近合约收盘价,国内,棕榈油(大连期结算),2020-02-11,6168.0
02,10,元/吨,6168,2020,大连商品交易所最近合约收盘价,国内,棕榈油(大连期结算),2020-02-10,6168.0
02,07,元/吨,6168,2020,大连商品交易所最近合约收盘价,国内,棕榈油(大连期结算),2020-02-07,6168.0
02,06,元/吨,6168,2020,大连商品交易所最近合约收盘价,国内,棕榈油(大连期结算),2020-02-06,6168.0
02,05,元/吨,6168,2020,大连商品交易所最近合约收盘价,国内,棕榈油(大连期结算),2020-02-05,6168.0
02,04,元/吨,5896,2020,大连商品交易所最近合约收盘价,国内,棕榈油(大连期结算),2020-02-04,5896.0
02,03,元/吨,6188,2020,大连商品交易所最近合约收盘价,国内,棕榈油(大连期结算),2020-02-03,6188.0
01,31,元/吨,6650,2020,大连商品交易所最近合约收盘价,国内,棕榈油(大连期结算),2020-01-31,6650.0
01,30,元/吨,6650,2020,大连商品交易所最近合约收盘价,国内,棕榈油(大连期结算),2020-01-30,6650.0
01,29,元/吨,6650,2020,大连商品交易所最近合约收盘价,国内,棕榈油(大连期结算),2020-01-29,6650.0
01,28,元/吨,6650,2020,大连商品交易所最近合约收盘价,国内,棕榈油(大连期结算),2020-01-28,6650.0
01,27,元/吨,6650,2020,大连商品交易所最近合约收盘价,国内,棕榈油(大连期结算),2020-01-27,6650.0
01,24,元/吨,6650,2020,大连商品交易所最近合约收盘价,国内,棕榈油(大连期结算),2020-01-24,6650.0
01,23,元/吨,6650,2020,大连商品交易所最近合约收盘价,国内,棕榈油(大连期结算),2020-01-23,6650.0
01,22,元/吨,6534,2020,大连商品交易所最近合约收盘价,国内,棕榈油(大连期结算),2020-01-22,6534.0
01,21,元/吨,6504,2020,大连商品交易所最近合约收盘价,国内,棕榈油(大连期结算),2020-01-21,6504.0
01,20,元/吨,6498,2020,大连商品交易所最近合约收盘价,国内,棕榈油(大连期结算),2020-01-20,6498.0
01,17,元/吨,6496,2020,大连商品交易所最近合约收盘价,国内,棕榈油(大连期结算),2020-01-17,6496.0
01,16,元/吨,6524,2020,大连商品交易所最近合约收盘价,国内,棕榈油(大连期结算),2020-01-16,6524.0
01,15,元/吨,6540,2020,大连商品交易所最近合约收盘价,国内,棕榈油(大连期结算),2020-01-15,6540.0
01,14,元/吨,6506,2020,大连商品交易所最近合约收盘价,国内,棕榈油(大连期结算),2020-01-14,6506.0
01,13,元/吨,6576,2020,大连商品交易所最近合约收盘价,国内,棕榈油(大连期结算),2020-01-13,6576.0
01,10,元/吨,6518,2020,大连商品交易所最近合约收盘价,国内,棕榈油(大连期结算),2020-01-10,6518.0
01,09,元/吨,6426,2020,大连商品交易所最近合约收盘价,国内,棕榈油(大连期结算),2020-01-09,6426.0
01,08,元/吨,6344,2020,大连商品交易所最近合约收盘价,国内,棕榈油(大连期结算),2020-01-08,6344.0
01,07,元/吨,6418,2020,大连商品交易所最近合约收盘价,国内,棕榈油(大连期结算),2020-01-07,6418.0
01,06,元/吨,6418,2020,大连商品交易所最近合约收盘价,国内,棕榈油(大连期结算),2020-01-06,6418.0
01,03,元/吨,6444,2020,大连商品交易所最近合约收盘价,国内,棕榈油(大连期结算),2020-01-03,6444.0
01,02,元/吨,6482,2020,大连商品交易所最近合约收盘价,国内,棕榈油(大连期结算),2020-01-02,6482.0
